FREQ;Frequency;BASE_CUR;Base Currency;QUOTE_CUR;Quote Currency;TENOR;Tenor;DECIMALS;CALCULATED;UNIT_MULT;Unit Multiplier;COLLECTION;Collection Indicator;TIME_PERIOD;OBS_VALUE
B;Business;USD;US dollar;NOK;Norwegian krone;SP;Spot;4;false;0;Units;C;ECB concertation time 14:15 CET;2018-01-02;8.1018
B;Business;USD;US dollar;NOK;Norwegian krone;SP;Spot;4;false;0;Units;C;ECB concertation time 14:15 CET;2018-01-03;8.1045
B;Business;USD;US dollar;NOK;Norwegian krone;SP;Spot;4;false;0;Units;C;ECB concertation time 14:15 CET;2018-01-04;8.0941
B;Business;USD;US dollar;NOK;Norwegian krone;SP;Spot;4;false;0;Units;C;ECB concertation time 14:15 CET;2018-01-05;8.0878
B;Business;USD;US dollar;NOK;Norwegian krone;SP;Spot;4;false;0;Units;C;ECB concertation time 14:15 CET;2018-01-08;8.0834
B;Business;USD;US dollar;NOK;Norwegian krone;SP;Spot;4;false;0;Units;C;ECB concertation time 14:15 CET;2018-01-09;8.1055
B;Business;USD;US dollar;NOK;Norwegian krone;SP;Spot;4;false;0;Units;C;ECB concertation time 14:15 CET;2018-01-10;8.0427
B;Business;USD;US dollar;NOK;Norwegian krone;SP;Spot;4;false;0;Units;C;ECB concertation time 14:15 CET;2018-01-11;8.0498
B;Business;USD;US dollar;NOK;Norwegian krone;SP;Spot;4;false;0;Units;C;ECB concertation time 14:15 CET;2018-01-12;7.9583
B;Business;USD;US dollar;NOK;Norwegian krone;SP;Spot;4;false;0;Units;C;ECB concertation time 14:15 CET;2018-01-15;7.8772
B;Business;USD;US dollar;NOK;Norwegian krone;SP;Spot;4;false;0;Units;C;ECB concertation time 14:15 CET;2018-01-16;7.8747
B;Business;USD;US dollar;NOK;Norwegian krone;SP;Spot;4;false;0;Units;C;ECB concertation time 14:15 CET;2018-01-17;7.8849
B;Business;USD;US dollar;NOK;Norwegian krone;SP;Spot;4;false;0;Units;C;ECB concertation time 14:15 CET;2018-01-18;7.8474
B;Business;USD;US dollar;NOK;Norwegian krone;SP;Spot;4;false;0;Units;C;ECB concertation time 14:15 CET;2018-01-19;7.8534
B;Business;USD;US dollar;NOK;Norwegian krone;SP;Spot;4;false;0;Units;C;ECB concertation time 14:15 CET;2018-01-22;7.862
B;Business;USD;US dollar;NOK;Norwegian krone;SP;Spot;4;false;0;Units;C;ECB concertation time 14:15 CET;2018-01-23;7.8684
B;Business;USD;US dollar;NOK;Norwegian krone;SP;Spot;4;false;0;Units;C;ECB concertation time 14:15 CET;2018-01-24;7.7943
B;Business;USD;US dollar;NOK;Norwegian krone;SP;Spot;4;false;0;Units;C;ECB concertation time 14:15 CET;2018-01-25;7.7261
B;Business;USD;US dollar;NOK;Norwegian krone;SP;Spot;4;false;0;Units;C;ECB concertation time 14:15 CET;2018-01-26;7.6918
B;Business;USD;US dollar;NOK;Norwegian krone;SP;Spot;4;false;0;Units;C;ECB concertation time 14:15 CET;2018-01-29;7.7186
B;Business;USD;US dollar;NOK;Norwegian krone;SP;Spot;4;false;0;Units;C;ECB concertation time 14:15 CET;2018-01-30;7.6989
B;Business;USD;US dollar;NOK;Norwegian krone;SP;Spot;4;false;0;Units;C;ECB concertation time 14:15 CET;2018-01-31;7.676
B;Business;USD;US dollar;NOK;Norwegian krone;SP;Spot;4;false;0;Units;C;ECB concertation time 14:15 CET;2018-02-01;7.6816
B;Business;USD;US dollar;NOK;Norwegian krone;SP;Spot;4;false;0;Units;C;ECB concertation time 14:15 CET;2018-02-02;7.6579
B;Business;USD;US dollar;NOK;Norwegian krone;SP;Spot;4;false;0;Units;C;ECB concertation time 14:15 CET;2018-02-05;7.7257
B;Business;USD;US dollar;NOK;Norwegian krone;SP;Spot;4;false;0;Units;C;ECB concertation time 14:15 CET;2018-02-06;7.868
B;Business;USD;US dollar;NOK;Norwegian krone;SP;Spot;4;false;0;Units;C;ECB concertation time 14:15 CET;2018-02-07;7.8309
B;Business;USD;US dollar;NOK;Norwegian krone;SP;Spot;4;false;0;Units;C;ECB concertation time 14:15 CET;2018-02-08;7.9056
B;Business;USD;US dollar;NOK;Norwegian krone;SP;Spot;4;false;0;Units;C;ECB concertation time 14:15 CET;2018-02-09;7.9836
B;Business;USD;US dollar;NOK;Norwegian krone;SP;Spot;4;false;0;Units;C;ECB concertation time 14:15 CET;2018-02-12;7.9487
B;Business;USD;US dollar;NOK;Norwegian krone;SP;Spot;4;false;0;Units;C;ECB concertation time 14:15 CET;2018-02-13;7.899
B;Business;USD;US dollar;NOK;Norwegian krone;SP;Spot;4;false;0;Units;C;ECB concertation time 14:15 CET;2018-02-14;7.8675
B;Business;USD;US dollar;NOK;Norwegian krone;SP;Spot;4;false;0;Units;C;ECB concertation time 14:15 CET;2018-02-15;7.7924
B;Business;USD;US dollar;NOK;Norwegian krone;SP;Spot;4;false;0;Units;C;ECB concertation time 14:15 CET;2018-02-16;7.7672
B;Business;USD;US dollar;NOK;Norwegian krone;SP;Spot;4;false;0;Units;C;ECB concertation time 14:15 CET;2018-02-19;7.782
B;Business;USD;US dollar;NOK;Norwegian krone;SP;Spot;4;false;0;Units;C;ECB concertation time 14:15 CET;2018-02-20;7.8349
B;Business;USD;US dollar;NOK;Norwegian krone;SP;Spot;4;false;0;Units;C;ECB concertation time 14:15 CET;2018-02-21;7.8314
B;Business;USD;US dollar;NOK;Norwegian krone;SP;Spot;4;false;0;Units;C;ECB concertation time 14:15 CET;2018-02-22;7.8929
B;Business;USD;US dollar;NOK;Norwegian krone;SP;Spot;4;false;0;Units;C;ECB concertation time 14:15 CET;2018-02-23;7.8681
B;Business;USD;US dollar;NOK;Norwegian krone;SP;Spot;4;false;0;Units;C;ECB concertation time 14:15 CET;2018-02-26;7.8168
B;Business;USD;US dollar;NOK;Norwegian krone;SP;Spot;4;false;0;Units;C;ECB concertation time 14:15 CET;2018-02-27;7.8278
B;Business;USD;US dollar;NOK;Norwegian krone;SP;Spot;4;false;0;Units;C;ECB concertation time 14:15 CET;2018-02-28;7.8724
B;Business;USD;US dollar;NOK;Norwegian krone;SP;Spot;4;false;0;Units;C;ECB concertation time 14:15 CET;2018-03-01;7.9369
B;Business;USD;US dollar;NOK;Norwegian krone;SP;Spot;4;false;0;Units;C;ECB concertation time 14:15 CET;2018-03-02;7.8117
B;Business;USD;US dollar;NOK;Norwegian krone;SP;Spot;4;false;0;Units;C;ECB concertation time 14:15 CET;2018-03-05;7.8277
B;Business;USD;US dollar;NOK;Norwegian krone;SP;Spot;4;false;0;Units;C;ECB concertation time 14:15 CET;2018-03-06;7.7455
B;Business;USD;US dollar;NOK;Norwegian krone;SP;Spot;4;false;0;Units;C;ECB concertation time 14:15 CET;2018-03-07;7.7938
B;Business;USD;US dollar;NOK;Norwegian krone;SP;Spot;4;false;0;Units;C;ECB concertation time 14:15 CET;2018-03-08;7.8202
B;Business;USD;US dollar;NOK;Norwegian krone;SP;Spot;4;false;0;Units;C;ECB concertation time 14:15 CET;2018-03-09;7.8064
B;Business;USD;US dollar;NOK;Norwegian krone;SP;Spot;4;false;0;Units;C;ECB concertation time 14:15 CET;2018-03-12;7.7748
B;Business;USD;US dollar;NOK;Norwegian krone;SP;Spot;4;false;0;Units;C;ECB concertation time 14:15 CET;2018-03-13;7.7402
B;Business;USD;US dollar;NOK;Norwegian krone;SP;Spot;4;false;0;Units;C;ECB concertation time 14:15 CET;2018-03-14;7.7393
B;Business;USD;US dollar;NOK;Norwegian krone;SP;Spot;4;false;0;Units;C;ECB concertation time 14:15 CET;2018-03-15;7.7042
B;Business;USD;US dollar;NOK;Norwegian krone;SP;Spot;4;false;0;Units;C;ECB concertation time 14:15 CET;2018-03-16;7.7156
B;Business;USD;US dollar;NOK;Norwegian krone;SP;Spot;4;false;0;Units;C;ECB concertation time 14:15 CET;2018-03-19;7.7346
B;Business;USD;US dollar;NOK;Norwegian krone;SP;Spot;4;false;0;Units;C;ECB concertation time 14:15 CET;2018-03-20;7.7275
B;Business;USD;US dollar;NOK;Norwegian krone;SP;Spot;4;false;0;Units;C;ECB concertation time 14:15 CET;2018-03-21;7.7347
B;Business;USD;US dollar;NOK;Norwegian krone;SP;Spot;4;false;0;Units;C;ECB concertation time 14:15 CET;2018-03-22;7.7386
B;Business;USD;US dollar;NOK;Norwegian krone;SP;Spot;4;false;0;Units;C;ECB concertation time 14:15 CET;2018-03-23;7.7527
B;Business;USD;US dollar;NOK;Norwegian krone;SP;Spot;4;false;0;Units;C;ECB concertation time 14:15 CET;2018-03-26;7.7039
B;Business;USD;US dollar;NOK;Norwegian krone;SP;Spot;4;false;0;Units;C;ECB concertation time 14:15 CET;2018-03-27;7.7249
B;Business;USD;US dollar;NOK;Norwegian krone;SP;Spot;4;false;0;Units;C;ECB concertation time 14:15 CET;2018-03-28;7.7773
B;Business;USD;US dollar;NOK;Norwegian krone;SP;Spot;4;false;0;Units;C;ECB concertation time 14:15 CET;2018-04-03;7.8273
B;Business;USD;US dollar;NOK;Norwegian krone;SP;Spot;4;false;0;Units;C;ECB concertation time 14:15 CET;2018-04-04;7.8482
B;Business;USD;US dollar;NOK;Norwegian krone;SP;Spot;4;false;0;Units;C;ECB concertation time 14:15 CET;2018-04-05;7.8201
B;Business;USD;US dollar;NOK;Norwegian krone;SP;Spot;4;false;0;Units;C;ECB concertation time 14:15 CET;2018-04-06;7.8355
B;Business;USD;US dollar;NOK;Norwegian krone;SP;Spot;4;false;0;Units;C;ECB concertation time 14:15 CET;2018-04-09;7.7928
B;Business;USD;US dollar;NOK;Norwegian krone;SP;Spot;4;false;0;Units;C;ECB concertation time 14:15 CET;2018-04-10;7.8044
B;Business;USD;US dollar;NOK;Norwegian krone;SP;Spot;4;false;0;Units;C;ECB concertation time 14:15 CET;2018-04-11;7.7691
B;Business;USD;US dollar;NOK;Norwegian krone;SP;Spot;4;false;0;Units;C;ECB concertation time 14:15 CET;2018-04-12;7.7881
B;Business;USD;US dollar;NOK;Norwegian krone;SP;Spot;4;false;0;Units;C;ECB concertation time 14:15 CET;2018-04-13;7.7651
B;Business;USD;US dollar;NOK;Norwegian krone;SP;Spot;4;false;0;Units;C;ECB concertation time 14:15 CET;2018-04-16;7.7567
B;Business;USD;US dollar;NOK;Norwegian krone;SP;Spot;4;false;0;Units;C;ECB concertation time 14:15 CET;2018-04-17;7.7673
B;Business;USD;US dollar;NOK;Norwegian krone;SP;Spot;4;false;0;Units;C;ECB concertation time 14:15 CET;2018-04-18;7.7571
B;Business;USD;US dollar;NOK;Norwegian krone;SP;Spot;4;false;0;Units;C;ECB concertation time 14:15 CET;2018-04-19;7.7391
B;Business;USD;US dollar;NOK;Norwegian krone;SP;Spot;4;false;0;Units;C;ECB concertation time 14:15 CET;2018-04-20;7.8032
B;Business;USD;US dollar;NOK;Norwegian krone;SP;Spot;4;false;0;Units;C;ECB concertation time 14:15 CET;2018-04-23;7.8655
B;Business;USD;US dollar;NOK;Norwegian krone;SP;Spot;4;false;0;Units;C;ECB concertation time 14:15 CET;2018-04-24;7.8842
B;Business;USD;US dollar;NOK;Norwegian krone;SP;Spot;4;false;0;Units;C;ECB concertation time 14:15 CET;2018-04-25;7.9647
B;Business;USD;US dollar;NOK;Norwegian krone;SP;Spot;4;false;0;Units;C;ECB concertation time 14:15 CET;2018-04-26;7.95
B;Business;USD;US dollar;NOK;Norwegian krone;SP;Spot;4;false;0;Units;C;ECB concertation time 14:15 CET;2018-04-27;8.0025
B;Business;USD;US dollar;NOK;Norwegian krone;SP;Spot;4;false;0;Units;C;ECB concertation time 14:15 CET;2018-04-30;7.999
B;Business;USD;US dollar;NOK;Norwegian krone;SP;Spot;4;false;0;Units;C;ECB concertation time 14:15 CET;2018-05-02;8.0751
B;Business;USD;US dollar;NOK;Norwegian krone;SP;Spot;4;false;0;Units;C;ECB concertation time 14:15 CET;2018-05-03;8.0441
B;Business;USD;US dollar;NOK;Norwegian krone;SP;Spot;4;false;0;Units;C;ECB concertation time 14:15 CET;2018-05-04;8.0575
B;Business;USD;US dollar;NOK;Norwegian krone;SP;Spot;4;false;0;Units;C;ECB concertation time 14:15 CET;2018-05-07;8.0818
B;Business;USD;US dollar;NOK;Norwegian krone;SP;Spot;4;false;0;Units;C;ECB concertation time 14:15 CET;2018-05-08;8.1072
B;Business;USD;US dollar;NOK;Norwegian krone;SP;Spot;4;false;0;Units;C;ECB concertation time 14:15 CET;2018-05-09;8.0853
B;Business;USD;US dollar;NOK;Norwegian krone;SP;Spot;4;false;0;Units;C;ECB concertation time 14:15 CET;2018-05-11;7.9961
B;Business;USD;US dollar;NOK;Norwegian krone;SP;Spot;4;false;0;Units;C;ECB concertation time 14:15 CET;2018-05-14;7.9791
B;Business;USD;US dollar;NOK;Norwegian krone;SP;Spot;4;false;0;Units;C;ECB concertation time 14:15 CET;2018-05-15;8.0512
B;Business;USD;US dollar;NOK;Norwegian krone;SP;Spot;4;false;0;Units;C;ECB concertation time 14:15 CET;2018-05-16;8.1225
B;Business;USD;US dollar;NOK;Norwegian krone;SP;Spot;4;false;0;Units;C;ECB concertation time 14:15 CET;2018-05-18;8.1294
B;Business;USD;US dollar;NOK;Norwegian krone;SP;Spot;4;false;0;Units;C;ECB concertation time 14:15 CET;2018-05-22;8.0465
B;Business;USD;US dollar;NOK;Norwegian krone;SP;Spot;4;false;0;Units;C;ECB concertation time 14:15 CET;2018-05-23;8.1195
B;Business;USD;US dollar;NOK;Norwegian krone;SP;Spot;4;false;0;Units;C;ECB concertation time 14:15 CET;2018-05-24;8.0841
B;Business;USD;US dollar;NOK;Norwegian krone;SP;Spot;4;false;0;Units;C;ECB concertation time 14:15 CET;2018-05-25;8.1275
B;Business;USD;US dollar;NOK;Norwegian krone;SP;Spot;4;false;0;Units;C;ECB concertation time 14:15 CET;2018-05-28;8.1684
B;Business;USD;US dollar;NOK;Norwegian krone;SP;Spot;4;false;0;Units;C;ECB concertation time 14:15 CET;2018-05-29;8.2729
B;Business;USD;US dollar;NOK;Norwegian krone;SP;Spot;4;false;0;Units;C;ECB concertation time 14:15 CET;2018-05-30;8.2069
B;Business;USD;US dollar;NOK;Norwegian krone;SP;Spot;4;false;0;Units;C;ECB concertation time 14:15 CET;2018-05-31;8.1524
B;Business;USD;US dollar;NOK;Norwegian krone;SP;Spot;4;false;0;Units;C;ECB concertation time 14:15 CET;2018-06-01;8.1689
B;Business;USD;US dollar;NOK;Norwegian krone;SP;Spot;4;false;0;Units;C;ECB concertation time 14:15 CET;2018-06-04;8.0966
B;Business;USD;US dollar;NOK;Norwegian krone;SP;Spot;4;false;0;Units;C;ECB concertation time 14:15 CET;2018-06-05;8.1377
B;Business;USD;US dollar;NOK;Norwegian krone;SP;Spot;4;false;0;Units;C;ECB concertation time 14:15 CET;2018-06-06;8.095
B;Business;USD;US dollar;NOK;Norwegian krone;SP;Spot;4;false;0;Units;C;ECB concertation time 14:15 CET;2018-06-07;8.0275
B;Business;USD;US dollar;NOK;Norwegian krone;SP;Spot;4;false;0;Units;C;ECB concertation time 14:15 CET;2018-06-08;8.0896
B;Business;USD;US dollar;NOK;Norwegian krone;SP;Spot;4;false;0;Units;C;ECB concertation time 14:15 CET;2018-06-11;8.0588
B;Business;USD;US dollar;NOK;Norwegian krone;SP;Spot;4;false;0;Units;C;ECB concertation time 14:15 CET;2018-06-12;8.0111
B;Business;USD;US dollar;NOK;Norwegian krone;SP;Spot;4;false;0;Units;C;ECB concertation time 14:15 CET;2018-06-13;8.0222
B;Business;USD;US dollar;NOK;Norwegian krone;SP;Spot;4;false;0;Units;C;ECB concertation time 14:15 CET;2018-06-14;8.0365
B;Business;USD;US dollar;NOK;Norwegian krone;SP;Spot;4;false;0;Units;C;ECB concertation time 14:15 CET;2018-06-15;8.1338
B;Business;USD;US dollar;NOK;Norwegian krone;SP;Spot;4;false;0;Units;C;ECB concertation time 14:15 CET;2018-06-18;8.1237
B;Business;USD;US dollar;NOK;Norwegian krone;SP;Spot;4;false;0;Units;C;ECB concertation time 14:15 CET;2018-06-19;8.2274
B;Business;USD;US dollar;NOK;Norwegian krone;SP;Spot;4;false;0;Units;C;ECB concertation time 14:15 CET;2018-06-20;8.1787
B;Business;USD;US dollar;NOK;Norwegian krone;SP;Spot;4;false;0;Units;C;ECB concertation time 14:15 CET;2018-06-21;8.1689
B;Business;USD;US dollar;NOK;Norwegian krone;SP;Spot;4;false;0;Units;C;ECB concertation time 14:15 CET;2018-06-22;8.0982
B;Business;USD;US dollar;NOK;Norwegian krone;SP;Spot;4;false;0;Units;C;ECB concertation time 14:15 CET;2018-06-25;8.0943
B;Business;USD;US dollar;NOK;Norwegian krone;SP;Spot;4;false;0;Units;C;ECB concertation time 14:15 CET;2018-06-26;8.115
B;Business;USD;US dollar;NOK;Norwegian krone;SP;Spot;4;false;0;Units;C;ECB concertation time 14:15 CET;2018-06-27;8.1599
B;Business;USD;US dollar;NOK;Norwegian krone;SP;Spot;4;false;0;Units;C;ECB concertation time 14:15 CET;2018-06-28;8.1792
B;Business;USD;US dollar;NOK;Norwegian krone;SP;Spot;4;false;0;Units;C;ECB concertation time 14:15 CET;2018-06-29;8.1588
B;Business;USD;US dollar;NOK;Norwegian krone;SP;Spot;4;false;0;Units;C;ECB concertation time 14:15 CET;2018-07-02;8.1635
B;Business;USD;US dollar;NOK;Norwegian krone;SP;Spot;4;false;0;Units;C;ECB concertation time 14:15 CET;2018-07-03;8.1144
B;Business;USD;US dollar;NOK;Norwegian krone;SP;Spot;4;false;0;Units;C;ECB concertation time 14:15 CET;2018-07-04;8.1114
B;Business;USD;US dollar;NOK;Norwegian krone;SP;Spot;4;false;0;Units;C;ECB concertation time 14:15 CET;2018-07-05;8.063
B;Business;USD;US dollar;NOK;Norwegian krone;SP;Spot;4;false;0;Units;C;ECB concertation time 14:15 CET;2018-07-06;8.054
B;Business;USD;US dollar;NOK;Norwegian krone;SP;Spot;4;false;0;Units;C;ECB concertation time 14:15 CET;2018-07-09;7.992
B;Business;USD;US dollar;NOK;Norwegian krone;SP;Spot;4;false;0;Units;C;ECB concertation time 14:15 CET;2018-07-10;8.0377
B;Business;USD;US dollar;NOK;Norwegian krone;SP;Spot;4;false;0;Units;C;ECB concertation time 14:15 CET;2018-07-11;8.0493
B;Business;USD;US dollar;NOK;Norwegian krone;SP;Spot;4;false;0;Units;C;ECB concertation time 14:15 CET;2018-07-12;8.1011
B;Business;USD;US dollar;NOK;Norwegian krone;SP;Spot;4;false;0;Units;C;ECB concertation time 14:15 CET;2018-07-13;8.1448
B;Business;USD;US dollar;NOK;Norwegian krone;SP;Spot;4;false;0;Units;C;ECB concertation time 14:15 CET;2018-07-16;8.0879
B;Business;USD;US dollar;NOK;Norwegian krone;SP;Spot;4;false;0;Units;C;ECB concertation time 14:15 CET;2018-07-17;8.1041
B;Business;USD;US dollar;NOK;Norwegian krone;SP;Spot;4;false;0;Units;C;ECB concertation time 14:15 CET;2018-07-18;8.1839
B;Business;USD;US dollar;NOK;Norwegian krone;SP;Spot;4;false;0;Units;C;ECB concertation time 14:15 CET;2018-07-19;8.264
B;Business;USD;US dollar;NOK;Norwegian krone;SP;Spot;4;false;0;Units;C;ECB concertation time 14:15 CET;2018-07-20;8.2181
B;Business;USD;US dollar;NOK;Norwegian krone;SP;Spot;4;false;0;Units;C;ECB concertation time 14:15 CET;2018-07-23;8.1541
B;Business;USD;US dollar;NOK;Norwegian krone;SP;Spot;4;false;0;Units;C;ECB concertation time 14:15 CET;2018-07-24;8.1672
B;Business;USD;US dollar;NOK;Norwegian krone;SP;Spot;4;false;0;Units;C;ECB concertation time 14:15 CET;2018-07-25;8.1681
B;Business;USD;US dollar;NOK;Norwegian krone;SP;Spot;4;false;0;Units;C;ECB concertation time 14:15 CET;2018-07-26;8.1474
B;Business;USD;US dollar;NOK;Norwegian krone;SP;Spot;4;false;0;Units;C;ECB concertation time 14:15 CET;2018-07-27;8.2028
B;Business;USD;US dollar;NOK;Norwegian krone;SP;Spot;4;false;0;Units;C;ECB concertation time 14:15 CET;2018-07-30;8.1556
B;Business;USD;US dollar;NOK;Norwegian krone;SP;Spot;4;false;0;Units;C;ECB concertation time 14:15 CET;2018-07-31;8.1236
B;Business;USD;US dollar;NOK;Norwegian krone;SP;Spot;4;false;0;Units;C;ECB concertation time 14:15 CET;2018-08-01;8.1549
B;Business;USD;US dollar;NOK;Norwegian krone;SP;Spot;4;false;0;Units;C;ECB concertation time 14:15 CET;2018-08-02;8.2173
B;Business;USD;US dollar;NOK;Norwegian krone;SP;Spot;4;false;0;Units;C;ECB concertation time 14:15 CET;2018-08-03;8.2335
B;Business;USD;US dollar;NOK;Norwegian krone;SP;Spot;4;false;0;Units;C;ECB concertation time 14:15 CET;2018-08-06;8.2583
B;Business;USD;US dollar;NOK;Norwegian krone;SP;Spot;4;false;0;Units;C;ECB concertation time 14:15 CET;2018-08-07;8.1885
B;Business;USD;US dollar;NOK;Norwegian krone;SP;Spot;4;false;0;Units;C;ECB concertation time 14:15 CET;2018-08-08;8.2236
B;Business;USD;US dollar;NOK;Norwegian krone;SP;Spot;4;false;0;Units;C;ECB concertation time 14:15 CET;2018-08-09;8.2328
B;Business;USD;US dollar;NOK;Norwegian krone;SP;Spot;4;false;0;Units;C;ECB concertation time 14:15 CET;2018-08-10;8.3214
B;Business;USD;US dollar;NOK;Norwegian krone;SP;Spot;4;false;0;Units;C;ECB concertation time 14:15 CET;2018-08-13;8.357
B;Business;USD;US dollar;NOK;Norwegian krone;SP;Spot;4;false;0;Units;C;ECB concertation time 14:15 CET;2018-08-14;8.3531
B;Business;USD;US dollar;NOK;Norwegian krone;SP;Spot;4;false;0;Units;C;ECB concertation time 14:15 CET;2018-08-15;8.4364
B;Business;USD;US dollar;NOK;Norwegian krone;SP;Spot;4;false;0;Units;C;ECB concertation time 14:15 CET;2018-08-16;8.4547
B;Business;USD;US dollar;NOK;Norwegian krone;SP;Spot;4;false;0;Units;C;ECB concertation time 14:15 CET;2018-08-17;8.4975
B;Business;USD;US dollar;NOK;Norwegian krone;SP;Spot;4;false;0;Units;C;ECB concertation time 14:15 CET;2018-08-20;8.4694
B;Business;USD;US dollar;NOK;Norwegian krone;SP;Spot;4;false;0;Units;C;ECB concertation time 14:15 CET;2018-08-21;8.4377
B;Business;USD;US dollar;NOK;Norwegian krone;SP;Spot;4;false;0;Units;C;ECB concertation time 14:15 CET;2018-08-22;8.334
B;Business;USD;US dollar;NOK;Norwegian krone;SP;Spot;4;false;0;Units;C;ECB concertation time 14:15 CET;2018-08-23;8.3326
B;Business;USD;US dollar;NOK;Norwegian krone;SP;Spot;4;false;0;Units;C;ECB concertation time 14:15 CET;2018-08-24;8.3654
B;Business;USD;US dollar;NOK;Norwegian krone;SP;Spot;4;false;0;Units;C;ECB concertation time 14:15 CET;2018-08-27;8.3373
B;Business;USD;US dollar;NOK;Norwegian krone;SP;Spot;4;false;0;Units;C;ECB concertation time 14:15 CET;2018-08-28;8.3043
B;Business;USD;US dollar;NOK;Norwegian krone;SP;Spot;4;false;0;Units;C;ECB concertation time 14:15 CET;2018-08-29;8.3598
B;Business;USD;US dollar;NOK;Norwegian krone;SP;Spot;4;false;0;Units;C;ECB concertation time 14:15 CET;2018-08-30;8.3134
B;Business;USD;US dollar;NOK;Norwegian krone;SP;Spot;4;false;0;Units;C;ECB concertation time 14:15 CET;2018-08-31;8.3382
B;Business;USD;US dollar;NOK;Norwegian krone;SP;Spot;4;false;0;Units;C;ECB concertation time 14:15 CET;2018-09-03;8.3573
B;Business;USD;US dollar;NOK;Norwegian krone;SP;Spot;4;false;0;Units;C;ECB concertation time 14:15 CET;2018-09-04;8.4043
B;Business;USD;US dollar;NOK;Norwegian krone;SP;Spot;4;false;0;Units;C;ECB concertation time 14:15 CET;2018-09-05;8.4169
B;Business;USD;US dollar;NOK;Norwegian krone;SP;Spot;4;false;0;Units;C;ECB concertation time 14:15 CET;2018-09-06;8.403
B;Business;USD;US dollar;NOK;Norwegian krone;SP;Spot;4;false;0;Units;C;ECB concertation time 14:15 CET;2018-09-07;8.4154
B;Business;USD;US dollar;NOK;Norwegian krone;SP;Spot;4;false;0;Units;C;ECB concertation time 14:15 CET;2018-09-10;8.3856
B;Business;USD;US dollar;NOK;Norwegian krone;SP;Spot;4;false;0;Units;C;ECB concertation time 14:15 CET;2018-09-11;8.3627
B;Business;USD;US dollar;NOK;Norwegian krone;SP;Spot;4;false;0;Units;C;ECB concertation time 14:15 CET;2018-09-12;8.3149
B;Business;USD;US dollar;NOK;Norwegian krone;SP;Spot;4;false;0;Units;C;ECB concertation time 14:15 CET;2018-09-13;8.2384
B;Business;USD;US dollar;NOK;Norwegian krone;SP;Spot;4;false;0;Units;C;ECB concertation time 14:15 CET;2018-09-14;8.2338
B;Business;USD;US dollar;NOK;Norwegian krone;SP;Spot;4;false;0;Units;C;ECB concertation time 14:15 CET;2018-09-17;8.193
B;Business;USD;US dollar;NOK;Norwegian krone;SP;Spot;4;false;0;Units;C;ECB concertation time 14:15 CET;2018-09-18;8.1622
B;Business;USD;US dollar;NOK;Norwegian krone;SP;Spot;4;false;0;Units;C;ECB concertation time 14:15 CET;2018-09-19;8.1829
B;Business;USD;US dollar;NOK;Norwegian krone;SP;Spot;4;false;0;Units;C;ECB concertation time 14:15 CET;2018-09-20;8.1473
B;Business;USD;US dollar;NOK;Norwegian krone;SP;Spot;4;false;0;Units;C;ECB concertation time 14:15 CET;2018-09-21;8.1464
B;Business;USD;US dollar;NOK;Norwegian krone;SP;Spot;4;false;0;Units;C;ECB concertation time 14:15 CET;2018-09-24;8.1282
B;Business;USD;US dollar;NOK;Norwegian krone;SP;Spot;4;false;0;Units;C;ECB concertation time 14:15 CET;2018-09-25;8.1271
B;Business;USD;US dollar;NOK;Norwegian krone;SP;Spot;4;false;0;Units;C;ECB concertation time 14:15 CET;2018-09-26;8.1337
B;Business;USD;US dollar;NOK;Norwegian krone;SP;Spot;4;false;0;Units;C;ECB concertation time 14:15 CET;2018-09-27;8.1161
B;Business;USD;US dollar;NOK;Norwegian krone;SP;Spot;4;false;0;Units;C;ECB concertation time 14:15 CET;2018-09-28;8.1777
B;Business;USD;US dollar;NOK;Norwegian krone;SP;Spot;4;false;0;Units;C;ECB concertation time 14:15 CET;2018-10-01;8.1393
B;Business;USD;US dollar;NOK;Norwegian krone;SP;Spot;4;false;0;Units;C;ECB concertation time 14:15 CET;2018-10-02;8.1775
B;Business;USD;US dollar;NOK;Norwegian krone;SP;Spot;4;false;0;Units;C;ECB concertation time 14:15 CET;2018-10-03;8.1783
B;Business;USD;US dollar;NOK;Norwegian krone;SP;Spot;4;false;0;Units;C;ECB concertation time 14:15 CET;2018-10-04;8.2284
B;Business;USD;US dollar;NOK;Norwegian krone;SP;Spot;4;false;0;Units;C;ECB concertation time 14:15 CET;2018-10-05;8.2681
B;Business;USD;US dollar;NOK;Norwegian krone;SP;Spot;4;false;0;Units;C;ECB concertation time 14:15 CET;2018-10-08;8.2839
B;Business;USD;US dollar;NOK;Norwegian krone;SP;Spot;4;false;0;Units;C;ECB concertation time 14:15 CET;2018-10-09;8.3004
B;Business;USD;US dollar;NOK;Norwegian krone;SP;Spot;4;false;0;Units;C;ECB concertation time 14:15 CET;2018-10-10;8.2146
B;Business;USD;US dollar;NOK;Norwegian krone;SP;Spot;4;false;0;Units;C;ECB concertation time 14:15 CET;2018-10-11;8.2128
B;Business;USD;US dollar;NOK;Norwegian krone;SP;Spot;4;false;0;Units;C;ECB concertation time 14:15 CET;2018-10-12;8.18
B;Business;USD;US dollar;NOK;Norwegian krone;SP;Spot;4;false;0;Units;C;ECB concertation time 14:15 CET;2018-10-15;8.1684
B;Business;USD;US dollar;NOK;Norwegian krone;SP;Spot;4;false;0;Units;C;ECB concertation time 14:15 CET;2018-10-16;8.1296
B;Business;USD;US dollar;NOK;Norwegian krone;SP;Spot;4;false;0;Units;C;ECB concertation time 14:15 CET;2018-10-17;8.1781
B;Business;USD;US dollar;NOK;Norwegian krone;SP;Spot;4;false;0;Units;C;ECB concertation time 14:15 CET;2018-10-18;8.2223
B;Business;USD;US dollar;NOK;Norwegian krone;SP;Spot;4;false;0;Units;C;ECB concertation time 14:15 CET;2018-10-19;8.2405
B;Business;USD;US dollar;NOK;Norwegian krone;SP;Spot;4;false;0;Units;C;ECB concertation time 14:15 CET;2018-10-22;8.238
B;Business;USD;US dollar;NOK;Norwegian krone;SP;Spot;4;false;0;Units;C;ECB concertation time 14:15 CET;2018-10-23;8.2813
B;Business;USD;US dollar;NOK;Norwegian krone;SP;Spot;4;false;0;Units;C;ECB concertation time 14:15 CET;2018-10-24;8.3298
B;Business;USD;US dollar;NOK;Norwegian krone;SP;Spot;4;false;0;Units;C;ECB concertation time 14:15 CET;2018-10-25;8.3127
B;Business;USD;US dollar;NOK;Norwegian krone;SP;Spot;4;false;0;Units;C;ECB concertation time 14:15 CET;2018-10-26;8.3878
B;Business;USD;US dollar;NOK;Norwegian krone;SP;Spot;4;false;0;Units;C;ECB concertation time 14:15 CET;2018-10-29;8.3587
B;Business;USD;US dollar;NOK;Norwegian krone;SP;Spot;4;false;0;Units;C;ECB concertation time 14:15 CET;2018-10-30;8.3921
B;Business;USD;US dollar;NOK;Norwegian krone;SP;Spot;4;false;0;Units;C;ECB concertation time 14:15 CET;2018-10-31;8.4404
B;Business;USD;US dollar;NOK;Norwegian krone;SP;Spot;4;false;0;Units;C;ECB concertation time 14:15 CET;2018-11-01;8.3516
B;Business;USD;US dollar;NOK;Norwegian krone;SP;Spot;4;false;0;Units;C;ECB concertation time 14:15 CET;2018-11-02;8.3335
B;Business;USD;US dollar;NOK;Norwegian krone;SP;Spot;4;false;0;Units;C;ECB concertation time 14:15 CET;2018-11-05;8.3764
B;Business;USD;US dollar;NOK;Norwegian krone;SP;Spot;4;false;0;Units;C;ECB concertation time 14:15 CET;2018-11-06;8.3521
B;Business;USD;US dollar;NOK;Norwegian krone;SP;Spot;4;false;0;Units;C;ECB concertation time 14:15 CET;2018-11-07;8.2988
B;Business;USD;US dollar;NOK;Norwegian krone;SP;Spot;4;false;0;Units;C;ECB concertation time 14:15 CET;2018-11-08;8.3227
B;Business;USD;US dollar;NOK;Norwegian krone;SP;Spot;4;false;0;Units;C;ECB concertation time 14:15 CET;2018-11-09;8.4098
B;Business;USD;US dollar;NOK;Norwegian krone;SP;Spot;4;false;0;Units;C;ECB concertation time 14:15 CET;2018-11-12;8.4668
B;Business;USD;US dollar;NOK;Norwegian krone;SP;Spot;4;false;0;Units;C;ECB concertation time 14:15 CET;2018-11-13;8.4862
B;Business;USD;US dollar;NOK;Norwegian krone;SP;Spot;4;false;0;Units;C;ECB concertation time 14:15 CET;2018-11-14;8.4977
B;Business;USD;US dollar;NOK;Norwegian krone;SP;Spot;4;false;0;Units;C;ECB concertation time 14:15 CET;2018-11-15;8.4943
B;Business;USD;US dollar;NOK;Norwegian krone;SP;Spot;4;false;0;Units;C;ECB concertation time 14:15 CET;2018-11-16;8.4715
B;Business;USD;US dollar;NOK;Norwegian krone;SP;Spot;4;false;0;Units;C;ECB concertation time 14:15 CET;2018-11-19;8.4443
B;Business;USD;US dollar;NOK;Norwegian krone;SP;Spot;4;false;0;Units;C;ECB concertation time 14:15 CET;2018-11-20;8.5049
B;Business;USD;US dollar;NOK;Norwegian krone;SP;Spot;4;false;0;Units;C;ECB concertation time 14:15 CET;2018-11-21;8.5275
B;Business;USD;US dollar;NOK;Norwegian krone;SP;Spot;4;false;0;Units;C;ECB concertation time 14:15 CET;2018-11-22;8.5414
B;Business;USD;US dollar;NOK;Norwegian krone;SP;Spot;4;false;0;Units;C;ECB concertation time 14:15 CET;2018-11-23;8.5769
B;Business;USD;US dollar;NOK;Norwegian krone;SP;Spot;4;false;0;Units;C;ECB concertation time 14:15 CET;2018-11-26;8.562
B;Business;USD;US dollar;NOK;Norwegian krone;SP;Spot;4;false;0;Units;C;ECB concertation time 14:15 CET;2018-11-27;8.5915
B;Business;USD;US dollar;NOK;Norwegian krone;SP;Spot;4;false;0;Units;C;ECB concertation time 14:15 CET;2018-11-28;8.6038
B;Business;USD;US dollar;NOK;Norwegian krone;SP;Spot;4;false;0;Units;C;ECB concertation time 14:15 CET;2018-11-29;8.5464
B;Business;USD;US dollar;NOK;Norwegian krone;SP;Spot;4;false;0;Units;C;ECB concertation time 14:15 CET;2018-11-30;8.5747
B;Business;USD;US dollar;NOK;Norwegian krone;SP;Spot;4;false;0;Units;C;ECB concertation time 14:15 CET;2018-12-03;8.5504
B;Business;USD;US dollar;NOK;Norwegian krone;SP;Spot;4;false;0;Units;C;ECB concertation time 14:15 CET;2018-12-04;8.4559
B;Business;USD;US dollar;NOK;Norwegian krone;SP;Spot;4;false;0;Units;C;ECB concertation time 14:15 CET;2018-12-05;8.4974
B;Business;USD;US dollar;NOK;Norwegian krone;SP;Spot;4;false;0;Units;C;ECB concertation time 14:15 CET;2018-12-06;8.548
B;Business;USD;US dollar;NOK;Norwegian krone;SP;Spot;4;false;0;Units;C;ECB concertation time 14:15 CET;2018-12-07;8.5278
B;Business;USD;US dollar;NOK;Norwegian krone;SP;Spot;4;false;0;Units;C;ECB concertation time 14:15 CET;2018-12-10;8.4801
B;Business;USD;US dollar;NOK;Norwegian krone;SP;Spot;4;false;0;Units;C;ECB concertation time 14:15 CET;2018-12-11;8.5278
B;Business;USD;US dollar;NOK;Norwegian krone;SP;Spot;4;false;0;Units;C;ECB concertation time 14:15 CET;2018-12-12;8.5726
B;Business;USD;US dollar;NOK;Norwegian krone;SP;Spot;4;false;0;Units;C;ECB concertation time 14:15 CET;2018-12-13;8.5646
B;Business;USD;US dollar;NOK;Norwegian krone;SP;Spot;4;false;0;Units;C;ECB concertation time 14:15 CET;2018-12-14;8.6163
B;Business;USD;US dollar;NOK;Norwegian krone;SP;Spot;4;false;0;Units;C;ECB concertation time 14:15 CET;2018-12-17;8.6269
B;Business;USD;US dollar;NOK;Norwegian krone;SP;Spot;4;false;0;Units;C;ECB concertation time 14:15 CET;2018-12-18;8.6873
B;Business;USD;US dollar;NOK;Norwegian krone;SP;Spot;4;false;0;Units;C;ECB concertation time 14:15 CET;2018-12-19;8.7133
B;Business;USD;US dollar;NOK;Norwegian krone;SP;Spot;4;false;0;Units;C;ECB concertation time 14:15 CET;2018-12-20;8.6429
B;Business;USD;US dollar;NOK;Norwegian krone;SP;Spot;4;false;0;Units;C;ECB concertation time 14:15 CET;2018-12-21;8.7111
B;Business;USD;US dollar;NOK;Norwegian krone;SP;Spot;4;false;0;Units;C;ECB concertation time 14:15 CET;2018-12-27;8.7631
B;Business;USD;US dollar;NOK;Norwegian krone;SP;Spot;4;false;0;Units;C;ECB concertation time 14:15 CET;2018-12-28;8.7077
B;Business;USD;US dollar;NOK;Norwegian krone;SP;Spot;4;false;0;Units;C;ECB concertation time 14:15 CET;2018-12-31;8.6885
B;Business;USD;US dollar;NOK;Norwegian krone;SP;Spot;4;false;0;Units;C;ECB concertation time 14:15 CET;2019-01-02;8.696
B;Business;USD;US dollar;NOK;Norwegian krone;SP;Spot;4;false;0;Units;C;ECB concertation time 14:15 CET;2019-01-03;8.734
B;Business;USD;US dollar;NOK;Norwegian krone;SP;Spot;4;false;0;Units;C;ECB concertation time 14:15 CET;2019-01-04;8.6511
B;Business;USD;US dollar;NOK;Norwegian krone;SP;Spot;4;false;0;Units;C;ECB concertation time 14:15 CET;2019-01-07;8.5643
B;Business;USD;US dollar;NOK;Norwegian krone;SP;Spot;4;false;0;Units;C;ECB concertation time 14:15 CET;2019-01-08;8.5446
B;Business;USD;US dollar;NOK;Norwegian krone;SP;Spot;4;false;0;Units;C;ECB concertation time 14:15 CET;2019-01-09;8.5262
B;Business;USD;US dollar;NOK;Norwegian krone;SP;Spot;4;false;0;Units;C;ECB concertation time 14:15 CET;2019-01-10;8.4519
B;Business;USD;US dollar;NOK;Norwegian krone;SP;Spot;4;false;0;Units;C;ECB concertation time 14:15 CET;2019-01-11;8.4608
B;Business;USD;US dollar;NOK;Norwegian krone;SP;Spot;4;false;0;Units;C;ECB concertation time 14:15 CET;2019-01-14;8.5348
B;Business;USD;US dollar;NOK;Norwegian krone;SP;Spot;4;false;0;Units;C;ECB concertation time 14:15 CET;2019-01-15;8.5447
B;Business;USD;US dollar;NOK;Norwegian krone;SP;Spot;4;false;0;Units;C;ECB concertation time 14:15 CET;2019-01-16;8.5484
B;Business;USD;US dollar;NOK;Norwegian krone;SP;Spot;4;false;0;Units;C;ECB concertation time 14:15 CET;2019-01-17;8.5627
B;Business;USD;US dollar;NOK;Norwegian krone;SP;Spot;4;false;0;Units;C;ECB concertation time 14:15 CET;2019-01-18;8.5264
B;Business;USD;US dollar;NOK;Norwegian krone;SP;Spot;4;false;0;Units;C;ECB concertation time 14:15 CET;2019-01-21;8.5758
B;Business;USD;US dollar;NOK;Norwegian krone;SP;Spot;4;false;0;Units;C;ECB concertation time 14:15 CET;2019-01-22;8.5986
B;Business;USD;US dollar;NOK;Norwegian krone;SP;Spot;4;false;0;Units;C;ECB concertation time 14:15 CET;2019-01-23;8.583
B;Business;USD;US dollar;NOK;Norwegian krone;SP;Spot;4;false;0;Units;C;ECB concertation time 14:15 CET;2019-01-24;8.5776
B;Business;USD;US dollar;NOK;Norwegian krone;SP;Spot;4;false;0;Units;C;ECB concertation time 14:15 CET;2019-01-25;8.5532
B;Business;USD;US dollar;NOK;Norwegian krone;SP;Spot;4;false;0;Units;C;ECB concertation time 14:15 CET;2019-01-28;8.5234
B;Business;USD;US dollar;NOK;Norwegian krone;SP;Spot;4;false;0;Units;C;ECB concertation time 14:15 CET;2019-01-29;8.4954
B;Business;USD;US dollar;NOK;Norwegian krone;SP;Spot;4;false;0;Units;C;ECB concertation time 14:15 CET;2019-01-30;8.4818
B;Business;USD;US dollar;NOK;Norwegian krone;SP;Spot;4;false;0;Units;C;ECB concertation time 14:15 CET;2019-01-31;8.4108
B;Business;USD;US dollar;NOK;Norwegian krone;SP;Spot;4;false;0;Units;C;ECB concertation time 14:15 CET;2019-02-01;8.4286
B;Business;USD;US dollar;NOK;Norwegian krone;SP;Spot;4;false;0;Units;C;ECB concertation time 14:15 CET;2019-02-04;8.4779
B;Business;USD;US dollar;NOK;Norwegian krone;SP;Spot;4;false;0;Units;C;ECB concertation time 14:15 CET;2019-02-05;8.4726
B;Business;USD;US dollar;NOK;Norwegian krone;SP;Spot;4;false;0;Units;C;ECB concertation time 14:15 CET;2019-02-06;8.5061
B;Business;USD;US dollar;NOK;Norwegian krone;SP;Spot;4;false;0;Units;C;ECB concertation time 14:15 CET;2019-02-07;8.5723
B;Business;USD;US dollar;NOK;Norwegian krone;SP;Spot;4;false;0;Units;C;ECB concertation time 14:15 CET;2019-02-08;8.6103
B;Business;USD;US dollar;NOK;Norwegian krone;SP;Spot;4;false;0;Units;C;ECB concertation time 14:15 CET;2019-02-11;8.6825
B;Business;USD;US dollar;NOK;Norwegian krone;SP;Spot;4;false;0;Units;C;ECB concertation time 14:15 CET;2019-02-12;8.6712
B;Business;USD;US dollar;NOK;Norwegian krone;SP;Spot;4;false;0;Units;C;ECB concertation time 14:15 CET;2019-02-13;8.6342
B;Business;USD;US dollar;NOK;Norwegian krone;SP;Spot;4;false;0;Units;C;ECB concertation time 14:15 CET;2019-02-14;8.6604
B;Business;USD;US dollar;NOK;Norwegian krone;SP;Spot;4;false;0;Units;C;ECB concertation time 14:15 CET;2019-02-15;8.6758
B;Business;USD;US dollar;NOK;Norwegian krone;SP;Spot;4;false;0;Units;C;ECB concertation time 14:15 CET;2019-02-18;8.6077
B;Business;USD;US dollar;NOK;Norwegian krone;SP;Spot;4;false;0;Units;C;ECB concertation time 14:15 CET;2019-02-19;8.6294
B;Business;USD;US dollar;NOK;Norwegian krone;SP;Spot;4;false;0;Units;C;ECB concertation time 14:15 CET;2019-02-20;8.5818
B;Business;USD;US dollar;NOK;Norwegian krone;SP;Spot;4;false;0;Units;C;ECB concertation time 14:15 CET;2019-02-21;8.6144
B;Business;USD;US dollar;NOK;Norwegian krone;SP;Spot;4;false;0;Units;C;ECB concertation time 14:15 CET;2019-02-22;8.6219
B;Business;USD;US dollar;NOK;Norwegian krone;SP;Spot;4;false;0;Units;C;ECB concertation time 14:15 CET;2019-02-25;8.5971
B;Business;USD;US dollar;NOK;Norwegian krone;SP;Spot;4;false;0;Units;C;ECB concertation time 14:15 CET;2019-02-26;8.6018
B;Business;USD;US dollar;NOK;Norwegian krone;SP;Spot;4;false;0;Units;C;ECB concertation time 14:15 CET;2019-02-27;8.53
B;Business;USD;US dollar;NOK;Norwegian krone;SP;Spot;4;false;0;Units;C;ECB concertation time 14:15 CET;2019-02-28;8.5203
B;Business;USD;US dollar;NOK;Norwegian krone;SP;Spot;4;false;0;Units;C;ECB concertation time 14:15 CET;2019-03-01;8.545
B;Business;USD;US dollar;NOK;Norwegian krone;SP;Spot;4;false;0;Units;C;ECB concertation time 14:15 CET;2019-03-04;8.6119
B;Business;USD;US dollar;NOK;Norwegian krone;SP;Spot;4;false;0;Units;C;ECB concertation time 14:15 CET;2019-03-05;8.6524
B;Business;USD;US dollar;NOK;Norwegian krone;SP;Spot;4;false;0;Units;C;ECB concertation time 14:15 CET;2019-03-06;8.6723
B;Business;USD;US dollar;NOK;Norwegian krone;SP;Spot;4;false;0;Units;C;ECB concertation time 14:15 CET;2019-03-07;8.6825
B;Business;USD;US dollar;NOK;Norwegian krone;SP;Spot;4;false;0;Units;C;ECB concertation time 14:15 CET;2019-03-08;8.7982
B;Business;USD;US dollar;NOK;Norwegian krone;SP;Spot;4;false;0;Units;C;ECB concertation time 14:15 CET;2019-03-11;8.6891
B;Business;USD;US dollar;NOK;Norwegian krone;SP;Spot;4;false;0;Units;C;ECB concertation time 14:15 CET;2019-03-12;8.6355
B;Business;USD;US dollar;NOK;Norwegian krone;SP;Spot;4;false;0;Units;C;ECB concertation time 14:15 CET;2019-03-13;8.6035
B;Business;USD;US dollar;NOK;Norwegian krone;SP;Spot;4;false;0;Units;C;ECB concertation time 14:15 CET;2019-03-14;8.6016
B;Business;USD;US dollar;NOK;Norwegian krone;SP;Spot;4;false;0;Units;C;ECB concertation time 14:15 CET;2019-03-15;8.5674
B;Business;USD;US dollar;NOK;Norwegian krone;SP;Spot;4;false;0;Units;C;ECB concertation time 14:15 CET;2019-03-18;8.5223
B;Business;USD;US dollar;NOK;Norwegian krone;SP;Spot;4;false;0;Units;C;ECB concertation time 14:15 CET;2019-03-19;8.5178
B;Business;USD;US dollar;NOK;Norwegian krone;SP;Spot;4;false;0;Units;C;ECB concertation time 14:15 CET;2019-03-20;8.5358
B;Business;USD;US dollar;NOK;Norwegian krone;SP;Spot;4;false;0;Units;C;ECB concertation time 14:15 CET;2019-03-21;8.4463
B;Business;USD;US dollar;NOK;Norwegian krone;SP;Spot;4;false;0;Units;C;ECB concertation time 14:15 CET;2019-03-22;8.5315
B;Business;USD;US dollar;NOK;Norwegian krone;SP;Spot;4;false;0;Units;C;ECB concertation time 14:15 CET;2019-03-25;8.5289
B;Business;USD;US dollar;NOK;Norwegian krone;SP;Spot;4;false;0;Units;C;ECB concertation time 14:15 CET;2019-03-26;8.5376
B;Business;USD;US dollar;NOK;Norwegian krone;SP;Spot;4;false;0;Units;C;ECB concertation time 14:15 CET;2019-03-27;8.6094
B;Business;USD;US dollar;NOK;Norwegian krone;SP;Spot;4;false;0;Units;C;ECB concertation time 14:15 CET;2019-03-28;8.6807
B;Business;USD;US dollar;NOK;Norwegian krone;SP;Spot;4;false;0;Units;C;ECB concertation time 14:15 CET;2019-03-29;8.5972
B;Business;USD;US dollar;NOK;Norwegian krone;SP;Spot;4;false;0;Units;C;ECB concertation time 14:15 CET;2019-04-01;8.5778
B;Business;USD;US dollar;NOK;Norwegian krone;SP;Spot;4;false;0;Units;C;ECB concertation time 14:15 CET;2019-04-02;8.6112
B;Business;USD;US dollar;NOK;Norwegian krone;SP;Spot;4;false;0;Units;C;ECB concertation time 14:15 CET;2019-04-03;8.558
B;Business;USD;US dollar;NOK;Norwegian krone;SP;Spot;4;false;0;Units;C;ECB concertation time 14:15 CET;2019-04-04;8.5844
B;Business;USD;US dollar;NOK;Norwegian krone;SP;Spot;4;false;0;Units;C;ECB concertation time 14:15 CET;2019-04-05;8.6006
B;Business;USD;US dollar;NOK;Norwegian krone;SP;Spot;4;false;0;Units;C;ECB concertation time 14:15 CET;2019-04-08;8.5635
B;Business;USD;US dollar;NOK;Norwegian krone;SP;Spot;4;false;0;Units;C;ECB concertation time 14:15 CET;2019-04-09;8.5298
B;Business;USD;US dollar;NOK;Norwegian krone;SP;Spot;4;false;0;Units;C;ECB concertation time 14:15 CET;2019-04-10;8.5021
B;Business;USD;US dollar;NOK;Norwegian krone;SP;Spot;4;false;0;Units;C;ECB concertation time 14:15 CET;2019-04-11;8.5125
B;Business;USD;US dollar;NOK;Norwegian krone;SP;Spot;4;false;0;Units;C;ECB concertation time 14:15 CET;2019-04-12;8.4816
B;Business;USD;US dollar;NOK;Norwegian krone;SP;Spot;4;false;0;Units;C;ECB concertation time 14:15 CET;2019-04-15;8.4874
B;Business;USD;US dollar;NOK;Norwegian krone;SP;Spot;4;false;0;Units;C;ECB concertation time 14:15 CET;2019-04-16;8.4802
B;Business;USD;US dollar;NOK;Norwegian krone;SP;Spot;4;false;0;Units;C;ECB concertation time 14:15 CET;2019-04-17;8.4752
B;Business;USD;US dollar;NOK;Norwegian krone;SP;Spot;4;false;0;Units;C;ECB concertation time 14:15 CET;2019-04-23;8.5233
B;Business;USD;US dollar;NOK;Norwegian krone;SP;Spot;4;false;0;Units;C;ECB concertation time 14:15 CET;2019-04-24;8.5708
B;Business;USD;US dollar;NOK;Norwegian krone;SP;Spot;4;false;0;Units;C;ECB concertation time 14:15 CET;2019-04-25;8.6881
B;Business;USD;US dollar;NOK;Norwegian krone;SP;Spot;4;false;0;Units;C;ECB concertation time 14:15 CET;2019-04-26;8.6817
B;Business;USD;US dollar;NOK;Norwegian krone;SP;Spot;4;false;0;Units;C;ECB concertation time 14:15 CET;2019-04-29;8.6891
B;Business;USD;US dollar;NOK;Norwegian krone;SP;Spot;4;false;0;Units;C;ECB concertation time 14:15 CET;2019-04-30;8.6181
B;Business;USD;US dollar;NOK;Norwegian krone;SP;Spot;4;false;0;Units;C;ECB concertation time 14:15 CET;2019-05-02;8.6916
B;Business;USD;US dollar;NOK;Norwegian krone;SP;Spot;4;false;0;Units;C;ECB concertation time 14:15 CET;2019-05-03;8.7658
B;Business;USD;US dollar;NOK;Norwegian krone;SP;Spot;4;false;0;Units;C;ECB concertation time 14:15 CET;2019-05-06;8.7423
B;Business;USD;US dollar;NOK;Norwegian krone;SP;Spot;4;false;0;Units;C;ECB concertation time 14:15 CET;2019-05-07;8.7264
B;Business;USD;US dollar;NOK;Norwegian krone;SP;Spot;4;false;0;Units;C;ECB concertation time 14:15 CET;2019-05-08;8.7739
B;Business;USD;US dollar;NOK;Norwegian krone;SP;Spot;4;false;0;Units;C;ECB concertation time 14:15 CET;2019-05-09;8.7615
B;Business;USD;US dollar;NOK;Norwegian krone;SP;Spot;4;false;0;Units;C;ECB concertation time 14:15 CET;2019-05-10;8.7438
B;Business;USD;US dollar;NOK;Norwegian krone;SP;Spot;4;false;0;Units;C;ECB concertation time 14:15 CET;2019-05-13;8.7281
B;Business;USD;US dollar;NOK;Norwegian krone;SP;Spot;4;false;0;Units;C;ECB concertation time 14:15 CET;2019-05-14;8.7288
B;Business;USD;US dollar;NOK;Norwegian krone;SP;Spot;4;false;0;Units;C;ECB concertation time 14:15 CET;2019-05-15;8.7636
B;Business;USD;US dollar;NOK;Norwegian krone;SP;Spot;4;false;0;Units;C;ECB concertation time 14:15 CET;2019-05-16;8.7042
B;Business;USD;US dollar;NOK;Norwegian krone;SP;Spot;4;false;0;Units;C;ECB concertation time 14:15 CET;2019-05-20;8.7739
B;Business;USD;US dollar;NOK;Norwegian krone;SP;Spot;4;false;0;Units;C;ECB concertation time 14:15 CET;2019-05-21;8.7728
B;Business;USD;US dollar;NOK;Norwegian krone;SP;Spot;4;false;0;Units;C;ECB concertation time 14:15 CET;2019-05-22;8.7367
B;Business;USD;US dollar;NOK;Norwegian krone;SP;Spot;4;false;0;Units;C;ECB concertation time 14:15 CET;2019-05-23;8.7569
B;Business;USD;US dollar;NOK;Norwegian krone;SP;Spot;4;false;0;Units;C;ECB concertation time 14:15 CET;2019-05-24;8.7207
B;Business;USD;US dollar;NOK;Norwegian krone;SP;Spot;4;false;0;Units;C;ECB concertation time 14:15 CET;2019-05-27;8.709
B;Business;USD;US dollar;NOK;Norwegian krone;SP;Spot;4;false;0;Units;C;ECB concertation time 14:15 CET;2019-05-28;8.6816
B;Business;USD;US dollar;NOK;Norwegian krone;SP;Spot;4;false;0;Units;C;ECB concertation time 14:15 CET;2019-05-29;8.7603
B;Business;USD;US dollar;NOK;Norwegian krone;SP;Spot;4;false;0;Units;C;ECB concertation time 14:15 CET;2019-05-31;8.7808
B;Business;USD;US dollar;NOK;Norwegian krone;SP;Spot;4;false;0;Units;C;ECB concertation time 14:15 CET;2019-06-03;8.7419
B;Business;USD;US dollar;NOK;Norwegian krone;SP;Spot;4;false;0;Units;C;ECB concertation time 14:15 CET;2019-06-04;8.7033
B;Business;USD;US dollar;NOK;Norwegian krone;SP;Spot;4;false;0;Units;C;ECB concertation time 14:15 CET;2019-06-05;8.6824
B;Business;USD;US dollar;NOK;Norwegian krone;SP;Spot;4;false;0;Units;C;ECB concertation time 14:15 CET;2019-06-06;8.7061
B;Business;USD;US dollar;NOK;Norwegian krone;SP;Spot;4;false;0;Units;C;ECB concertation time 14:15 CET;2019-06-07;8.6901
B;Business;USD;US dollar;NOK;Norwegian krone;SP;Spot;4;false;0;Units;C;ECB concertation time 14:15 CET;2019-06-11;8.6307
B;Business;USD;US dollar;NOK;Norwegian krone;SP;Spot;4;false;0;Units;C;ECB concertation time 14:15 CET;2019-06-12;8.6391
B;Business;USD;US dollar;NOK;Norwegian krone;SP;Spot;4;false;0;Units;C;ECB concertation time 14:15 CET;2019-06-13;8.6562
B;Business;USD;US dollar;NOK;Norwegian krone;SP;Spot;4;false;0;Units;C;ECB concertation time 14:15 CET;2019-06-14;8.6754
B;Business;USD;US dollar;NOK;Norwegian krone;SP;Spot;4;false;0;Units;C;ECB concertation time 14:15 CET;2019-06-17;8.718
B;Business;USD;US dollar;NOK;Norwegian krone;SP;Spot;4;false;0;Units;C;ECB concertation time 14:15 CET;2019-06-18;8.7418
B;Business;USD;US dollar;NOK;Norwegian krone;SP;Spot;4;false;0;Units;C;ECB concertation time 14:15 CET;2019-06-19;8.728
B;Business;USD;US dollar;NOK;Norwegian krone;SP;Spot;4;false;0;Units;C;ECB concertation time 14:15 CET;2019-06-20;8.5503
B;Business;USD;US dollar;NOK;Norwegian krone;SP;Spot;4;false;0;Units;C;ECB concertation time 14:15 CET;2019-06-21;8.5596
B;Business;USD;US dollar;NOK;Norwegian krone;SP;Spot;4;false;0;Units;C;ECB concertation time 14:15 CET;2019-06-24;8.4819
B;Business;USD;US dollar;NOK;Norwegian krone;SP;Spot;4;false;0;Units;C;ECB concertation time 14:15 CET;2019-06-25;8.505
B;Business;USD;US dollar;NOK;Norwegian krone;SP;Spot;4;false;0;Units;C;ECB concertation time 14:15 CET;2019-06-26;8.5137
B;Business;USD;US dollar;NOK;Norwegian krone;SP;Spot;4;false;0;Units;C;ECB concertation time 14:15 CET;2019-06-27;8.5174
B;Business;USD;US dollar;NOK;Norwegian krone;SP;Spot;4;false;0;Units;C;ECB concertation time 14:15 CET;2019-06-28;8.5183
B;Business;USD;US dollar;NOK;Norwegian krone;SP;Spot;4;false;0;Units;C;ECB concertation time 14:15 CET;2019-07-01;8.5336
B;Business;USD;US dollar;NOK;Norwegian krone;SP;Spot;4;false;0;Units;C;ECB concertation time 14:15 CET;2019-07-02;8.5581
B;Business;USD;US dollar;NOK;Norwegian krone;SP;Spot;4;false;0;Units;C;ECB concertation time 14:15 CET;2019-07-03;8.5534
B;Business;USD;US dollar;NOK;Norwegian krone;SP;Spot;4;false;0;Units;C;ECB concertation time 14:15 CET;2019-07-04;8.531
B;Business;USD;US dollar;NOK;Norwegian krone;SP;Spot;4;false;0;Units;C;ECB concertation time 14:15 CET;2019-07-05;8.5546
B;Business;USD;US dollar;NOK;Norwegian krone;SP;Spot;4;false;0;Units;C;ECB concertation time 14:15 CET;2019-07-08;8.6349
B;Business;USD;US dollar;NOK;Norwegian krone;SP;Spot;4;false;0;Units;C;ECB concertation time 14:15 CET;2019-07-09;8.6553
B;Business;USD;US dollar;NOK;Norwegian krone;SP;Spot;4;false;0;Units;C;ECB concertation time 14:15 CET;2019-07-10;8.639
B;Business;USD;US dollar;NOK;Norwegian krone;SP;Spot;4;false;0;Units;C;ECB concertation time 14:15 CET;2019-07-11;8.5355
B;Business;USD;US dollar;NOK;Norwegian krone;SP;Spot;4;false;0;Units;C;ECB concertation time 14:15 CET;2019-07-12;8.5495
B;Business;USD;US dollar;NOK;Norwegian krone;SP;Spot;4;false;0;Units;C;ECB concertation time 14:15 CET;2019-07-15;8.5387
B;Business;USD;US dollar;NOK;Norwegian krone;SP;Spot;4;false;0;Units;C;ECB concertation time 14:15 CET;2019-07-16;8.5479
B;Business;USD;US dollar;NOK;Norwegian krone;SP;Spot;4;false;0;Units;C;ECB concertation time 14:15 CET;2019-07-17;8.5796
B;Business;USD;US dollar;NOK;Norwegian krone;SP;Spot;4;false;0;Units;C;ECB concertation time 14:15 CET;2019-07-18;8.5983
B;Business;USD;US dollar;NOK;Norwegian krone;SP;Spot;4;false;0;Units;C;ECB concertation time 14:15 CET;2019-07-19;8.5639
B;Business;USD;US dollar;NOK;Norwegian krone;SP;Spot;4;false;0;Units;C;ECB concertation time 14:15 CET;2019-07-22;8.5845
B;Business;USD;US dollar;NOK;Norwegian krone;SP;Spot;4;false;0;Units;C;ECB concertation time 14:15 CET;2019-07-23;8.6646
B;Business;USD;US dollar;NOK;Norwegian krone;SP;Spot;4;false;0;Units;C;ECB concertation time 14:15 CET;2019-07-24;8.6495
B;Business;USD;US dollar;NOK;Norwegian krone;SP;Spot;4;false;0;Units;C;ECB concertation time 14:15 CET;2019-07-25;8.6422
B;Business;USD;US dollar;NOK;Norwegian krone;SP;Spot;4;false;0;Units;C;ECB concertation time 14:15 CET;2019-07-26;8.7011
B;Business;USD;US dollar;NOK;Norwegian krone;SP;Spot;4;false;0;Units;C;ECB concertation time 14:15 CET;2019-07-29;8.718
B;Business;USD;US dollar;NOK;Norwegian krone;SP;Spot;4;false;0;Units;C;ECB concertation time 14:15 CET;2019-07-30;8.7294
B;Business;USD;US dollar;NOK;Norwegian krone;SP;Spot;4;false;0;Units;C;ECB concertation time 14:15 CET;2019-07-31;8.7685
B;Business;USD;US dollar;NOK;Norwegian krone;SP;Spot;4;false;0;Units;C;ECB concertation time 14:15 CET;2019-08-01;8.8901
B;Business;USD;US dollar;NOK;Norwegian krone;SP;Spot;4;false;0;Units;C;ECB concertation time 14:15 CET;2019-08-02;8.9236
B;Business;USD;US dollar;NOK;Norwegian krone;SP;Spot;4;false;0;Units;C;ECB concertation time 14:15 CET;2019-08-05;8.9179
B;Business;USD;US dollar;NOK;Norwegian krone;SP;Spot;4;false;0;Units;C;ECB concertation time 14:15 CET;2019-08-06;8.8983
B;Business;USD;US dollar;NOK;Norwegian krone;SP;Spot;4;false;0;Units;C;ECB concertation time 14:15 CET;2019-08-07;8.9234
B;Business;USD;US dollar;NOK;Norwegian krone;SP;Spot;4;false;0;Units;C;ECB concertation time 14:15 CET;2019-08-08;8.9502
B;Business;USD;US dollar;NOK;Norwegian krone;SP;Spot;4;false;0;Units;C;ECB concertation time 14:15 CET;2019-08-09;8.8934
B;Business;USD;US dollar;NOK;Norwegian krone;SP;Spot;4;false;0;Units;C;ECB concertation time 14:15 CET;2019-08-12;8.9336
B;Business;USD;US dollar;NOK;Norwegian krone;SP;Spot;4;false;0;Units;C;ECB concertation time 14:15 CET;2019-08-13;8.918
B;Business;USD;US dollar;NOK;Norwegian krone;SP;Spot;4;false;0;Units;C;ECB concertation time 14:15 CET;2019-08-14;8.9413
B;Business;USD;US dollar;NOK;Norwegian krone;SP;Spot;4;false;0;Units;C;ECB concertation time 14:15 CET;2019-08-15;8.9816
B;Business;USD;US dollar;NOK;Norwegian krone;SP;Spot;4;false;0;Units;C;ECB concertation time 14:15 CET;2019-08-16;8.9972
B;Business;USD;US dollar;NOK;Norwegian krone;SP;Spot;4;false;0;Units;C;ECB concertation time 14:15 CET;2019-08-19;8.9758
B;Business;USD;US dollar;NOK;Norwegian krone;SP;Spot;4;false;0;Units;C;ECB concertation time 14:15 CET;2019-08-20;8.9958
B;Business;USD;US dollar;NOK;Norwegian krone;SP;Spot;4;false;0;Units;C;ECB concertation time 14:15 CET;2019-08-21;8.9394
B;Business;USD;US dollar;NOK;Norwegian krone;SP;Spot;4;false;0;Units;C;ECB concertation time 14:15 CET;2019-08-22;8.9678
B;Business;USD;US dollar;NOK;Norwegian krone;SP;Spot;4;false;0;Units;C;ECB concertation time 14:15 CET;2019-08-23;9.0007
B;Business;USD;US dollar;NOK;Norwegian krone;SP;Spot;4;false;0;Units;C;ECB concertation time 14:15 CET;2019-08-26;8.9846
B;Business;USD;US dollar;NOK;Norwegian krone;SP;Spot;4;false;0;Units;C;ECB concertation time 14:15 CET;2019-08-27;8.9986
B;Business;USD;US dollar;NOK;Norwegian krone;SP;Spot;4;false;0;Units;C;ECB concertation time 14:15 CET;2019-08-28;9.0328
B;Business;USD;US dollar;NOK;Norwegian krone;SP;Spot;4;false;0;Units;C;ECB concertation time 14:15 CET;2019-08-29;9.0648
B;Business;USD;US dollar;NOK;Norwegian krone;SP;Spot;4;false;0;Units;C;ECB concertation time 14:15 CET;2019-08-30;9.0957
B;Business;USD;US dollar;NOK;Norwegian krone;SP;Spot;4;false;0;Units;C;ECB concertation time 14:15 CET;2019-09-02;9.0981
B;Business;USD;US dollar;NOK;Norwegian krone;SP;Spot;4;false;0;Units;C;ECB concertation time 14:15 CET;2019-09-03;9.1606
B;Business;USD;US dollar;NOK;Norwegian krone;SP;Spot;4;false;0;Units;C;ECB concertation time 14:15 CET;2019-09-04;9.0614
B;Business;USD;US dollar;NOK;Norwegian krone;SP;Spot;4;false;0;Units;C;ECB concertation time 14:15 CET;2019-09-05;8.9828
B;Business;USD;US dollar;NOK;Norwegian krone;SP;Spot;4;false;0;Units;C;ECB concertation time 14:15 CET;2019-09-06;8.9988
B;Business;USD;US dollar;NOK;Norwegian krone;SP;Spot;4;false;0;Units;C;ECB concertation time 14:15 CET;2019-09-09;8.9425
B;Business;USD;US dollar;NOK;Norwegian krone;SP;Spot;4;false;0;Units;C;ECB concertation time 14:15 CET;2019-09-10;8.9787
B;Business;USD;US dollar;NOK;Norwegian krone;SP;Spot;4;false;0;Units;C;ECB concertation time 14:15 CET;2019-09-11;8.9744
B;Business;USD;US dollar;NOK;Norwegian krone;SP;Spot;4;false;0;Units;C;ECB concertation time 14:15 CET;2019-09-12;8.9887
B;Business;USD;US dollar;NOK;Norwegian krone;SP;Spot;4;false;0;Units;C;ECB concertation time 14:15 CET;2019-09-13;8.9413
B;Business;USD;US dollar;NOK;Norwegian krone;SP;Spot;4;false;0;Units;C;ECB concertation time 14:15 CET;2019-09-16;8.9786
B;Business;USD;US dollar;NOK;Norwegian krone;SP;Spot;4;false;0;Units;C;ECB concertation time 14:15 CET;2019-09-17;8.9529
B;Business;USD;US dollar;NOK;Norwegian krone;SP;Spot;4;false;0;Units;C;ECB concertation time 14:15 CET;2019-09-18;8.9482
B;Business;USD;US dollar;NOK;Norwegian krone;SP;Spot;4;false;0;Units;C;ECB concertation time 14:15 CET;2019-09-19;8.9369
B;Business;USD;US dollar;NOK;Norwegian krone;SP;Spot;4;false;0;Units;C;ECB concertation time 14:15 CET;2019-09-20;9.0139
B;Business;USD;US dollar;NOK;Norwegian krone;SP;Spot;4;false;0;Units;C;ECB concertation time 14:15 CET;2019-09-23;9.0781
B;Business;USD;US dollar;NOK;Norwegian krone;SP;Spot;4;false;0;Units;C;ECB concertation time 14:15 CET;2019-09-24;9.018
B;Business;USD;US dollar;NOK;Norwegian krone;SP;Spot;4;false;0;Units;C;ECB concertation time 14:15 CET;2019-09-25;9.043
B;Business;USD;US dollar;NOK;Norwegian krone;SP;Spot;4;false;0;Units;C;ECB concertation time 14:15 CET;2019-09-26;9.0725
B;Business;USD;US dollar;NOK;Norwegian krone;SP;Spot;4;false;0;Units;C;ECB concertation time 14:15 CET;2019-09-27;9.0677
B;Business;USD;US dollar;NOK;Norwegian krone;SP;Spot;4;false;0;Units;C;ECB concertation time 14:15 CET;2019-09-30;9.0874
B;Business;USD;US dollar;NOK;Norwegian krone;SP;Spot;4;false;0;Units;C;ECB concertation time 14:15 CET;2019-10-01;9.1267
B;Business;USD;US dollar;NOK;Norwegian krone;SP;Spot;4;false;0;Units;C;ECB concertation time 14:15 CET;2019-10-02;9.1469
B;Business;USD;US dollar;NOK;Norwegian krone;SP;Spot;4;false;0;Units;C;ECB concertation time 14:15 CET;2019-10-03;9.1467
B;Business;USD;US dollar;NOK;Norwegian krone;SP;Spot;4;false;0;Units;C;ECB concertation time 14:15 CET;2019-10-04;9.1006
B;Business;USD;US dollar;NOK;Norwegian krone;SP;Spot;4;false;0;Units;C;ECB concertation time 14:15 CET;2019-10-07;9.132
B;Business;USD;US dollar;NOK;Norwegian krone;SP;Spot;4;false;0;Units;C;ECB concertation time 14:15 CET;2019-10-08;9.1435
B;Business;USD;US dollar;NOK;Norwegian krone;SP;Spot;4;false;0;Units;C;ECB concertation time 14:15 CET;2019-10-09;9.1547
B;Business;USD;US dollar;NOK;Norwegian krone;SP;Spot;4;false;0;Units;C;ECB concertation time 14:15 CET;2019-10-10;9.1147
B;Business;USD;US dollar;NOK;Norwegian krone;SP;Spot;4;false;0;Units;C;ECB concertation time 14:15 CET;2019-10-11;9.0895
B;Business;USD;US dollar;NOK;Norwegian krone;SP;Spot;4;false;0;Units;C;ECB concertation time 14:15 CET;2019-10-14;9.1073
B;Business;USD;US dollar;NOK;Norwegian krone;SP;Spot;4;false;0;Units;C;ECB concertation time 14:15 CET;2019-10-15;9.1445
B;Business;USD;US dollar;NOK;Norwegian krone;SP;Spot;4;false;0;Units;C;ECB concertation time 14:15 CET;2019-10-16;9.2032
B;Business;USD;US dollar;NOK;Norwegian krone;SP;Spot;4;false;0;Units;C;ECB concertation time 14:15 CET;2019-10-17;9.1717
B;Business;USD;US dollar;NOK;Norwegian krone;SP;Spot;4;false;0;Units;C;ECB concertation time 14:15 CET;2019-10-18;9.1707
B;Business;USD;US dollar;NOK;Norwegian krone;SP;Spot;4;false;0;Units;C;ECB concertation time 14:15 CET;2019-10-21;9.0968
B;Business;USD;US dollar;NOK;Norwegian krone;SP;Spot;4;false;0;Units;C;ECB concertation time 14:15 CET;2019-10-22;9.1494
B;Business;USD;US dollar;NOK;Norwegian krone;SP;Spot;4;false;0;Units;C;ECB concertation time 14:15 CET;2019-10-23;9.15
B;Business;USD;US dollar;NOK;Norwegian krone;SP;Spot;4;false;0;Units;C;ECB concertation time 14:15 CET;2019-10-24;9.1093
B;Business;USD;US dollar;NOK;Norwegian krone;SP;Spot;4;false;0;Units;C;ECB concertation time 14:15 CET;2019-10-25;9.1712
B;Business;USD;US dollar;NOK;Norwegian krone;SP;Spot;4;false;0;Units;C;ECB concertation time 14:15 CET;2019-10-28;9.2094
B;Business;USD;US dollar;NOK;Norwegian krone;SP;Spot;4;false;0;Units;C;ECB concertation time 14:15 CET;2019-10-29;9.2607
B;Business;USD;US dollar;NOK;Norwegian krone;SP;Spot;4;false;0;Units;C;ECB concertation time 14:15 CET;2019-10-30;9.2282
B;Business;USD;US dollar;NOK;Norwegian krone;SP;Spot;4;false;0;Units;C;ECB concertation time 14:15 CET;2019-10-31;9.1913
B;Business;USD;US dollar;NOK;Norwegian krone;SP;Spot;4;false;0;Units;C;ECB concertation time 14:15 CET;2019-11-01;9.1245
B;Business;USD;US dollar;NOK;Norwegian krone;SP;Spot;4;false;0;Units;C;ECB concertation time 14:15 CET;2019-11-04;9.1117
B;Business;USD;US dollar;NOK;Norwegian krone;SP;Spot;4;false;0;Units;C;ECB concertation time 14:15 CET;2019-11-05;9.139
B;Business;USD;US dollar;NOK;Norwegian krone;SP;Spot;4;false;0;Units;C;ECB concertation time 14:15 CET;2019-11-06;9.1307
B;Business;USD;US dollar;NOK;Norwegian krone;SP;Spot;4;false;0;Units;C;ECB concertation time 14:15 CET;2019-11-07;9.0923
B;Business;USD;US dollar;NOK;Norwegian krone;SP;Spot;4;false;0;Units;C;ECB concertation time 14:15 CET;2019-11-08;9.1438
B;Business;USD;US dollar;NOK;Norwegian krone;SP;Spot;4;false;0;Units;C;ECB concertation time 14:15 CET;2019-11-11;9.1396
B;Business;USD;US dollar;NOK;Norwegian krone;SP;Spot;4;false;0;Units;C;ECB concertation time 14:15 CET;2019-11-12;9.151
B;Business;USD;US dollar;NOK;Norwegian krone;SP;Spot;4;false;0;Units;C;ECB concertation time 14:15 CET;2019-11-13;9.2122
B;Business;USD;US dollar;NOK;Norwegian krone;SP;Spot;4;false;0;Units;C;ECB concertation time 14:15 CET;2019-11-14;9.2023
B;Business;USD;US dollar;NOK;Norwegian krone;SP;Spot;4;false;0;Units;C;ECB concertation time 14:15 CET;2019-11-15;9.0942
B;Business;USD;US dollar;NOK;Norwegian krone;SP;Spot;4;false;0;Units;C;ECB concertation time 14:15 CET;2019-11-18;9.1185
B;Business;USD;US dollar;NOK;Norwegian krone;SP;Spot;4;false;0;Units;C;ECB concertation time 14:15 CET;2019-11-19;9.1047
B;Business;USD;US dollar;NOK;Norwegian krone;SP;Spot;4;false;0;Units;C;ECB concertation time 14:15 CET;2019-11-20;9.174
B;Business;USD;US dollar;NOK;Norwegian krone;SP;Spot;4;false;0;Units;C;ECB concertation time 14:15 CET;2019-11-21;9.1081
B;Business;USD;US dollar;NOK;Norwegian krone;SP;Spot;4;false;0;Units;C;ECB concertation time 14:15 CET;2019-11-22;9.1412
B;Business;USD;US dollar;NOK;Norwegian krone;SP;Spot;4;false;0;Units;C;ECB concertation time 14:15 CET;2019-11-25;9.1811
B;Business;USD;US dollar;NOK;Norwegian krone;SP;Spot;4;false;0;Units;C;ECB concertation time 14:15 CET;2019-11-26;9.1623
B;Business;USD;US dollar;NOK;Norwegian krone;SP;Spot;4;false;0;Units;C;ECB concertation time 14:15 CET;2019-11-27;9.1761
B;Business;USD;US dollar;NOK;Norwegian krone;SP;Spot;4;false;0;Units;C;ECB concertation time 14:15 CET;2019-11-28;9.1895
B;Business;USD;US dollar;NOK;Norwegian krone;SP;Spot;4;false;0;Units;C;ECB concertation time 14:15 CET;2019-11-29;9.201
B;Business;USD;US dollar;NOK;Norwegian krone;SP;Spot;4;false;0;Units;C;ECB concertation time 14:15 CET;2019-12-02;9.1947
B;Business;USD;US dollar;NOK;Norwegian krone;SP;Spot;4;false;0;Units;C;ECB concertation time 14:15 CET;2019-12-03;9.1833
B;Business;USD;US dollar;NOK;Norwegian krone;SP;Spot;4;false;0;Units;C;ECB concertation time 14:15 CET;2019-12-04;9.1799
B;Business;USD;US dollar;NOK;Norwegian krone;SP;Spot;4;false;0;Units;C;ECB concertation time 14:15 CET;2019-12-05;9.1593
B;Business;USD;US dollar;NOK;Norwegian krone;SP;Spot;4;false;0;Units;C;ECB concertation time 14:15 CET;2019-12-06;9.1252
B;Business;USD;US dollar;NOK;Norwegian krone;SP;Spot;4;false;0;Units;C;ECB concertation time 14:15 CET;2019-12-09;9.1411
B;Business;USD;US dollar;NOK;Norwegian krone;SP;Spot;4;false;0;Units;C;ECB concertation time 14:15 CET;2019-12-10;9.1923
B;Business;USD;US dollar;NOK;Norwegian krone;SP;Spot;4;false;0;Units;C;ECB concertation time 14:15 CET;2019-12-11;9.1643
B;Business;USD;US dollar;NOK;Norwegian krone;SP;Spot;4;false;0;Units;C;ECB concertation time 14:15 CET;2019-12-12;9.1003
B;Business;USD;US dollar;NOK;Norwegian krone;SP;Spot;4;false;0;Units;C;ECB concertation time 14:15 CET;2019-12-13;9.0057
B;Business;USD;US dollar;NOK;Norwegian krone;SP;Spot;4;false;0;Units;C;ECB concertation time 14:15 CET;2019-12-16;8.9969
B;Business;USD;US dollar;NOK;Norwegian krone;SP;Spot;4;false;0;Units;C;ECB concertation time 14:15 CET;2019-12-17;9.017
B;Business;USD;US dollar;NOK;Norwegian krone;SP;Spot;4;false;0;Units;C;ECB concertation time 14:15 CET;2019-12-18;9.0286
B;Business;USD;US dollar;NOK;Norwegian krone;SP;Spot;4;false;0;Units;C;ECB concertation time 14:15 CET;2019-12-19;8.9759
B;Business;USD;US dollar;NOK;Norwegian krone;SP;Spot;4;false;0;Units;C;ECB concertation time 14:15 CET;2019-12-20;8.9631
B;Business;USD;US dollar;NOK;Norwegian krone;SP;Spot;4;false;0;Units;C;ECB concertation time 14:15 CET;2019-12-23;8.9508
B;Business;USD;US dollar;NOK;Norwegian krone;SP;Spot;4;false;0;Units;C;ECB concertation time 14:15 CET;2019-12-27;8.8387
B;Business;USD;US dollar;NOK;Norwegian krone;SP;Spot;4;false;0;Units;C;ECB concertation time 14:15 CET;2019-12-30;8.7997
B;Business;USD;US dollar;NOK;Norwegian krone;SP;Spot;4;false;0;Units;C;ECB concertation time 14:15 CET;2019-12-31;8.7803
B;Business;USD;US dollar;NOK;Norwegian krone;SP;Spot;4;false;0;Units;C;ECB concertation time 14:15 CET;2020-01-02;8.7919
B;Business;USD;US dollar;NOK;Norwegian krone;SP;Spot;4;false;0;Units;C;ECB concertation time 14:15 CET;2020-01-03;8.8199
B;Business;USD;US dollar;NOK;Norwegian krone;SP;Spot;4;false;0;Units;C;ECB concertation time 14:15 CET;2020-01-06;8.7983
B;Business;USD;US dollar;NOK;Norwegian krone;SP;Spot;4;false;0;Units;C;ECB concertation time 14:15 CET;2020-01-07;8.821
B;Business;USD;US dollar;NOK;Norwegian krone;SP;Spot;4;false;0;Units;C;ECB concertation time 14:15 CET;2020-01-08;8.8626
B;Business;USD;US dollar;NOK;Norwegian krone;SP;Spot;4;false;0;Units;C;ECB concertation time 14:15 CET;2020-01-09;8.8807
B;Business;USD;US dollar;NOK;Norwegian krone;SP;Spot;4;false;0;Units;C;ECB concertation time 14:15 CET;2020-01-10;8.9032
B;Business;USD;US dollar;NOK;Norwegian krone;SP;Spot;4;false;0;Units;C;ECB concertation time 14:15 CET;2020-01-13;8.894
B;Business;USD;US dollar;NOK;Norwegian krone;SP;Spot;4;false;0;Units;C;ECB concertation time 14:15 CET;2020-01-14;8.8997
B;Business;USD;US dollar;NOK;Norwegian krone;SP;Spot;4;false;0;Units;C;ECB concertation time 14:15 CET;2020-01-15;8.8691
B;Business;USD;US dollar;NOK;Norwegian krone;SP;Spot;4;false;0;Units;C;ECB concertation time 14:15 CET;2020-01-16;8.869
B;Business;USD;US dollar;NOK;Norwegian krone;SP;Spot;4;false;0;Units;C;ECB concertation time 14:15 CET;2020-01-17;8.9026
B;Business;USD;US dollar;NOK;Norwegian krone;SP;Spot;4;false;0;Units;C;ECB concertation time 14:15 CET;2020-01-20;8.9143
B;Business;USD;US dollar;NOK;Norwegian krone;SP;Spot;4;false;0;Units;C;ECB concertation time 14:15 CET;2020-01-21;8.9393
B;Business;USD;US dollar;NOK;Norwegian krone;SP;Spot;4;false;0;Units;C;ECB concertation time 14:15 CET;2020-01-22;8.9818
B;Business;USD;US dollar;NOK;Norwegian krone;SP;Spot;4;false;0;Units;C;ECB concertation time 14:15 CET;2020-01-23;8.9873
B;Business;USD;US dollar;NOK;Norwegian krone;SP;Spot;4;false;0;Units;C;ECB concertation time 14:15 CET;2020-01-24;9.0054
B;Business;USD;US dollar;NOK;Norwegian krone;SP;Spot;4;false;0;Units;C;ECB concertation time 14:15 CET;2020-01-27;9.1032
B;Business;USD;US dollar;NOK;Norwegian krone;SP;Spot;4;false;0;Units;C;ECB concertation time 14:15 CET;2020-01-28;9.1557
B;Business;USD;US dollar;NOK;Norwegian krone;SP;Spot;4;false;0;Units;C;ECB concertation time 14:15 CET;2020-01-29;9.1413
B;Business;USD;US dollar;NOK;Norwegian krone;SP;Spot;4;false;0;Units;C;ECB concertation time 14:15 CET;2020-01-30;9.2246
B;Business;USD;US dollar;NOK;Norwegian krone;SP;Spot;4;false;0;Units;C;ECB concertation time 14:15 CET;2020-01-31;9.2194
B;Business;USD;US dollar;NOK;Norwegian krone;SP;Spot;4;false;0;Units;C;ECB concertation time 14:15 CET;2020-02-03;9.2707
B;Business;USD;US dollar;NOK;Norwegian krone;SP;Spot;4;false;0;Units;C;ECB concertation time 14:15 CET;2020-02-04;9.2277
B;Business;USD;US dollar;NOK;Norwegian krone;SP;Spot;4;false;0;Units;C;ECB concertation time 14:15 CET;2020-02-05;9.1784
B;Business;USD;US dollar;NOK;Norwegian krone;SP;Spot;4;false;0;Units;C;ECB concertation time 14:15 CET;2020-02-06;9.2055
B;Business;USD;US dollar;NOK;Norwegian krone;SP;Spot;4;false;0;Units;C;ECB concertation time 14:15 CET;2020-02-07;9.2691
B;Business;USD;US dollar;NOK;Norwegian krone;SP;Spot;4;false;0;Units;C;ECB concertation time 14:15 CET;2020-02-10;9.2401
B;Business;USD;US dollar;NOK;Norwegian krone;SP;Spot;4;false;0;Units;C;ECB concertation time 14:15 CET;2020-02-11;9.2609
B;Business;USD;US dollar;NOK;Norwegian krone;SP;Spot;4;false;0;Units;C;ECB concertation time 14:15 CET;2020-02-12;9.2033
B;Business;USD;US dollar;NOK;Norwegian krone;SP;Spot;4;false;0;Units;C;ECB concertation time 14:15 CET;2020-02-13;9.2404
B;Business;USD;US dollar;NOK;Norwegian krone;SP;Spot;4;false;0;Units;C;ECB concertation time 14:15 CET;2020-02-14;9.2472
B;Business;USD;US dollar;NOK;Norwegian krone;SP;Spot;4;false;0;Units;C;ECB concertation time 14:15 CET;2020-02-17;9.2638
B;Business;USD;US dollar;NOK;Norwegian krone;SP;Spot;4;false;0;Units;C;ECB concertation time 14:15 CET;2020-02-18;9.3272
B;Business;USD;US dollar;NOK;Norwegian krone;SP;Spot;4;false;0;Units;C;ECB concertation time 14:15 CET;2020-02-19;9.2757
B;Business;USD;US dollar;NOK;Norwegian krone;SP;Spot;4;false;0;Units;C;ECB concertation time 14:15 CET;2020-02-20;9.31
B;Business;USD;US dollar;NOK;Norwegian krone;SP;Spot;4;false;0;Units;C;ECB concertation time 14:15 CET;2020-02-21;9.3392
B;Business;USD;US dollar;NOK;Norwegian krone;SP;Spot;4;false;0;Units;C;ECB concertation time 14:15 CET;2020-02-24;9.3666
B;Business;USD;US dollar;NOK;Norwegian krone;SP;Spot;4;false;0;Units;C;ECB concertation time 14:15 CET;2020-02-25;9.3727
B;Business;USD;US dollar;NOK;Norwegian krone;SP;Spot;4;false;0;Units;C;ECB concertation time 14:15 CET;2020-02-26;9.3897
B;Business;USD;US dollar;NOK;Norwegian krone;SP;Spot;4;false;0;Units;C;ECB concertation time 14:15 CET;2020-02-27;9.3869
B;Business;USD;US dollar;NOK;Norwegian krone;SP;Spot;4;false;0;Units;C;ECB concertation time 14:15 CET;2020-02-28;9.4642
B;Business;USD;US dollar;NOK;Norwegian krone;SP;Spot;4;false;0;Units;C;ECB concertation time 14:15 CET;2020-03-02;9.3547
B;Business;USD;US dollar;NOK;Norwegian krone;SP;Spot;4;false;0;Units;C;ECB concertation time 14:15 CET;2020-03-03;9.2946
B;Business;USD;US dollar;NOK;Norwegian krone;SP;Spot;4;false;0;Units;C;ECB concertation time 14:15 CET;2020-03-04;9.263
B;Business;USD;US dollar;NOK;Norwegian krone;SP;Spot;4;false;0;Units;C;ECB concertation time 14:15 CET;2020-03-05;9.2706
B;Business;USD;US dollar;NOK;Norwegian krone;SP;Spot;4;false;0;Units;C;ECB concertation time 14:15 CET;2020-03-06;9.261
B;Business;USD;US dollar;NOK;Norwegian krone;SP;Spot;4;false;0;Units;C;ECB concertation time 14:15 CET;2020-03-09;9.5059
B;Business;USD;US dollar;NOK;Norwegian krone;SP;Spot;4;false;0;Units;C;ECB concertation time 14:15 CET;2020-03-10;9.52
B;Business;USD;US dollar;NOK;Norwegian krone;SP;Spot;4;false;0;Units;C;ECB concertation time 14:15 CET;2020-03-11;9.5764
B;Business;USD;US dollar;NOK;Norwegian krone;SP;Spot;4;false;0;Units;C;ECB concertation time 14:15 CET;2020-03-12;10.1141
B;Business;USD;US dollar;NOK;Norwegian krone;SP;Spot;4;false;0;Units;C;ECB concertation time 14:15 CET;2020-03-13;9.9933
B;Business;USD;US dollar;NOK;Norwegian krone;SP;Spot;4;false;0;Units;C;ECB concertation time 14:15 CET;2020-03-16;10.2864
B;Business;USD;US dollar;NOK;Norwegian krone;SP;Spot;4;false;0;Units;C;ECB concertation time 14:15 CET;2020-03-17;10.4774
B;Business;USD;US dollar;NOK;Norwegian krone;SP;Spot;4;false;0;Units;C;ECB concertation time 14:15 CET;2020-03-18;10.7015
B;Business;USD;US dollar;NOK;Norwegian krone;SP;Spot;4;false;0;Units;C;ECB concertation time 14:15 CET;2020-03-19;11.4031
B;Business;USD;US dollar;NOK;Norwegian krone;SP;Spot;4;false;0;Units;C;ECB concertation time 14:15 CET;2020-03-20;11.3211
B;Business;USD;US dollar;NOK;Norwegian krone;SP;Spot;4;false;0;Units;C;ECB concertation time 14:15 CET;2020-03-23;11.3668
B;Business;USD;US dollar;NOK;Norwegian krone;SP;Spot;4;false;0;Units;C;ECB concertation time 14:15 CET;2020-03-24;11.0435
B;Business;USD;US dollar;NOK;Norwegian krone;SP;Spot;4;false;0;Units;C;ECB concertation time 14:15 CET;2020-03-25;10.8751
B;Business;USD;US dollar;NOK;Norwegian krone;SP;Spot;4;false;0;Units;C;ECB concertation time 14:15 CET;2020-03-26;10.4975
B;Business;USD;US dollar;NOK;Norwegian krone;SP;Spot;4;false;0;Units;C;ECB concertation time 14:15 CET;2020-03-27;10.6184
B;Business;USD;US dollar;NOK;Norwegian krone;SP;Spot;4;false;0;Units;C;ECB concertation time 14:15 CET;2020-03-30;10.5934
B;Business;USD;US dollar;NOK;Norwegian krone;SP;Spot;4;false;0;Units;C;ECB concertation time 14:15 CET;2020-03-31;10.5057
B;Business;USD;US dollar;NOK;Norwegian krone;SP;Spot;4;false;0;Units;C;ECB concertation time 14:15 CET;2020-04-01;10.304
B;Business;USD;US dollar;NOK;Norwegian krone;SP;Spot;4;false;0;Units;C;ECB concertation time 14:15 CET;2020-04-02;10.3012
B;Business;USD;US dollar;NOK;Norwegian krone;SP;Spot;4;false;0;Units;C;ECB concertation time 14:15 CET;2020-04-03;10.443
B;Business;USD;US dollar;NOK;Norwegian krone;SP;Spot;4;false;0;Units;C;ECB concertation time 14:15 CET;2020-04-06;10.5528
B;Business;USD;US dollar;NOK;Norwegian krone;SP;Spot;4;false;0;Units;C;ECB concertation time 14:15 CET;2020-04-07;10.1925
B;Business;USD;US dollar;NOK;Norwegian krone;SP;Spot;4;false;0;Units;C;ECB concertation time 14:15 CET;2020-04-08;10.2971
B;Business;USD;US dollar;NOK;Norwegian krone;SP;Spot;4;false;0;Units;C;ECB concertation time 14:15 CET;2020-04-14;10.3182
B;Business;USD;US dollar;NOK;Norwegian krone;SP;Spot;4;false;0;Units;C;ECB concertation time 14:15 CET;2020-04-15;10.502
B;Business;USD;US dollar;NOK;Norwegian krone;SP;Spot;4;false;0;Units;C;ECB concertation time 14:15 CET;2020-04-16;10.4836
B;Business;USD;US dollar;NOK;Norwegian krone;SP;Spot;4;false;0;Units;C;ECB concertation time 14:15 CET;2020-04-17;10.3909
B;Business;USD;US dollar;NOK;Norwegian krone;SP;Spot;4;false;0;Units;C;ECB concertation time 14:15 CET;2020-04-20;10.3773
B;Business;USD;US dollar;NOK;Norwegian krone;SP;Spot;4;false;0;Units;C;ECB concertation time 14:15 CET;2020-04-21;10.5973
B;Business;USD;US dollar;NOK;Norwegian krone;SP;Spot;4;false;0;Units;C;ECB concertation time 14:15 CET;2020-04-22;10.7458
B;Business;USD;US dollar;NOK;Norwegian krone;SP;Spot;4;false;0;Units;C;ECB concertation time 14:15 CET;2020-04-23;10.6911
B;Business;USD;US dollar;NOK;Norwegian krone;SP;Spot;4;false;0;Units;C;ECB concertation time 14:15 CET;2020-04-24;10.6282
B;Business;USD;US dollar;NOK;Norwegian krone;SP;Spot;4;false;0;Units;C;ECB concertation time 14:15 CET;2020-04-27;10.5522
B;Business;USD;US dollar;NOK;Norwegian krone;SP;Spot;4;false;0;Units;C;ECB concertation time 14:15 CET;2020-04-28;10.3689
B;Business;USD;US dollar;NOK;Norwegian krone;SP;Spot;4;false;0;Units;C;ECB concertation time 14:15 CET;2020-04-29;10.3973
B;Business;USD;US dollar;NOK;Norwegian krone;SP;Spot;4;false;0;Units;C;ECB concertation time 14:15 CET;2020-04-30;10.2832
B;Business;USD;US dollar;NOK;Norwegian krone;SP;Spot;4;false;0;Units;C;ECB concertation time 14:15 CET;2020-05-04;10.3528
B;Business;USD;US dollar;NOK;Norwegian krone;SP;Spot;4;false;0;Units;C;ECB concertation time 14:15 CET;2020-05-05;10.3043
B;Business;USD;US dollar;NOK;Norwegian krone;SP;Spot;4;false;0;Units;C;ECB concertation time 14:15 CET;2020-05-06;10.2619
B;Business;USD;US dollar;NOK;Norwegian krone;SP;Spot;4;false;0;Units;C;ECB concertation time 14:15 CET;2020-05-07;10.2388
B;Business;USD;US dollar;NOK;Norwegian krone;SP;Spot;4;false;0;Units;C;ECB concertation time 14:15 CET;2020-05-08;10.2089
B;Business;USD;US dollar;NOK;Norwegian krone;SP;Spot;4;false;0;Units;C;ECB concertation time 14:15 CET;2020-05-11;10.2051
B;Business;USD;US dollar;NOK;Norwegian krone;SP;Spot;4;false;0;Units;C;ECB concertation time 14:15 CET;2020-05-12;10.1785
B;Business;USD;US dollar;NOK;Norwegian krone;SP;Spot;4;false;0;Units;C;ECB concertation time 14:15 CET;2020-05-13;10.0579
B;Business;USD;US dollar;NOK;Norwegian krone;SP;Spot;4;false;0;Units;C;ECB concertation time 14:15 CET;2020-05-14;10.2481
B;Business;USD;US dollar;NOK;Norwegian krone;SP;Spot;4;false;0;Units;C;ECB concertation time 14:15 CET;2020-05-15;10.2397
B;Business;USD;US dollar;NOK;Norwegian krone;SP;Spot;4;false;0;Units;C;ECB concertation time 14:15 CET;2020-05-18;10.124
B;Business;USD;US dollar;NOK;Norwegian krone;SP;Spot;4;false;0;Units;C;ECB concertation time 14:15 CET;2020-05-19;9.9683
B;Business;USD;US dollar;NOK;Norwegian krone;SP;Spot;4;false;0;Units;C;ECB concertation time 14:15 CET;2020-05-20;9.9256
B;Business;USD;US dollar;NOK;Norwegian krone;SP;Spot;4;false;0;Units;C;ECB concertation time 14:15 CET;2020-05-22;10.0035
B;Business;USD;US dollar;NOK;Norwegian krone;SP;Spot;4;false;0;Units;C;ECB concertation time 14:15 CET;2020-05-25;10.0236
B;Business;USD;US dollar;NOK;Norwegian krone;SP;Spot;4;false;0;Units;C;ECB concertation time 14:15 CET;2020-05-26;9.9265
B;Business;USD;US dollar;NOK;Norwegian krone;SP;Spot;4;false;0;Units;C;ECB concertation time 14:15 CET;2020-05-27;9.852
B;Business;USD;US dollar;NOK;Norwegian krone;SP;Spot;4;false;0;Units;C;ECB concertation time 14:15 CET;2020-05-28;9.8541
B;Business;USD;US dollar;NOK;Norwegian krone;SP;Spot;4;false;0;Units;C;ECB concertation time 14:15 CET;2020-05-29;9.6875
B;Business;USD;US dollar;NOK;Norwegian krone;SP;Spot;4;false;0;Units;C;ECB concertation time 14:15 CET;2020-06-02;9.5577
B;Business;USD;US dollar;NOK;Norwegian krone;SP;Spot;4;false;0;Units;C;ECB concertation time 14:15 CET;2020-06-03;9.5388
B;Business;USD;US dollar;NOK;Norwegian krone;SP;Spot;4;false;0;Units;C;ECB concertation time 14:15 CET;2020-06-04;9.4265
B;Business;USD;US dollar;NOK;Norwegian krone;SP;Spot;4;false;0;Units;C;ECB concertation time 14:15 CET;2020-06-05;9.303
B;Business;USD;US dollar;NOK;Norwegian krone;SP;Spot;4;false;0;Units;C;ECB concertation time 14:15 CET;2020-06-08;9.2692
B;Business;USD;US dollar;NOK;Norwegian krone;SP;Spot;4;false;0;Units;C;ECB concertation time 14:15 CET;2020-06-09;9.334
B;Business;USD;US dollar;NOK;Norwegian krone;SP;Spot;4;false;0;Units;C;ECB concertation time 14:15 CET;2020-06-10;9.2644
B;Business;USD;US dollar;NOK;Norwegian krone;SP;Spot;4;false;0;Units;C;ECB concertation time 14:15 CET;2020-06-11;9.4466
B;Business;USD;US dollar;NOK;Norwegian krone;SP;Spot;4;false;0;Units;C;ECB concertation time 14:15 CET;2020-06-12;9.5962
B;Business;USD;US dollar;NOK;Norwegian krone;SP;Spot;4;false;0;Units;C;ECB concertation time 14:15 CET;2020-06-15;9.6769
B;Business;USD;US dollar;NOK;Norwegian krone;SP;Spot;4;false;0;Units;C;ECB concertation time 14:15 CET;2020-06-16;9.4967
B;Business;USD;US dollar;NOK;Norwegian krone;SP;Spot;4;false;0;Units;C;ECB concertation time 14:15 CET;2020-06-17;9.5308
B;Business;USD;US dollar;NOK;Norwegian krone;SP;Spot;4;false;0;Units;C;ECB concertation time 14:15 CET;2020-06-18;9.5422
B;Business;USD;US dollar;NOK;Norwegian krone;SP;Spot;4;false;0;Units;C;ECB concertation time 14:15 CET;2020-06-19;9.5571
B;Business;USD;US dollar;NOK;Norwegian krone;SP;Spot;4;false;0;Units;C;ECB concertation time 14:15 CET;2020-06-22;9.6303
B;Business;USD;US dollar;NOK;Norwegian krone;SP;Spot;4;false;0;Units;C;ECB concertation time 14:15 CET;2020-06-23;9.4844
B;Business;USD;US dollar;NOK;Norwegian krone;SP;Spot;4;false;0;Units;C;ECB concertation time 14:15 CET;2020-06-24;9.5707
B;Business;USD;US dollar;NOK;Norwegian krone;SP;Spot;4;false;0;Units;C;ECB concertation time 14:15 CET;2020-06-25;9.7096
B;Business;USD;US dollar;NOK;Norwegian krone;SP;Spot;4;false;0;Units;C;ECB concertation time 14:15 CET;2020-06-26;9.7075
B;Business;USD;US dollar;NOK;Norwegian krone;SP;Spot;4;false;0;Units;C;ECB concertation time 14:15 CET;2020-06-29;9.6608
B;Business;USD;US dollar;NOK;Norwegian krone;SP;Spot;4;false;0;Units;C;ECB concertation time 14:15 CET;2020-06-30;9.7446
B;Business;USD;US dollar;NOK;Norwegian krone;SP;Spot;4;false;0;Units;C;ECB concertation time 14:15 CET;2020-07-01;9.6193
B;Business;USD;US dollar;NOK;Norwegian krone;SP;Spot;4;false;0;Units;C;ECB concertation time 14:15 CET;2020-07-02;9.4695
B;Business;USD;US dollar;NOK;Norwegian krone;SP;Spot;4;false;0;Units;C;ECB concertation time 14:15 CET;2020-07-03;9.5131
B;Business;USD;US dollar;NOK;Norwegian krone;SP;Spot;4;false;0;Units;C;ECB concertation time 14:15 CET;2020-07-06;9.3791
B;Business;USD;US dollar;NOK;Norwegian krone;SP;Spot;4;false;0;Units;C;ECB concertation time 14:15 CET;2020-07-07;9.4267
B;Business;USD;US dollar;NOK;Norwegian krone;SP;Spot;4;false;0;Units;C;ECB concertation time 14:15 CET;2020-07-08;9.4706
B;Business;USD;US dollar;NOK;Norwegian krone;SP;Spot;4;false;0;Units;C;ECB concertation time 14:15 CET;2020-07-09;9.361
B;Business;USD;US dollar;NOK;Norwegian krone;SP;Spot;4;false;0;Units;C;ECB concertation time 14:15 CET;2020-07-10;9.5036
B;Business;USD;US dollar;NOK;Norwegian krone;SP;Spot;4;false;0;Units;C;ECB concertation time 14:15 CET;2020-07-13;9.4139
B;Business;USD;US dollar;NOK;Norwegian krone;SP;Spot;4;false;0;Units;C;ECB concertation time 14:15 CET;2020-07-14;9.4163
B;Business;USD;US dollar;NOK;Norwegian krone;SP;Spot;4;false;0;Units;C;ECB concertation time 14:15 CET;2020-07-15;9.2865
B;Business;USD;US dollar;NOK;Norwegian krone;SP;Spot;4;false;0;Units;C;ECB concertation time 14:15 CET;2020-07-16;9.2998
B;Business;USD;US dollar;NOK;Norwegian krone;SP;Spot;4;false;0;Units;C;ECB concertation time 14:15 CET;2020-07-17;9.275
B;Business;USD;US dollar;NOK;Norwegian krone;SP;Spot;4;false;0;Units;C;ECB concertation time 14:15 CET;2020-07-20;9.2645
B;Business;USD;US dollar;NOK;Norwegian krone;SP;Spot;4;false;0;Units;C;ECB concertation time 14:15 CET;2020-07-21;9.1701
B;Business;USD;US dollar;NOK;Norwegian krone;SP;Spot;4;false;0;Units;C;ECB concertation time 14:15 CET;2020-07-22;9.0985
B;Business;USD;US dollar;NOK;Norwegian krone;SP;Spot;4;false;0;Units;C;ECB concertation time 14:15 CET;2020-07-23;9.1687
B;Business;USD;US dollar;NOK;Norwegian krone;SP;Spot;4;false;0;Units;C;ECB concertation time 14:15 CET;2020-07-24;9.2137
B;Business;USD;US dollar;NOK;Norwegian krone;SP;Spot;4;false;0;Units;C;ECB concertation time 14:15 CET;2020-07-27;9.0717
B;Business;USD;US dollar;NOK;Norwegian krone;SP;Spot;4;false;0;Units;C;ECB concertation time 14:15 CET;2020-07-28;9.1269
B;Business;USD;US dollar;NOK;Norwegian krone;SP;Spot;4;false;0;Units;C;ECB concertation time 14:15 CET;2020-07-29;9.0894
B;Business;USD;US dollar;NOK;Norwegian krone;SP;Spot;4;false;0;Units;C;ECB concertation time 14:15 CET;2020-07-30;9.1299
B;Business;USD;US dollar;NOK;Norwegian krone;SP;Spot;4;false;0;Units;C;ECB concertation time 14:15 CET;2020-07-31;9.0583
B;Business;USD;US dollar;NOK;Norwegian krone;SP;Spot;4;false;0;Units;C;ECB concertation time 14:15 CET;2020-08-03;9.1411
B;Business;USD;US dollar;NOK;Norwegian krone;SP;Spot;4;false;0;Units;C;ECB concertation time 14:15 CET;2020-08-04;9.1431
B;Business;USD;US dollar;NOK;Norwegian krone;SP;Spot;4;false;0;Units;C;ECB concertation time 14:15 CET;2020-08-05;8.9915
B;Business;USD;US dollar;NOK;Norwegian krone;SP;Spot;4;false;0;Units;C;ECB concertation time 14:15 CET;2020-08-06;8.9959
B;Business;USD;US dollar;NOK;Norwegian krone;SP;Spot;4;false;0;Units;C;ECB concertation time 14:15 CET;2020-08-07;9.0068
B;Business;USD;US dollar;NOK;Norwegian krone;SP;Spot;4;false;0;Units;C;ECB concertation time 14:15 CET;2020-08-10;9.036
B;Business;USD;US dollar;NOK;Norwegian krone;SP;Spot;4;false;0;Units;C;ECB concertation time 14:15 CET;2020-08-11;8.967
B;Business;USD;US dollar;NOK;Norwegian krone;SP;Spot;4;false;0;Units;C;ECB concertation time 14:15 CET;2020-08-12;8.9596
B;Business;USD;US dollar;NOK;Norwegian krone;SP;Spot;4;false;0;Units;C;ECB concertation time 14:15 CET;2020-08-13;8.886
B;Business;USD;US dollar;NOK;Norwegian krone;SP;Spot;4;false;0;Units;C;ECB concertation time 14:15 CET;2020-08-14;8.9226
B;Business;USD;US dollar;NOK;Norwegian krone;SP;Spot;4;false;0;Units;C;ECB concertation time 14:15 CET;2020-08-17;8.8686
B;Business;USD;US dollar;NOK;Norwegian krone;SP;Spot;4;false;0;Units;C;ECB concertation time 14:15 CET;2020-08-18;8.8199
B;Business;USD;US dollar;NOK;Norwegian krone;SP;Spot;4;false;0;Units;C;ECB concertation time 14:15 CET;2020-08-19;8.8373
B;Business;USD;US dollar;NOK;Norwegian krone;SP;Spot;4;false;0;Units;C;ECB concertation time 14:15 CET;2020-08-20;8.9509
B;Business;USD;US dollar;NOK;Norwegian krone;SP;Spot;4;false;0;Units;C;ECB concertation time 14:15 CET;2020-08-21;8.9993
B;Business;USD;US dollar;NOK;Norwegian krone;SP;Spot;4;false;0;Units;C;ECB concertation time 14:15 CET;2020-08-24;8.9633
B;Business;USD;US dollar;NOK;Norwegian krone;SP;Spot;4;false;0;Units;C;ECB concertation time 14:15 CET;2020-08-25;8.946
B;Business;USD;US dollar;NOK;Norwegian krone;SP;Spot;4;false;0;Units;C;ECB concertation time 14:15 CET;2020-08-26;8.9578
B;Business;USD;US dollar;NOK;Norwegian krone;SP;Spot;4;false;0;Units;C;ECB concertation time 14:15 CET;2020-08-27;8.9089
B;Business;USD;US dollar;NOK;Norwegian krone;SP;Spot;4;false;0;Units;C;ECB concertation time 14:15 CET;2020-08-28;8.7872
B;Business;USD;US dollar;NOK;Norwegian krone;SP;Spot;4;false;0;Units;C;ECB concertation time 14:15 CET;2020-08-31;8.7563
B;Business;USD;US dollar;NOK;Norwegian krone;SP;Spot;4;false;0;Units;C;ECB concertation time 14:15 CET;2020-09-01;8.7076
B;Business;USD;US dollar;NOK;Norwegian krone;SP;Spot;4;false;0;Units;C;ECB concertation time 14:15 CET;2020-09-02;8.7733
B;Business;USD;US dollar;NOK;Norwegian krone;SP;Spot;4;false;0;Units;C;ECB concertation time 14:15 CET;2020-09-03;8.9152
B;Business;USD;US dollar;NOK;Norwegian krone;SP;Spot;4;false;0;Units;C;ECB concertation time 14:15 CET;2020-09-04;8.9316
B;Business;USD;US dollar;NOK;Norwegian krone;SP;Spot;4;false;0;Units;C;ECB concertation time 14:15 CET;2020-09-07;8.9186
B;Business;USD;US dollar;NOK;Norwegian krone;SP;Spot;4;false;0;Units;C;ECB concertation time 14:15 CET;2020-09-08;9.055
B;Business;USD;US dollar;NOK;Norwegian krone;SP;Spot;4;false;0;Units;C;ECB concertation time 14:15 CET;2020-09-09;9.1013
B;Business;USD;US dollar;NOK;Norwegian krone;SP;Spot;4;false;0;Units;C;ECB concertation time 14:15 CET;2020-09-10;9.0193
B;Business;USD;US dollar;NOK;Norwegian krone;SP;Spot;4;false;0;Units;C;ECB concertation time 14:15 CET;2020-09-11;9.0289
B;Business;USD;US dollar;NOK;Norwegian krone;SP;Spot;4;false;0;Units;C;ECB concertation time 14:15 CET;2020-09-14;9.0041
B;Business;USD;US dollar;NOK;Norwegian krone;SP;Spot;4;false;0;Units;C;ECB concertation time 14:15 CET;2020-09-15;8.9945
B;Business;USD;US dollar;NOK;Norwegian krone;SP;Spot;4;false;0;Units;C;ECB concertation time 14:15 CET;2020-09-16;8.9821
B;Business;USD;US dollar;NOK;Norwegian krone;SP;Spot;4;false;0;Units;C;ECB concertation time 14:15 CET;2020-09-17;9.0903
B;Business;USD;US dollar;NOK;Norwegian krone;SP;Spot;4;false;0;Units;C;ECB concertation time 14:15 CET;2020-09-18;9.088
B;Business;USD;US dollar;NOK;Norwegian krone;SP;Spot;4;false;0;Units;C;ECB concertation time 14:15 CET;2020-09-21;9.2339
B;Business;USD;US dollar;NOK;Norwegian krone;SP;Spot;4;false;0;Units;C;ECB concertation time 14:15 CET;2020-09-22;9.3295
B;Business;USD;US dollar;NOK;Norwegian krone;SP;Spot;4;false;0;Units;C;ECB concertation time 14:15 CET;2020-09-23;9.4028
B;Business;USD;US dollar;NOK;Norwegian krone;SP;Spot;4;false;0;Units;C;ECB concertation time 14:15 CET;2020-09-24;9.534
B;Business;USD;US dollar;NOK;Norwegian krone;SP;Spot;4;false;0;Units;C;ECB concertation time 14:15 CET;2020-09-25;9.5793
B;Business;USD;US dollar;NOK;Norwegian krone;SP;Spot;4;false;0;Units;C;ECB concertation time 14:15 CET;2020-09-28;9.4756
B;Business;USD;US dollar;NOK;Norwegian krone;SP;Spot;4;false;0;Units;C;ECB concertation time 14:15 CET;2020-09-29;9.4465
B;Business;USD;US dollar;NOK;Norwegian krone;SP;Spot;4;false;0;Units;C;ECB concertation time 14:15 CET;2020-09-30;9.4814
B;Business;USD;US dollar;NOK;Norwegian krone;SP;Spot;4;false;0;Units;C;ECB concertation time 14:15 CET;2020-10-01;9.2812
B;Business;USD;US dollar;NOK;Norwegian krone;SP;Spot;4;false;0;Units;C;ECB concertation time 14:15 CET;2020-10-02;9.2958
B;Business;USD;US dollar;NOK;Norwegian krone;SP;Spot;4;false;0;Units;C;ECB concertation time 14:15 CET;2020-10-05;9.2501
B;Business;USD;US dollar;NOK;Norwegian krone;SP;Spot;4;false;0;Units;C;ECB concertation time 14:15 CET;2020-10-06;9.2075
B;Business;USD;US dollar;NOK;Norwegian krone;SP;Spot;4;false;0;Units;C;ECB concertation time 14:15 CET;2020-10-07;9.2874
B;Business;USD;US dollar;NOK;Norwegian krone;SP;Spot;4;false;0;Units;C;ECB concertation time 14:15 CET;2020-10-08;9.268
B;Business;USD;US dollar;NOK;Norwegian krone;SP;Spot;4;false;0;Units;C;ECB concertation time 14:15 CET;2020-10-09;9.2092
B;Business;USD;US dollar;NOK;Norwegian krone;SP;Spot;4;false;0;Units;C;ECB concertation time 14:15 CET;2020-10-12;9.147
B;Business;USD;US dollar;NOK;Norwegian krone;SP;Spot;4;false;0;Units;C;ECB concertation time 14:15 CET;2020-10-13;9.1561
B;Business;USD;US dollar;NOK;Norwegian krone;SP;Spot;4;false;0;Units;C;ECB concertation time 14:15 CET;2020-10-14;9.21
B;Business;USD;US dollar;NOK;Norwegian krone;SP;Spot;4;false;0;Units;C;ECB concertation time 14:15 CET;2020-10-15;9.3758
B;Business;USD;US dollar;NOK;Norwegian krone;SP;Spot;4;false;0;Units;C;ECB concertation time 14:15 CET;2020-10-16;9.3323
B;Business;USD;US dollar;NOK;Norwegian krone;SP;Spot;4;false;0;Units;C;ECB concertation time 14:15 CET;2020-10-19;9.2889
B;Business;USD;US dollar;NOK;Norwegian krone;SP;Spot;4;false;0;Units;C;ECB concertation time 14:15 CET;2020-10-20;9.2886
B;Business;USD;US dollar;NOK;Norwegian krone;SP;Spot;4;false;0;Units;C;ECB concertation time 14:15 CET;2020-10-21;9.2233
B;Business;USD;US dollar;NOK;Norwegian krone;SP;Spot;4;false;0;Units;C;ECB concertation time 14:15 CET;2020-10-22;9.2484
B;Business;USD;US dollar;NOK;Norwegian krone;SP;Spot;4;false;0;Units;C;ECB concertation time 14:15 CET;2020-10-23;9.2087
B;Business;USD;US dollar;NOK;Norwegian krone;SP;Spot;4;false;0;Units;C;ECB concertation time 14:15 CET;2020-10-26;9.2618
B;Business;USD;US dollar;NOK;Norwegian krone;SP;Spot;4;false;0;Units;C;ECB concertation time 14:15 CET;2020-10-27;9.1614
B;Business;USD;US dollar;NOK;Norwegian krone;SP;Spot;4;false;0;Units;C;ECB concertation time 14:15 CET;2020-10-28;9.3539
B;Business;USD;US dollar;NOK;Norwegian krone;SP;Spot;4;false;0;Units;C;ECB concertation time 14:15 CET;2020-10-29;9.5262
B;Business;USD;US dollar;NOK;Norwegian krone;SP;Spot;4;false;0;Units;C;ECB concertation time 14:15 CET;2020-10-30;9.4837
B;Business;USD;US dollar;NOK;Norwegian krone;SP;Spot;4;false;0;Units;C;ECB concertation time 14:15 CET;2020-11-02;9.5372
B;Business;USD;US dollar;NOK;Norwegian krone;SP;Spot;4;false;0;Units;C;ECB concertation time 14:15 CET;2020-11-03;9.4089
B;Business;USD;US dollar;NOK;Norwegian krone;SP;Spot;4;false;0;Units;C;ECB concertation time 14:15 CET;2020-11-04;9.3493
B;Business;USD;US dollar;NOK;Norwegian krone;SP;Spot;4;false;0;Units;C;ECB concertation time 14:15 CET;2020-11-05;9.1523
B;Business;USD;US dollar;NOK;Norwegian krone;SP;Spot;4;false;0;Units;C;ECB concertation time 14:15 CET;2020-11-06;9.1999
B;Business;USD;US dollar;NOK;Norwegian krone;SP;Spot;4;false;0;Units;C;ECB concertation time 14:15 CET;2020-11-09;9.013
B;Business;USD;US dollar;NOK;Norwegian krone;SP;Spot;4;false;0;Units;C;ECB concertation time 14:15 CET;2020-11-10;9.0293
B;Business;USD;US dollar;NOK;Norwegian krone;SP;Spot;4;false;0;Units;C;ECB concertation time 14:15 CET;2020-11-11;9.0747
B;Business;USD;US dollar;NOK;Norwegian krone;SP;Spot;4;false;0;Units;C;ECB concertation time 14:15 CET;2020-11-12;9.1305
B;Business;USD;US dollar;NOK;Norwegian krone;SP;Spot;4;false;0;Units;C;ECB concertation time 14:15 CET;2020-11-13;9.1513
B;Business;USD;US dollar;NOK;Norwegian krone;SP;Spot;4;false;0;Units;C;ECB concertation time 14:15 CET;2020-11-16;9.071
B;Business;USD;US dollar;NOK;Norwegian krone;SP;Spot;4;false;0;Units;C;ECB concertation time 14:15 CET;2020-11-17;9.0627
B;Business;USD;US dollar;NOK;Norwegian krone;SP;Spot;4;false;0;Units;C;ECB concertation time 14:15 CET;2020-11-18;9.0255
B;Business;USD;US dollar;NOK;Norwegian krone;SP;Spot;4;false;0;Units;C;ECB concertation time 14:15 CET;2020-11-19;9.0348
B;Business;USD;US dollar;NOK;Norwegian krone;SP;Spot;4;false;0;Units;C;ECB concertation time 14:15 CET;2020-11-20;8.987
B;Business;USD;US dollar;NOK;Norwegian krone;SP;Spot;4;false;0;Units;C;ECB concertation time 14:15 CET;2020-11-23;8.9827
B;Business;USD;US dollar;NOK;Norwegian krone;SP;Spot;4;false;0;Units;C;ECB concertation time 14:15 CET;2020-11-24;8.9986
B;Business;USD;US dollar;NOK;Norwegian krone;SP;Spot;4;false;0;Units;C;ECB concertation time 14:15 CET;2020-11-25;8.872
B;Business;USD;US dollar;NOK;Norwegian krone;SP;Spot;4;false;0;Units;C;ECB concertation time 14:15 CET;2020-11-26;8.8828
B;Business;USD;US dollar;NOK;Norwegian krone;SP;Spot;4;false;0;Units;C;ECB concertation time 14:15 CET;2020-11-27;8.8601
B;Business;USD;US dollar;NOK;Norwegian krone;SP;Spot;4;false;0;Units;C;ECB concertation time 14:15 CET;2020-11-30;8.8155
B;Business;USD;US dollar;NOK;Norwegian krone;SP;Spot;4;false;0;Units;C;ECB concertation time 14:15 CET;2020-12-01;8.8593
B;Business;USD;US dollar;NOK;Norwegian krone;SP;Spot;4;false;0;Units;C;ECB concertation time 14:15 CET;2020-12-02;8.8681
B;Business;USD;US dollar;NOK;Norwegian krone;SP;Spot;4;false;0;Units;C;ECB concertation time 14:15 CET;2020-12-03;8.8116
B;Business;USD;US dollar;NOK;Norwegian krone;SP;Spot;4;false;0;Units;C;ECB concertation time 14:15 CET;2020-12-04;8.767
B;Business;USD;US dollar;NOK;Norwegian krone;SP;Spot;4;false;0;Units;C;ECB concertation time 14:15 CET;2020-12-07;8.7672
B;Business;USD;US dollar;NOK;Norwegian krone;SP;Spot;4;false;0;Units;C;ECB concertation time 14:15 CET;2020-12-08;8.7736
B;Business;USD;US dollar;NOK;Norwegian krone;SP;Spot;4;false;0;Units;C;ECB concertation time 14:15 CET;2020-12-09;8.7342
B;Business;USD;US dollar;NOK;Norwegian krone;SP;Spot;4;false;0;Units;C;ECB concertation time 14:15 CET;2020-12-10;8.832
B;Business;USD;US dollar;NOK;Norwegian krone;SP;Spot;4;false;0;Units;C;ECB concertation time 14:15 CET;2020-12-11;8.8206
B;Business;USD;US dollar;NOK;Norwegian krone;SP;Spot;4;false;0;Units;C;ECB concertation time 14:15 CET;2020-12-14;8.7019
B;Business;USD;US dollar;NOK;Norwegian krone;SP;Spot;4;false;0;Units;C;ECB concertation time 14:15 CET;2020-12-15;8.743
B;Business;USD;US dollar;NOK;Norwegian krone;SP;Spot;4;false;0;Units;C;ECB concertation time 14:15 CET;2020-12-16;8.679
B;Business;USD;US dollar;NOK;Norwegian krone;SP;Spot;4;false;0;Units;C;ECB concertation time 14:15 CET;2020-12-17;8.5755
B;Business;USD;US dollar;NOK;Norwegian krone;SP;Spot;4;false;0;Units;C;ECB concertation time 14:15 CET;2020-12-18;8.5784
B;Business;USD;US dollar;NOK;Norwegian krone;SP;Spot;4;false;0;Units;C;ECB concertation time 14:15 CET;2020-12-21;8.7503
B;Business;USD;US dollar;NOK;Norwegian krone;SP;Spot;4;false;0;Units;C;ECB concertation time 14:15 CET;2020-12-22;8.6558
B;Business;USD;US dollar;NOK;Norwegian krone;SP;Spot;4;false;0;Units;C;ECB concertation time 14:15 CET;2020-12-23;8.7324
B;Business;USD;US dollar;NOK;Norwegian krone;SP;Spot;4;false;0;Units;C;ECB concertation time 14:15 CET;2020-12-28;8.6515
B;Business;USD;US dollar;NOK;Norwegian krone;SP;Spot;4;false;0;Units;C;ECB concertation time 14:15 CET;2020-12-29;8.6059
B;Business;USD;US dollar;NOK;Norwegian krone;SP;Spot;4;false;0;Units;C;ECB concertation time 14:15 CET;2020-12-30;8.5881
B;Business;USD;US dollar;NOK;Norwegian krone;SP;Spot;4;false;0;Units;C;ECB concertation time 14:15 CET;2020-12-31;8.5326
B;Business;USD;US dollar;NOK;Norwegian krone;SP;Spot;4;false;0;Units;C;ECB concertation time 14:15 CET;2021-01-04;8.4938
B;Business;USD;US dollar;NOK;Norwegian krone;SP;Spot;4;false;0;Units;C;ECB concertation time 14:15 CET;2021-01-05;8.5334
B;Business;USD;US dollar;NOK;Norwegian krone;SP;Spot;4;false;0;Units;C;ECB concertation time 14:15 CET;2021-01-06;8.4138
B;Business;USD;US dollar;NOK;Norwegian krone;SP;Spot;4;false;0;Units;C;ECB concertation time 14:15 CET;2021-01-07;8.4258
B;Business;USD;US dollar;NOK;Norwegian krone;SP;Spot;4;false;0;Units;C;ECB concertation time 14:15 CET;2021-01-08;8.397
B;Business;USD;US dollar;NOK;Norwegian krone;SP;Spot;4;false;0;Units;C;ECB concertation time 14:15 CET;2021-01-11;8.5242
B;Business;USD;US dollar;NOK;Norwegian krone;SP;Spot;4;false;0;Units;C;ECB concertation time 14:15 CET;2021-01-12;8.5326
B;Business;USD;US dollar;NOK;Norwegian krone;SP;Spot;4;false;0;Units;C;ECB concertation time 14:15 CET;2021-01-13;8.4983
B;Business;USD;US dollar;NOK;Norwegian krone;SP;Spot;4;false;0;Units;C;ECB concertation time 14:15 CET;2021-01-14;8.5045
B;Business;USD;US dollar;NOK;Norwegian krone;SP;Spot;4;false;0;Units;C;ECB concertation time 14:15 CET;2021-01-15;8.5074
B;Business;USD;US dollar;NOK;Norwegian krone;SP;Spot;4;false;0;Units;C;ECB concertation time 14:15 CET;2021-01-18;8.6089
B;Business;USD;US dollar;NOK;Norwegian krone;SP;Spot;4;false;0;Units;C;ECB concertation time 14:15 CET;2021-01-19;8.5248
B;Business;USD;US dollar;NOK;Norwegian krone;SP;Spot;4;false;0;Units;C;ECB concertation time 14:15 CET;2021-01-20;8.5307
B;Business;USD;US dollar;NOK;Norwegian krone;SP;Spot;4;false;0;Units;C;ECB concertation time 14:15 CET;2021-01-21;8.4317
B;Business;USD;US dollar;NOK;Norwegian krone;SP;Spot;4;false;0;Units;C;ECB concertation time 14:15 CET;2021-01-22;8.4971
B;Business;USD;US dollar;NOK;Norwegian krone;SP;Spot;4;false;0;Units;C;ECB concertation time 14:15 CET;2021-01-25;8.5153
B;Business;USD;US dollar;NOK;Norwegian krone;SP;Spot;4;false;0;Units;C;ECB concertation time 14:15 CET;2021-01-26;8.5541
B;Business;USD;US dollar;NOK;Norwegian krone;SP;Spot;4;false;0;Units;C;ECB concertation time 14:15 CET;2021-01-27;8.6309
B;Business;USD;US dollar;NOK;Norwegian krone;SP;Spot;4;false;0;Units;C;ECB concertation time 14:15 CET;2021-01-28;8.7011
B;Business;USD;US dollar;NOK;Norwegian krone;SP;Spot;4;false;0;Units;C;ECB concertation time 14:15 CET;2021-01-29;8.5226
B;Business;USD;US dollar;NOK;Norwegian krone;SP;Spot;4;false;0;Units;C;ECB concertation time 14:15 CET;2021-02-01;8.5973
B;Business;USD;US dollar;NOK;Norwegian krone;SP;Spot;4;false;0;Units;C;ECB concertation time 14:15 CET;2021-02-02;8.5904
B;Business;USD;US dollar;NOK;Norwegian krone;SP;Spot;4;false;0;Units;C;ECB concertation time 14:15 CET;2021-02-03;8.6161
B;Business;USD;US dollar;NOK;Norwegian krone;SP;Spot;4;false;0;Units;C;ECB concertation time 14:15 CET;2021-02-04;8.6179
B;Business;USD;US dollar;NOK;Norwegian krone;SP;Spot;4;false;0;Units;C;ECB concertation time 14:15 CET;2021-02-05;8.6012
B;Business;USD;US dollar;NOK;Norwegian krone;SP;Spot;4;false;0;Units;C;ECB concertation time 14:15 CET;2021-02-08;8.5426
B;Business;USD;US dollar;NOK;Norwegian krone;SP;Spot;4;false;0;Units;C;ECB concertation time 14:15 CET;2021-02-09;8.4755
B;Business;USD;US dollar;NOK;Norwegian krone;SP;Spot;4;false;0;Units;C;ECB concertation time 14:15 CET;2021-02-10;8.4341
B;Business;USD;US dollar;NOK;Norwegian krone;SP;Spot;4;false;0;Units;C;ECB concertation time 14:15 CET;2021-02-11;8.4461
B;Business;USD;US dollar;NOK;Norwegian krone;SP;Spot;4;false;0;Units;C;ECB concertation time 14:15 CET;2021-02-12;8.4944
B;Business;USD;US dollar;NOK;Norwegian krone;SP;Spot;4;false;0;Units;C;ECB concertation time 14:15 CET;2021-02-15;8.4065
B;Business;USD;US dollar;NOK;Norwegian krone;SP;Spot;4;false;0;Units;C;ECB concertation time 14:15 CET;2021-02-16;8.3948
B;Business;USD;US dollar;NOK;Norwegian krone;SP;Spot;4;false;0;Units;C;ECB concertation time 14:15 CET;2021-02-17;8.4671
B;Business;USD;US dollar;NOK;Norwegian krone;SP;Spot;4;false;0;Units;C;ECB concertation time 14:15 CET;2021-02-18;8.4556
B;Business;USD;US dollar;NOK;Norwegian krone;SP;Spot;4;false;0;Units;C;ECB concertation time 14:15 CET;2021-02-19;8.4105
B;Business;USD;US dollar;NOK;Norwegian krone;SP;Spot;4;false;0;Units;C;ECB concertation time 14:15 CET;2021-02-22;8.5045
B;Business;USD;US dollar;NOK;Norwegian krone;SP;Spot;4;false;0;Units;C;ECB concertation time 14:15 CET;2021-02-23;8.4979
B;Business;USD;US dollar;NOK;Norwegian krone;SP;Spot;4;false;0;Units;C;ECB concertation time 14:15 CET;2021-02-24;8.4376
B;Business;USD;US dollar;NOK;Norwegian krone;SP;Spot;4;false;0;Units;C;ECB concertation time 14:15 CET;2021-02-25;8.3661
B;Business;USD;US dollar;NOK;Norwegian krone;SP;Spot;4;false;0;Units;C;ECB concertation time 14:15 CET;2021-02-26;8.5811
B;Business;USD;US dollar;NOK;Norwegian krone;SP;Spot;4;false;0;Units;C;ECB concertation time 14:15 CET;2021-03-01;8.5954
B;Business;USD;US dollar;NOK;Norwegian krone;SP;Spot;4;false;0;Units;C;ECB concertation time 14:15 CET;2021-03-02;8.5264
B;Business;USD;US dollar;NOK;Norwegian krone;SP;Spot;4;false;0;Units;C;ECB concertation time 14:15 CET;2021-03-03;8.5036
B;Business;USD;US dollar;NOK;Norwegian krone;SP;Spot;4;false;0;Units;C;ECB concertation time 14:15 CET;2021-03-04;8.5254
B;Business;USD;US dollar;NOK;Norwegian krone;SP;Spot;4;false;0;Units;C;ECB concertation time 14:15 CET;2021-03-05;8.5534
B;Business;USD;US dollar;NOK;Norwegian krone;SP;Spot;4;false;0;Units;C;ECB concertation time 14:15 CET;2021-03-08;8.5779
B;Business;USD;US dollar;NOK;Norwegian krone;SP;Spot;4;false;0;Units;C;ECB concertation time 14:15 CET;2021-03-09;8.4781
B;Business;USD;US dollar;NOK;Norwegian krone;SP;Spot;4;false;0;Units;C;ECB concertation time 14:15 CET;2021-03-10;8.4774
B;Business;USD;US dollar;NOK;Norwegian krone;SP;Spot;4;false;0;Units;C;ECB concertation time 14:15 CET;2021-03-11;8.4309
B;Business;USD;US dollar;NOK;Norwegian krone;SP;Spot;4;false;0;Units;C;ECB concertation time 14:15 CET;2021-03-12;8.4524
B;Business;USD;US dollar;NOK;Norwegian krone;SP;Spot;4;false;0;Units;C;ECB concertation time 14:15 CET;2021-03-15;8.4721
B;Business;USD;US dollar;NOK;Norwegian krone;SP;Spot;4;false;0;Units;C;ECB concertation time 14:15 CET;2021-03-16;8.4712
B;Business;USD;US dollar;NOK;Norwegian krone;SP;Spot;4;false;0;Units;C;ECB concertation time 14:15 CET;2021-03-17;8.5003
B;Business;USD;US dollar;NOK;Norwegian krone;SP;Spot;4;false;0;Units;C;ECB concertation time 14:15 CET;2021-03-18;8.4837
B;Business;USD;US dollar;NOK;Norwegian krone;SP;Spot;4;false;0;Units;C;ECB concertation time 14:15 CET;2021-03-19;8.5794
B;Business;USD;US dollar;NOK;Norwegian krone;SP;Spot;4;false;0;Units;C;ECB concertation time 14:15 CET;2021-03-22;8.5018
B;Business;USD;US dollar;NOK;Norwegian krone;SP;Spot;4;false;0;Units;C;ECB concertation time 14:15 CET;2021-03-23;8.5654
B;Business;USD;US dollar;NOK;Norwegian krone;SP;Spot;4;false;0;Units;C;ECB concertation time 14:15 CET;2021-03-24;8.5888
B;Business;USD;US dollar;NOK;Norwegian krone;SP;Spot;4;false;0;Units;C;ECB concertation time 14:15 CET;2021-03-25;8.6132
B;Business;USD;US dollar;NOK;Norwegian krone;SP;Spot;4;false;0;Units;C;ECB concertation time 14:15 CET;2021-03-26;8.5943
B;Business;USD;US dollar;NOK;Norwegian krone;SP;Spot;4;false;0;Units;C;ECB concertation time 14:15 CET;2021-03-29;8.5487
B;Business;USD;US dollar;NOK;Norwegian krone;SP;Spot;4;false;0;Units;C;ECB concertation time 14:15 CET;2021-03-30;8.5694
B;Business;USD;US dollar;NOK;Norwegian krone;SP;Spot;4;false;0;Units;C;ECB concertation time 14:15 CET;2021-03-31;8.5249
B;Business;USD;US dollar;NOK;Norwegian krone;SP;Spot;4;false;0;Units;C;ECB concertation time 14:15 CET;2021-04-06;8.531
B;Business;USD;US dollar;NOK;Norwegian krone;SP;Spot;4;false;0;Units;C;ECB concertation time 14:15 CET;2021-04-07;8.4597
B;Business;USD;US dollar;NOK;Norwegian krone;SP;Spot;4;false;0;Units;C;ECB concertation time 14:15 CET;2021-04-08;8.4882
B;Business;USD;US dollar;NOK;Norwegian krone;SP;Spot;4;false;0;Units;C;ECB concertation time 14:15 CET;2021-04-09;8.5069
B;Business;USD;US dollar;NOK;Norwegian krone;SP;Spot;4;false;0;Units;C;ECB concertation time 14:15 CET;2021-04-12;8.4795
B;Business;USD;US dollar;NOK;Norwegian krone;SP;Spot;4;false;0;Units;C;ECB concertation time 14:15 CET;2021-04-13;8.547
B;Business;USD;US dollar;NOK;Norwegian krone;SP;Spot;4;false;0;Units;C;ECB concertation time 14:15 CET;2021-04-14;8.4207
B;Business;USD;US dollar;NOK;Norwegian krone;SP;Spot;4;false;0;Units;C;ECB concertation time 14:15 CET;2021-04-15;8.3904
B;Business;USD;US dollar;NOK;Norwegian krone;SP;Spot;4;false;0;Units;C;ECB concertation time 14:15 CET;2021-04-16;8.3581
B;Business;USD;US dollar;NOK;Norwegian krone;SP;Spot;4;false;0;Units;C;ECB concertation time 14:15 CET;2021-04-19;8.2869
B;Business;USD;US dollar;NOK;Norwegian krone;SP;Spot;4;false;0;Units;C;ECB concertation time 14:15 CET;2021-04-20;8.2952
B;Business;USD;US dollar;NOK;Norwegian krone;SP;Spot;4;false;0;Units;C;ECB concertation time 14:15 CET;2021-04-21;8.3637
B;Business;USD;US dollar;NOK;Norwegian krone;SP;Spot;4;false;0;Units;C;ECB concertation time 14:15 CET;2021-04-22;8.3409
B;Business;USD;US dollar;NOK;Norwegian krone;SP;Spot;4;false;0;Units;C;ECB concertation time 14:15 CET;2021-04-23;8.3234
B;Business;USD;US dollar;NOK;Norwegian krone;SP;Spot;4;false;0;Units;C;ECB concertation time 14:15 CET;2021-04-26;8.3043
B;Business;USD;US dollar;NOK;Norwegian krone;SP;Spot;4;false;0;Units;C;ECB concertation time 14:15 CET;2021-04-27;8.2787
B;Business;USD;US dollar;NOK;Norwegian krone;SP;Spot;4;false;0;Units;C;ECB concertation time 14:15 CET;2021-04-28;8.268
B;Business;USD;US dollar;NOK;Norwegian krone;SP;Spot;4;false;0;Units;C;ECB concertation time 14:15 CET;2021-04-29;8.1742
B;Business;USD;US dollar;NOK;Norwegian krone;SP;Spot;4;false;0;Units;C;ECB concertation time 14:15 CET;2021-04-30;8.2381
B;Business;USD;US dollar;NOK;Norwegian krone;SP;Spot;4;false;0;Units;C;ECB concertation time 14:15 CET;2021-05-03;8.3162
B;Business;USD;US dollar;NOK;Norwegian krone;SP;Spot;4;false;0;Units;C;ECB concertation time 14:15 CET;2021-05-04;8.329
B;Business;USD;US dollar;NOK;Norwegian krone;SP;Spot;4;false;0;Units;C;ECB concertation time 14:15 CET;2021-05-05;8.3172
B;Business;USD;US dollar;NOK;Norwegian krone;SP;Spot;4;false;0;Units;C;ECB concertation time 14:15 CET;2021-05-06;8.3381
B;Business;USD;US dollar;NOK;Norwegian krone;SP;Spot;4;false;0;Units;C;ECB concertation time 14:15 CET;2021-05-07;8.3029
B;Business;USD;US dollar;NOK;Norwegian krone;SP;Spot;4;false;0;Units;C;ECB concertation time 14:15 CET;2021-05-10;8.2183
B;Business;USD;US dollar;NOK;Norwegian krone;SP;Spot;4;false;0;Units;C;ECB concertation time 14:15 CET;2021-05-11;8.2432
B;Business;USD;US dollar;NOK;Norwegian krone;SP;Spot;4;false;0;Units;C;ECB concertation time 14:15 CET;2021-05-12;8.2739
B;Business;USD;US dollar;NOK;Norwegian krone;SP;Spot;4;false;0;Units;C;ECB concertation time 14:15 CET;2021-05-14;8.2549
B;Business;USD;US dollar;NOK;Norwegian krone;SP;Spot;4;false;0;Units;C;ECB concertation time 14:15 CET;2021-05-18;8.1922
B;Business;USD;US dollar;NOK;Norwegian krone;SP;Spot;4;false;0;Units;C;ECB concertation time 14:15 CET;2021-05-19;8.2753
B;Business;USD;US dollar;NOK;Norwegian krone;SP;Spot;4;false;0;Units;C;ECB concertation time 14:15 CET;2021-05-20;8.3402
B;Business;USD;US dollar;NOK;Norwegian krone;SP;Spot;4;false;0;Units;C;ECB concertation time 14:15 CET;2021-05-21;8.3213
B;Business;USD;US dollar;NOK;Norwegian krone;SP;Spot;4;false;0;Units;C;ECB concertation time 14:15 CET;2021-05-25;8.3142
B;Business;USD;US dollar;NOK;Norwegian krone;SP;Spot;4;false;0;Units;C;ECB concertation time 14:15 CET;2021-05-26;8.3228
B;Business;USD;US dollar;NOK;Norwegian krone;SP;Spot;4;false;0;Units;C;ECB concertation time 14:15 CET;2021-05-27;8.3582
B;Business;USD;US dollar;NOK;Norwegian krone;SP;Spot;4;false;0;Units;C;ECB concertation time 14:15 CET;2021-05-28;8.3833
B;Business;USD;US dollar;NOK;Norwegian krone;SP;Spot;4;false;0;Units;C;ECB concertation time 14:15 CET;2021-05-31;8.375
B;Business;USD;US dollar;NOK;Norwegian krone;SP;Spot;4;false;0;Units;C;ECB concertation time 14:15 CET;2021-06-01;8.271
B;Business;USD;US dollar;NOK;Norwegian krone;SP;Spot;4;false;0;Units;C;ECB concertation time 14:15 CET;2021-06-02;8.3204
B;Business;USD;US dollar;NOK;Norwegian krone;SP;Spot;4;false;0;Units;C;ECB concertation time 14:15 CET;2021-06-03;8.3286
B;Business;USD;US dollar;NOK;Norwegian krone;SP;Spot;4;false;0;Units;C;ECB concertation time 14:15 CET;2021-06-04;8.3816
B;Business;USD;US dollar;NOK;Norwegian krone;SP;Spot;4;false;0;Units;C;ECB concertation time 14:15 CET;2021-06-07;8.262
B;Business;USD;US dollar;NOK;Norwegian krone;SP;Spot;4;false;0;Units;C;ECB concertation time 14:15 CET;2021-06-08;8.2482
B;Business;USD;US dollar;NOK;Norwegian krone;SP;Spot;4;false;0;Units;C;ECB concertation time 14:15 CET;2021-06-09;8.2426
B;Business;USD;US dollar;NOK;Norwegian krone;SP;Spot;4;false;0;Units;C;ECB concertation time 14:15 CET;2021-06-10;8.3061
B;Business;USD;US dollar;NOK;Norwegian krone;SP;Spot;4;false;0;Units;C;ECB concertation time 14:15 CET;2021-06-11;8.3157
B;Business;USD;US dollar;NOK;Norwegian krone;SP;Spot;4;false;0;Units;C;ECB concertation time 14:15 CET;2021-06-14;8.3246
B;Business;USD;US dollar;NOK;Norwegian krone;SP;Spot;4;false;0;Units;C;ECB concertation time 14:15 CET;2021-06-15;8.327
B;Business;USD;US dollar;NOK;Norwegian krone;SP;Spot;4;false;0;Units;C;ECB concertation time 14:15 CET;2021-06-16;8.3477
B;Business;USD;US dollar;NOK;Norwegian krone;SP;Spot;4;false;0;Units;C;ECB concertation time 14:15 CET;2021-06-17;8.5426
B;Business;USD;US dollar;NOK;Norwegian krone;SP;Spot;4;false;0;Units;C;ECB concertation time 14:15 CET;2021-06-18;8.6458
B;Business;USD;US dollar;NOK;Norwegian krone;SP;Spot;4;false;0;Units;C;ECB concertation time 14:15 CET;2021-06-21;8.6345
B;Business;USD;US dollar;NOK;Norwegian krone;SP;Spot;4;false;0;Units;C;ECB concertation time 14:15 CET;2021-06-22;8.5924
B;Business;USD;US dollar;NOK;Norwegian krone;SP;Spot;4;false;0;Units;C;ECB concertation time 14:15 CET;2021-06-23;8.5118
B;Business;USD;US dollar;NOK;Norwegian krone;SP;Spot;4;false;0;Units;C;ECB concertation time 14:15 CET;2021-06-24;8.5238
B;Business;USD;US dollar;NOK;Norwegian krone;SP;Spot;4;false;0;Units;C;ECB concertation time 14:15 CET;2021-06-25;8.482
B;Business;USD;US dollar;NOK;Norwegian krone;SP;Spot;4;false;0;Units;C;ECB concertation time 14:15 CET;2021-06-28;8.5443
B;Business;USD;US dollar;NOK;Norwegian krone;SP;Spot;4;false;0;Units;C;ECB concertation time 14:15 CET;2021-06-29;8.5711
B;Business;USD;US dollar;NOK;Norwegian krone;SP;Spot;4;false;0;Units;C;ECB concertation time 14:15 CET;2021-06-30;8.5592
B;Business;USD;US dollar;NOK;Norwegian krone;SP;Spot;4;false;0;Units;C;ECB concertation time 14:15 CET;2021-07-01;8.5918
B;Business;USD;US dollar;NOK;Norwegian krone;SP;Spot;4;false;0;Units;C;ECB concertation time 14:15 CET;2021-07-02;8.659
B;Business;USD;US dollar;NOK;Norwegian krone;SP;Spot;4;false;0;Units;C;ECB concertation time 14:15 CET;2021-07-05;8.5773
B;Business;USD;US dollar;NOK;Norwegian krone;SP;Spot;4;false;0;Units;C;ECB concertation time 14:15 CET;2021-07-06;8.629
B;Business;USD;US dollar;NOK;Norwegian krone;SP;Spot;4;false;0;Units;C;ECB concertation time 14:15 CET;2021-07-07;8.6616
B;Business;USD;US dollar;NOK;Norwegian krone;SP;Spot;4;false;0;Units;C;ECB concertation time 14:15 CET;2021-07-08;8.7969
B;Business;USD;US dollar;NOK;Norwegian krone;SP;Spot;4;false;0;Units;C;ECB concertation time 14:15 CET;2021-07-09;8.7161
B;Business;USD;US dollar;NOK;Norwegian krone;SP;Spot;4;false;0;Units;C;ECB concertation time 14:15 CET;2021-07-12;8.7141
B;Business;USD;US dollar;NOK;Norwegian krone;SP;Spot;4;false;0;Units;C;ECB concertation time 14:15 CET;2021-07-13;8.7036
B;Business;USD;US dollar;NOK;Norwegian krone;SP;Spot;4;false;0;Units;C;ECB concertation time 14:15 CET;2021-07-14;8.747
B;Business;USD;US dollar;NOK;Norwegian krone;SP;Spot;4;false;0;Units;C;ECB concertation time 14:15 CET;2021-07-15;8.7902
B;Business;USD;US dollar;NOK;Norwegian krone;SP;Spot;4;false;0;Units;C;ECB concertation time 14:15 CET;2021-07-16;8.8017
B;Business;USD;US dollar;NOK;Norwegian krone;SP;Spot;4;false;0;Units;C;ECB concertation time 14:15 CET;2021-07-19;8.9563
B;Business;USD;US dollar;NOK;Norwegian krone;SP;Spot;4;false;0;Units;C;ECB concertation time 14:15 CET;2021-07-20;9.0166
B;Business;USD;US dollar;NOK;Norwegian krone;SP;Spot;4;false;0;Units;C;ECB concertation time 14:15 CET;2021-07-21;8.9881
B;Business;USD;US dollar;NOK;Norwegian krone;SP;Spot;4;false;0;Units;C;ECB concertation time 14:15 CET;2021-07-22;8.8149
B;Business;USD;US dollar;NOK;Norwegian krone;SP;Spot;4;false;0;Units;C;ECB concertation time 14:15 CET;2021-07-23;8.8438
B;Business;USD;US dollar;NOK;Norwegian krone;SP;Spot;4;false;0;Units;C;ECB concertation time 14:15 CET;2021-07-26;8.8462
B;Business;USD;US dollar;NOK;Norwegian krone;SP;Spot;4;false;0;Units;C;ECB concertation time 14:15 CET;2021-07-27;8.8419
B;Business;USD;US dollar;NOK;Norwegian krone;SP;Spot;4;false;0;Units;C;ECB concertation time 14:15 CET;2021-07-28;8.8785
B;Business;USD;US dollar;NOK;Norwegian krone;SP;Spot;4;false;0;Units;C;ECB concertation time 14:15 CET;2021-07-29;8.7588
B;Business;USD;US dollar;NOK;Norwegian krone;SP;Spot;4;false;0;Units;C;ECB concertation time 14:15 CET;2021-07-30;8.7802
B;Business;USD;US dollar;NOK;Norwegian krone;SP;Spot;4;false;0;Units;C;ECB concertation time 14:15 CET;2021-08-02;8.7931
B;Business;USD;US dollar;NOK;Norwegian krone;SP;Spot;4;false;0;Units;C;ECB concertation time 14:15 CET;2021-08-03;8.7794
B;Business;USD;US dollar;NOK;Norwegian krone;SP;Spot;4;false;0;Units;C;ECB concertation time 14:15 CET;2021-08-04;8.8146
B;Business;USD;US dollar;NOK;Norwegian krone;SP;Spot;4;false;0;Units;C;ECB concertation time 14:15 CET;2021-08-05;8.811
B;Business;USD;US dollar;NOK;Norwegian krone;SP;Spot;4;false;0;Units;C;ECB concertation time 14:15 CET;2021-08-06;8.8278
B;Business;USD;US dollar;NOK;Norwegian krone;SP;Spot;4;false;0;Units;C;ECB concertation time 14:15 CET;2021-08-09;8.918
B;Business;USD;US dollar;NOK;Norwegian krone;SP;Spot;4;false;0;Units;C;ECB concertation time 14:15 CET;2021-08-10;8.9302
B;Business;USD;US dollar;NOK;Norwegian krone;SP;Spot;4;false;0;Units;C;ECB concertation time 14:15 CET;2021-08-11;8.922
B;Business;USD;US dollar;NOK;Norwegian krone;SP;Spot;4;false;0;Units;C;ECB concertation time 14:15 CET;2021-08-12;8.8385
B;Business;USD;US dollar;NOK;Norwegian krone;SP;Spot;4;false;0;Units;C;ECB concertation time 14:15 CET;2021-08-13;8.8188
B;Business;USD;US dollar;NOK;Norwegian krone;SP;Spot;4;false;0;Units;C;ECB concertation time 14:15 CET;2021-08-16;8.8386
B;Business;USD;US dollar;NOK;Norwegian krone;SP;Spot;4;false;0;Units;C;ECB concertation time 14:15 CET;2021-08-17;8.8368
B;Business;USD;US dollar;NOK;Norwegian krone;SP;Spot;4;false;0;Units;C;ECB concertation time 14:15 CET;2021-08-18;8.8902
B;Business;USD;US dollar;NOK;Norwegian krone;SP;Spot;4;false;0;Units;C;ECB concertation time 14:15 CET;2021-08-19;9.0159
B;Business;USD;US dollar;NOK;Norwegian krone;SP;Spot;4;false;0;Units;C;ECB concertation time 14:15 CET;2021-08-20;9.0823
B;Business;USD;US dollar;NOK;Norwegian krone;SP;Spot;4;false;0;Units;C;ECB concertation time 14:15 CET;2021-08-23;8.9495
B;Business;USD;US dollar;NOK;Norwegian krone;SP;Spot;4;false;0;Units;C;ECB concertation time 14:15 CET;2021-08-24;8.8589
B;Business;USD;US dollar;NOK;Norwegian krone;SP;Spot;4;false;0;Units;C;ECB concertation time 14:15 CET;2021-08-25;8.8499
B;Business;USD;US dollar;NOK;Norwegian krone;SP;Spot;4;false;0;Units;C;ECB concertation time 14:15 CET;2021-08-26;8.8056
B;Business;USD;US dollar;NOK;Norwegian krone;SP;Spot;4;false;0;Units;C;ECB concertation time 14:15 CET;2021-08-27;8.8066
B;Business;USD;US dollar;NOK;Norwegian krone;SP;Spot;4;false;0;Units;C;ECB concertation time 14:15 CET;2021-08-30;8.6768
B;Business;USD;US dollar;NOK;Norwegian krone;SP;Spot;4;false;0;Units;C;ECB concertation time 14:15 CET;2021-08-31;8.6699
B;Business;USD;US dollar;NOK;Norwegian krone;SP;Spot;4;false;0;Units;C;ECB concertation time 14:15 CET;2021-09-01;8.6852
B;Business;USD;US dollar;NOK;Norwegian krone;SP;Spot;4;false;0;Units;C;ECB concertation time 14:15 CET;2021-09-02;8.6897
B;Business;USD;US dollar;NOK;Norwegian krone;SP;Spot;4;false;0;Units;C;ECB concertation time 14:15 CET;2021-09-03;8.6538
B;Business;USD;US dollar;NOK;Norwegian krone;SP;Spot;4;false;0;Units;C;ECB concertation time 14:15 CET;2021-09-06;8.6588
B;Business;USD;US dollar;NOK;Norwegian krone;SP;Spot;4;false;0;Units;C;ECB concertation time 14:15 CET;2021-09-07;8.6838
B;Business;USD;US dollar;NOK;Norwegian krone;SP;Spot;4;false;0;Units;C;ECB concertation time 14:15 CET;2021-09-08;8.6793
B;Business;USD;US dollar;NOK;Norwegian krone;SP;Spot;4;false;0;Units;C;ECB concertation time 14:15 CET;2021-09-09;8.6711
B;Business;USD;US dollar;NOK;Norwegian krone;SP;Spot;4;false;0;Units;C;ECB concertation time 14:15 CET;2021-09-10;8.6165
B;Business;USD;US dollar;NOK;Norwegian krone;SP;Spot;4;false;0;Units;C;ECB concertation time 14:15 CET;2021-09-13;8.649
B;Business;USD;US dollar;NOK;Norwegian krone;SP;Spot;4;false;0;Units;C;ECB concertation time 14:15 CET;2021-09-14;8.6122
B;Business;USD;US dollar;NOK;Norwegian krone;SP;Spot;4;false;0;Units;C;ECB concertation time 14:15 CET;2021-09-15;8.5773
B;Business;USD;US dollar;NOK;Norwegian krone;SP;Spot;4;false;0;Units;C;ECB concertation time 14:15 CET;2021-09-16;8.6112
B;Business;USD;US dollar;NOK;Norwegian krone;SP;Spot;4;false;0;Units;C;ECB concertation time 14:15 CET;2021-09-17;8.5915
B;Business;USD;US dollar;NOK;Norwegian krone;SP;Spot;4;false;0;Units;C;ECB concertation time 14:15 CET;2021-09-20;8.7465
B;Business;USD;US dollar;NOK;Norwegian krone;SP;Spot;4;false;0;Units;C;ECB concertation time 14:15 CET;2021-09-21;8.6751
B;Business;USD;US dollar;NOK;Norwegian krone;SP;Spot;4;false;0;Units;C;ECB concertation time 14:15 CET;2021-09-22;8.634
B;Business;USD;US dollar;NOK;Norwegian krone;SP;Spot;4;false;0;Units;C;ECB concertation time 14:15 CET;2021-09-23;8.6095
B;Business;USD;US dollar;NOK;Norwegian krone;SP;Spot;4;false;0;Units;C;ECB concertation time 14:15 CET;2021-09-24;8.6091
B;Business;USD;US dollar;NOK;Norwegian krone;SP;Spot;4;false;0;Units;C;ECB concertation time 14:15 CET;2021-09-27;8.6045
B;Business;USD;US dollar;NOK;Norwegian krone;SP;Spot;4;false;0;Units;C;ECB concertation time 14:15 CET;2021-09-28;8.6505
B;Business;USD;US dollar;NOK;Norwegian krone;SP;Spot;4;false;0;Units;C;ECB concertation time 14:15 CET;2021-09-29;8.7034
B;Business;USD;US dollar;NOK;Norwegian krone;SP;Spot;4;false;0;Units;C;ECB concertation time 14:15 CET;2021-09-30;8.7788
B;Business;USD;US dollar;NOK;Norwegian krone;SP;Spot;4;false;0;Units;C;ECB concertation time 14:15 CET;2021-10-01;8.6383
B;Business;USD;US dollar;NOK;Norwegian krone;SP;Spot;4;false;0;Units;C;ECB concertation time 14:15 CET;2021-10-04;8.5743
B;Business;USD;US dollar;NOK;Norwegian krone;SP;Spot;4;false;0;Units;C;ECB concertation time 14:15 CET;2021-10-05;8.5464
B;Business;USD;US dollar;NOK;Norwegian krone;SP;Spot;4;false;0;Units;C;ECB concertation time 14:15 CET;2021-10-06;8.5973
B;Business;USD;US dollar;NOK;Norwegian krone;SP;Spot;4;false;0;Units;C;ECB concertation time 14:15 CET;2021-10-07;8.5961
B;Business;USD;US dollar;NOK;Norwegian krone;SP;Spot;4;false;0;Units;C;ECB concertation time 14:15 CET;2021-10-08;8.5448
B;Business;USD;US dollar;NOK;Norwegian krone;SP;Spot;4;false;0;Units;C;ECB concertation time 14:15 CET;2021-10-11;8.5433
B;Business;USD;US dollar;NOK;Norwegian krone;SP;Spot;4;false;0;Units;C;ECB concertation time 14:15 CET;2021-10-12;8.5338
B;Business;USD;US dollar;NOK;Norwegian krone;SP;Spot;4;false;0;Units;C;ECB concertation time 14:15 CET;2021-10-13;8.524
B;Business;USD;US dollar;NOK;Norwegian krone;SP;Spot;4;false;0;Units;C;ECB concertation time 14:15 CET;2021-10-14;8.4406
B;Business;USD;US dollar;NOK;Norwegian krone;SP;Spot;4;false;0;Units;C;ECB concertation time 14:15 CET;2021-10-15;8.4145
B;Business;USD;US dollar;NOK;Norwegian krone;SP;Spot;4;false;0;Units;C;ECB concertation time 14:15 CET;2021-10-18;8.4146
B;Business;USD;US dollar;NOK;Norwegian krone;SP;Spot;4;false;0;Units;C;ECB concertation time 14:15 CET;2021-10-19;8.3518
B;Business;USD;US dollar;NOK;Norwegian krone;SP;Spot;4;false;0;Units;C;ECB concertation time 14:15 CET;2021-10-20;8.3829
B;Business;USD;US dollar;NOK;Norwegian krone;SP;Spot;4;false;0;Units;C;ECB concertation time 14:15 CET;2021-10-21;8.3411
B;Business;USD;US dollar;NOK;Norwegian krone;SP;Spot;4;false;0;Units;C;ECB concertation time 14:15 CET;2021-10-22;8.3469
B;Business;USD;US dollar;NOK;Norwegian krone;SP;Spot;4;false;0;Units;C;ECB concertation time 14:15 CET;2021-10-25;8.3684
B;Business;USD;US dollar;NOK;Norwegian krone;SP;Spot;4;false;0;Units;C;ECB concertation time 14:15 CET;2021-10-26;8.3343
B;Business;USD;US dollar;NOK;Norwegian krone;SP;Spot;4;false;0;Units;C;ECB concertation time 14:15 CET;2021-10-27;8.3815
B;Business;USD;US dollar;NOK;Norwegian krone;SP;Spot;4;false;0;Units;C;ECB concertation time 14:15 CET;2021-10-28;8.4075
B;Business;USD;US dollar;NOK;Norwegian krone;SP;Spot;4;false;0;Units;C;ECB concertation time 14:15 CET;2021-10-29;8.3723
B;Business;USD;US dollar;NOK;Norwegian krone;SP;Spot;4;false;0;Units;C;ECB concertation time 14:15 CET;2021-11-01;8.4097
B;Business;USD;US dollar;NOK;Norwegian krone;SP;Spot;4;false;0;Units;C;ECB concertation time 14:15 CET;2021-11-02;8.4392
B;Business;USD;US dollar;NOK;Norwegian krone;SP;Spot;4;false;0;Units;C;ECB concertation time 14:15 CET;2021-11-03;8.517
B;Business;USD;US dollar;NOK;Norwegian krone;SP;Spot;4;false;0;Units;C;ECB concertation time 14:15 CET;2021-11-04;8.5219
B;Business;USD;US dollar;NOK;Norwegian krone;SP;Spot;4;false;0;Units;C;ECB concertation time 14:15 CET;2021-11-05;8.5839
B;Business;USD;US dollar;NOK;Norwegian krone;SP;Spot;4;false;0;Units;C;ECB concertation time 14:15 CET;2021-11-08;8.5279
B;Business;USD;US dollar;NOK;Norwegian krone;SP;Spot;4;false;0;Units;C;ECB concertation time 14:15 CET;2021-11-09;8.513
B;Business;USD;US dollar;NOK;Norwegian krone;SP;Spot;4;false;0;Units;C;ECB concertation time 14:15 CET;2021-11-10;8.5523
B;Business;USD;US dollar;NOK;Norwegian krone;SP;Spot;4;false;0;Units;C;ECB concertation time 14:15 CET;2021-11-11;8.6994
B;Business;USD;US dollar;NOK;Norwegian krone;SP;Spot;4;false;0;Units;C;ECB concertation time 14:15 CET;2021-11-12;8.6922
B;Business;USD;US dollar;NOK;Norwegian krone;SP;Spot;4;false;0;Units;C;ECB concertation time 14:15 CET;2021-11-15;8.6659
B;Business;USD;US dollar;NOK;Norwegian krone;SP;Spot;4;false;0;Units;C;ECB concertation time 14:15 CET;2021-11-16;8.6966
B;Business;USD;US dollar;NOK;Norwegian krone;SP;Spot;4;false;0;Units;C;ECB concertation time 14:15 CET;2021-11-17;8.7394
B;Business;USD;US dollar;NOK;Norwegian krone;SP;Spot;4;false;0;Units;C;ECB concertation time 14:15 CET;2021-11-18;8.7724
B;Business;USD;US dollar;NOK;Norwegian krone;SP;Spot;4;false;0;Units;C;ECB concertation time 14:15 CET;2021-11-19;8.9152
B;Business;USD;US dollar;NOK;Norwegian krone;SP;Spot;4;false;0;Units;C;ECB concertation time 14:15 CET;2021-11-22;8.9302
B;Business;USD;US dollar;NOK;Norwegian krone;SP;Spot;4;false;0;Units;C;ECB concertation time 14:15 CET;2021-11-23;8.9448
B;Business;USD;US dollar;NOK;Norwegian krone;SP;Spot;4;false;0;Units;C;ECB concertation time 14:15 CET;2021-11-24;8.947
B;Business;USD;US dollar;NOK;Norwegian krone;SP;Spot;4;false;0;Units;C;ECB concertation time 14:15 CET;2021-11-25;8.9686
B;Business;USD;US dollar;NOK;Norwegian krone;SP;Spot;4;false;0;Units;C;ECB concertation time 14:15 CET;2021-11-26;8.9995
B;Business;USD;US dollar;NOK;Norwegian krone;SP;Spot;4;false;0;Units;C;ECB concertation time 14:15 CET;2021-11-29;9.0582
B;Business;USD;US dollar;NOK;Norwegian krone;SP;Spot;4;false;0;Units;C;ECB concertation time 14:15 CET;2021-11-30;9.0465
B;Business;USD;US dollar;NOK;Norwegian krone;SP;Spot;4;false;0;Units;C;ECB concertation time 14:15 CET;2021-12-01;9.0326
B;Business;USD;US dollar;NOK;Norwegian krone;SP;Spot;4;false;0;Units;C;ECB concertation time 14:15 CET;2021-12-02;9.0803
B;Business;USD;US dollar;NOK;Norwegian krone;SP;Spot;4;false;0;Units;C;ECB concertation time 14:15 CET;2021-12-03;9.1112
B;Business;USD;US dollar;NOK;Norwegian krone;SP;Spot;4;false;0;Units;C;ECB concertation time 14:15 CET;2021-12-06;9.1205
B;Business;USD;US dollar;NOK;Norwegian krone;SP;Spot;4;false;0;Units;C;ECB concertation time 14:15 CET;2021-12-07;9.0529
B;Business;USD;US dollar;NOK;Norwegian krone;SP;Spot;4;false;0;Units;C;ECB concertation time 14:15 CET;2021-12-08;8.9353
B;Business;USD;US dollar;NOK;Norwegian krone;SP;Spot;4;false;0;Units;C;ECB concertation time 14:15 CET;2021-12-09;8.978
B;Business;USD;US dollar;NOK;Norwegian krone;SP;Spot;4;false;0;Units;C;ECB concertation time 14:15 CET;2021-12-10;8.9892
B;Business;USD;US dollar;NOK;Norwegian krone;SP;Spot;4;false;0;Units;C;ECB concertation time 14:15 CET;2021-12-13;9.0085
B;Business;USD;US dollar;NOK;Norwegian krone;SP;Spot;4;false;0;Units;C;ECB concertation time 14:15 CET;2021-12-14;9.0614
B;Business;USD;US dollar;NOK;Norwegian krone;SP;Spot;4;false;0;Units;C;ECB concertation time 14:15 CET;2021-12-15;9.0817
B;Business;USD;US dollar;NOK;Norwegian krone;SP;Spot;4;false;0;Units;C;ECB concertation time 14:15 CET;2021-12-16;8.9501
B;Business;USD;US dollar;NOK;Norwegian krone;SP;Spot;4;false;0;Units;C;ECB concertation time 14:15 CET;2021-12-17;8.9835
B;Business;USD;US dollar;NOK;Norwegian krone;SP;Spot;4;false;0;Units;C;ECB concertation time 14:15 CET;2021-12-20;9.0406
B;Business;USD;US dollar;NOK;Norwegian krone;SP;Spot;4;false;0;Units;C;ECB concertation time 14:15 CET;2021-12-21;8.9852
B;Business;USD;US dollar;NOK;Norwegian krone;SP;Spot;4;false;0;Units;C;ECB concertation time 14:15 CET;2021-12-22;8.903
B;Business;USD;US dollar;NOK;Norwegian krone;SP;Spot;4;false;0;Units;C;ECB concertation time 14:15 CET;2021-12-23;8.8517
B;Business;USD;US dollar;NOK;Norwegian krone;SP;Spot;4;false;0;Units;C;ECB concertation time 14:15 CET;2021-12-27;8.876
B;Business;USD;US dollar;NOK;Norwegian krone;SP;Spot;4;false;0;Units;C;ECB concertation time 14:15 CET;2021-12-28;8.8013
B;Business;USD;US dollar;NOK;Norwegian krone;SP;Spot;4;false;0;Units;C;ECB concertation time 14:15 CET;2021-12-29;8.8369
B;Business;USD;US dollar;NOK;Norwegian krone;SP;Spot;4;false;0;Units;C;ECB concertation time 14:15 CET;2021-12-30;8.7968
B;Business;USD;US dollar;NOK;Norwegian krone;SP;Spot;4;false;0;Units;C;ECB concertation time 14:15 CET;2021-12-31;8.8194
B;Business;USD;US dollar;NOK;Norwegian krone;SP;Spot;4;false;0;Units;C;ECB concertation time 14:15 CET;2022-01-03;8.8078
B;Business;USD;US dollar;NOK;Norwegian krone;SP;Spot;4;false;0;Units;C;ECB concertation time 14:15 CET;2022-01-04;8.8783
B;Business;USD;US dollar;NOK;Norwegian krone;SP;Spot;4;false;0;Units;C;ECB concertation time 14:15 CET;2022-01-05;8.8057
B;Business;USD;US dollar;NOK;Norwegian krone;SP;Spot;4;false;0;Units;C;ECB concertation time 14:15 CET;2022-01-06;8.8688
B;Business;USD;US dollar;NOK;Norwegian krone;SP;Spot;4;false;0;Units;C;ECB concertation time 14:15 CET;2022-01-07;8.8766
B;Business;USD;US dollar;NOK;Norwegian krone;SP;Spot;4;false;0;Units;C;ECB concertation time 14:15 CET;2022-01-10;8.8578
B;Business;USD;US dollar;NOK;Norwegian krone;SP;Spot;4;false;0;Units;C;ECB concertation time 14:15 CET;2022-01-11;8.836
B;Business;USD;US dollar;NOK;Norwegian krone;SP;Spot;4;false;0;Units;C;ECB concertation time 14:15 CET;2022-01-12;8.7309
B;Business;USD;US dollar;NOK;Norwegian krone;SP;Spot;4;false;0;Units;C;ECB concertation time 14:15 CET;2022-01-13;8.6655
B;Business;USD;US dollar;NOK;Norwegian krone;SP;Spot;4;false;0;Units;C;ECB concertation time 14:15 CET;2022-01-14;8.7239
B;Business;USD;US dollar;NOK;Norwegian krone;SP;Spot;4;false;0;Units;C;ECB concertation time 14:15 CET;2022-01-17;8.7366
B;Business;USD;US dollar;NOK;Norwegian krone;SP;Spot;4;false;0;Units;C;ECB concertation time 14:15 CET;2022-01-18;8.7655
B;Business;USD;US dollar;NOK;Norwegian krone;SP;Spot;4;false;0;Units;C;ECB concertation time 14:15 CET;2022-01-19;8.7587
B;Business;USD;US dollar;NOK;Norwegian krone;SP;Spot;4;false;0;Units;C;ECB concertation time 14:15 CET;2022-01-20;8.7827
B;Business;USD;US dollar;NOK;Norwegian krone;SP;Spot;4;false;0;Units;C;ECB concertation time 14:15 CET;2022-01-21;8.8582
B;Business;USD;US dollar;NOK;Norwegian krone;SP;Spot;4;false;0;Units;C;ECB concertation time 14:15 CET;2022-01-24;8.9913
B;Business;USD;US dollar;NOK;Norwegian krone;SP;Spot;4;false;0;Units;C;ECB concertation time 14:15 CET;2022-01-25;8.9976
B;Business;USD;US dollar;NOK;Norwegian krone;SP;Spot;4;false;0;Units;C;ECB concertation time 14:15 CET;2022-01-26;8.8778
B;Business;USD;US dollar;NOK;Norwegian krone;SP;Spot;4;false;0;Units;C;ECB concertation time 14:15 CET;2022-01-27;8.9519
B;Business;USD;US dollar;NOK;Norwegian krone;SP;Spot;4;false;0;Units;C;ECB concertation time 14:15 CET;2022-01-28;9.0016
B;Business;USD;US dollar;NOK;Norwegian krone;SP;Spot;4;false;0;Units;C;ECB concertation time 14:15 CET;2022-01-31;8.9714
B;Business;USD;US dollar;NOK;Norwegian krone;SP;Spot;4;false;0;Units;C;ECB concertation time 14:15 CET;2022-02-01;8.8488
B;Business;USD;US dollar;NOK;Norwegian krone;SP;Spot;4;false;0;Units;C;ECB concertation time 14:15 CET;2022-02-02;8.7634
B;Business;USD;US dollar;NOK;Norwegian krone;SP;Spot;4;false;0;Units;C;ECB concertation time 14:15 CET;2022-02-03;8.8202
B;Business;USD;US dollar;NOK;Norwegian krone;SP;Spot;4;false;0;Units;C;ECB concertation time 14:15 CET;2022-02-04;8.7651
B;Business;USD;US dollar;NOK;Norwegian krone;SP;Spot;4;false;0;Units;C;ECB concertation time 14:15 CET;2022-02-07;8.7934
B;Business;USD;US dollar;NOK;Norwegian krone;SP;Spot;4;false;0;Units;C;ECB concertation time 14:15 CET;2022-02-08;8.8322
B;Business;USD;US dollar;NOK;Norwegian krone;SP;Spot;4;false;0;Units;C;ECB concertation time 14:15 CET;2022-02-09;8.7962
B;Business;USD;US dollar;NOK;Norwegian krone;SP;Spot;4;false;0;Units;C;ECB concertation time 14:15 CET;2022-02-10;8.8026
B;Business;USD;US dollar;NOK;Norwegian krone;SP;Spot;4;false;0;Units;C;ECB concertation time 14:15 CET;2022-02-11;8.823
B;Business;USD;US dollar;NOK;Norwegian krone;SP;Spot;4;false;0;Units;C;ECB concertation time 14:15 CET;2022-02-14;8.8983
B;Business;USD;US dollar;NOK;Norwegian krone;SP;Spot;4;false;0;Units;C;ECB concertation time 14:15 CET;2022-02-15;8.8932
B;Business;USD;US dollar;NOK;Norwegian krone;SP;Spot;4;false;0;Units;C;ECB concertation time 14:15 CET;2022-02-16;8.8898
B;Business;USD;US dollar;NOK;Norwegian krone;SP;Spot;4;false;0;Units;C;ECB concertation time 14:15 CET;2022-02-17;8.9028
B;Business;USD;US dollar;NOK;Norwegian krone;SP;Spot;4;false;0;Units;C;ECB concertation time 14:15 CET;2022-02-18;8.9365
B;Business;USD;US dollar;NOK;Norwegian krone;SP;Spot;4;false;0;Units;C;ECB concertation time 14:15 CET;2022-02-21;8.9732
B;Business;USD;US dollar;NOK;Norwegian krone;SP;Spot;4;false;0;Units;C;ECB concertation time 14:15 CET;2022-02-22;8.9065
B;Business;USD;US dollar;NOK;Norwegian krone;SP;Spot;4;false;0;Units;C;ECB concertation time 14:15 CET;2022-02-23;8.8448
B;Business;USD;US dollar;NOK;Norwegian krone;SP;Spot;4;false;0;Units;C;ECB concertation time 14:15 CET;2022-02-24;9.0368
B;Business;USD;US dollar;NOK;Norwegian krone;SP;Spot;4;false;0;Units;C;ECB concertation time 14:15 CET;2022-02-25;8.8941
B;Business;USD;US dollar;NOK;Norwegian krone;SP;Spot;4;false;0;Units;C;ECB concertation time 14:15 CET;2022-02-28;8.8816
B;Business;USD;US dollar;NOK;Norwegian krone;SP;Spot;4;false;0;Units;C;ECB concertation time 14:15 CET;2022-03-01;8.8334
B;Business;USD;US dollar;NOK;Norwegian krone;SP;Spot;4;false;0;Units;C;ECB concertation time 14:15 CET;2022-03-02;8.8984
B;Business;USD;US dollar;NOK;Norwegian krone;SP;Spot;4;false;0;Units;C;ECB concertation time 14:15 CET;2022-03-03;8.8857
B;Business;USD;US dollar;NOK;Norwegian krone;SP;Spot;4;false;0;Units;C;ECB concertation time 14:15 CET;2022-03-04;8.9997
B;Business;USD;US dollar;NOK;Norwegian krone;SP;Spot;4;false;0;Units;C;ECB concertation time 14:15 CET;2022-03-07;9.0248
B;Business;USD;US dollar;NOK;Norwegian krone;SP;Spot;4;false;0;Units;C;ECB concertation time 14:15 CET;2022-03-08;8.9905
B;Business;USD;US dollar;NOK;Norwegian krone;SP;Spot;4;false;0;Units;C;ECB concertation time 14:15 CET;2022-03-09;8.9129
B;Business;USD;US dollar;NOK;Norwegian krone;SP;Spot;4;false;0;Units;C;ECB concertation time 14:15 CET;2022-03-10;8.9489
B;Business;USD;US dollar;NOK;Norwegian krone;SP;Spot;4;false;0;Units;C;ECB concertation time 14:15 CET;2022-03-11;8.9202
B;Business;USD;US dollar;NOK;Norwegian krone;SP;Spot;4;false;0;Units;C;ECB concertation time 14:15 CET;2022-03-14;8.9953
B;Business;USD;US dollar;NOK;Norwegian krone;SP;Spot;4;false;0;Units;C;ECB concertation time 14:15 CET;2022-03-15;8.961
B;Business;USD;US dollar;NOK;Norwegian krone;SP;Spot;4;false;0;Units;C;ECB concertation time 14:15 CET;2022-03-16;8.9129
B;Business;USD;US dollar;NOK;Norwegian krone;SP;Spot;4;false;0;Units;C;ECB concertation time 14:15 CET;2022-03-17;8.8499
B;Business;USD;US dollar;NOK;Norwegian krone;SP;Spot;4;false;0;Units;C;ECB concertation time 14:15 CET;2022-03-18;8.8063
B;Business;USD;US dollar;NOK;Norwegian krone;SP;Spot;4;false;0;Units;C;ECB concertation time 14:15 CET;2022-03-21;8.7493
B;Business;USD;US dollar;NOK;Norwegian krone;SP;Spot;4;false;0;Units;C;ECB concertation time 14:15 CET;2022-03-22;8.7294
B;Business;USD;US dollar;NOK;Norwegian krone;SP;Spot;4;false;0;Units;C;ECB concertation time 14:15 CET;2022-03-23;8.7779
B;Business;USD;US dollar;NOK;Norwegian krone;SP;Spot;4;false;0;Units;C;ECB concertation time 14:15 CET;2022-03-24;8.6467
B;Business;USD;US dollar;NOK;Norwegian krone;SP;Spot;4;false;0;Units;C;ECB concertation time 14:15 CET;2022-03-25;8.6534
B;Business;USD;US dollar;NOK;Norwegian krone;SP;Spot;4;false;0;Units;C;ECB concertation time 14:15 CET;2022-03-28;8.6744
B;Business;USD;US dollar;NOK;Norwegian krone;SP;Spot;4;false;0;Units;C;ECB concertation time 14:15 CET;2022-03-29;8.6599
B;Business;USD;US dollar;NOK;Norwegian krone;SP;Spot;4;false;0;Units;C;ECB concertation time 14:15 CET;2022-03-30;8.6642
B;Business;USD;US dollar;NOK;Norwegian krone;SP;Spot;4;false;0;Units;C;ECB concertation time 14:15 CET;2022-03-31;8.7479
B;Business;USD;US dollar;NOK;Norwegian krone;SP;Spot;4;false;0;Units;C;ECB concertation time 14:15 CET;2022-04-01;8.743
B;Business;USD;US dollar;NOK;Norwegian krone;SP;Spot;4;false;0;Units;C;ECB concertation time 14:15 CET;2022-04-04;8.6769
B;Business;USD;US dollar;NOK;Norwegian krone;SP;Spot;4;false;0;Units;C;ECB concertation time 14:15 CET;2022-04-05;8.6971
B;Business;USD;US dollar;NOK;Norwegian krone;SP;Spot;4;false;0;Units;C;ECB concertation time 14:15 CET;2022-04-06;8.7451
B;Business;USD;US dollar;NOK;Norwegian krone;SP;Spot;4;false;0;Units;C;ECB concertation time 14:15 CET;2022-04-07;8.7573
B;Business;USD;US dollar;NOK;Norwegian krone;SP;Spot;4;false;0;Units;C;ECB concertation time 14:15 CET;2022-04-08;8.7543
B;Business;USD;US dollar;NOK;Norwegian krone;SP;Spot;4;false;0;Units;C;ECB concertation time 14:15 CET;2022-04-11;8.7594
B;Business;USD;US dollar;NOK;Norwegian krone;SP;Spot;4;false;0;Units;C;ECB concertation time 14:15 CET;2022-04-12;8.7833
B;Business;USD;US dollar;NOK;Norwegian krone;SP;Spot;4;false;0;Units;C;ECB concertation time 14:15 CET;2022-04-13;8.8392
B;Business;USD;US dollar;NOK;Norwegian krone;SP;Spot;4;false;0;Units;C;ECB concertation time 14:15 CET;2022-04-19;8.815
B;Business;USD;US dollar;NOK;Norwegian krone;SP;Spot;4;false;0;Units;C;ECB concertation time 14:15 CET;2022-04-20;8.8128
B;Business;USD;US dollar;NOK;Norwegian krone;SP;Spot;4;false;0;Units;C;ECB concertation time 14:15 CET;2022-04-21;8.7984
B;Business;USD;US dollar;NOK;Norwegian krone;SP;Spot;4;false;0;Units;C;ECB concertation time 14:15 CET;2022-04-22;8.8985
B;Business;USD;US dollar;NOK;Norwegian krone;SP;Spot;4;false;0;Units;C;ECB concertation time 14:15 CET;2022-04-25;9.0283
B;Business;USD;US dollar;NOK;Norwegian krone;SP;Spot;4;false;0;Units;C;ECB concertation time 14:15 CET;2022-04-26;9.1758
B;Business;USD;US dollar;NOK;Norwegian krone;SP;Spot;4;false;0;Units;C;ECB concertation time 14:15 CET;2022-04-27;9.2448
B;Business;USD;US dollar;NOK;Norwegian krone;SP;Spot;4;false;0;Units;C;ECB concertation time 14:15 CET;2022-04-28;9.4411
B;Business;USD;US dollar;NOK;Norwegian krone;SP;Spot;4;false;0;Units;C;ECB concertation time 14:15 CET;2022-04-29;9.2528
B;Business;USD;US dollar;NOK;Norwegian krone;SP;Spot;4;false;0;Units;C;ECB concertation time 14:15 CET;2022-05-02;9.4306
B;Business;USD;US dollar;NOK;Norwegian krone;SP;Spot;4;false;0;Units;C;ECB concertation time 14:15 CET;2022-05-03;9.3871
B;Business;USD;US dollar;NOK;Norwegian krone;SP;Spot;4;false;0;Units;C;ECB concertation time 14:15 CET;2022-05-04;9.4048
B;Business;USD;US dollar;NOK;Norwegian krone;SP;Spot;4;false;0;Units;C;ECB concertation time 14:15 CET;2022-05-05;9.3171
B;Business;USD;US dollar;NOK;Norwegian krone;SP;Spot;4;false;0;Units;C;ECB concertation time 14:15 CET;2022-05-06;9.4426
B;Business;USD;US dollar;NOK;Norwegian krone;SP;Spot;4;false;0;Units;C;ECB concertation time 14:15 CET;2022-05-09;9.5258
B;Business;USD;US dollar;NOK;Norwegian krone;SP;Spot;4;false;0;Units;C;ECB concertation time 14:15 CET;2022-05-10;9.6944
B;Business;USD;US dollar;NOK;Norwegian krone;SP;Spot;4;false;0;Units;C;ECB concertation time 14:15 CET;2022-05-11;9.6459
B;Business;USD;US dollar;NOK;Norwegian krone;SP;Spot;4;false;0;Units;C;ECB concertation time 14:15 CET;2022-05-12;9.8864
B;Business;USD;US dollar;NOK;Norwegian krone;SP;Spot;4;false;0;Units;C;ECB concertation time 14:15 CET;2022-05-13;9.826
B;Business;USD;US dollar;NOK;Norwegian krone;SP;Spot;4;false;0;Units;C;ECB concertation time 14:15 CET;2022-05-16;9.805
B;Business;USD;US dollar;NOK;Norwegian krone;SP;Spot;4;false;0;Units;C;ECB concertation time 14:15 CET;2022-05-18;9.7049
B;Business;USD;US dollar;NOK;Norwegian krone;SP;Spot;4;false;0;Units;C;ECB concertation time 14:15 CET;2022-05-19;9.7959
B;Business;USD;US dollar;NOK;Norwegian krone;SP;Spot;4;false;0;Units;C;ECB concertation time 14:15 CET;2022-05-20;9.7022
B;Business;USD;US dollar;NOK;Norwegian krone;SP;Spot;4;false;0;Units;C;ECB concertation time 14:15 CET;2022-05-23;9.6182
B;Business;USD;US dollar;NOK;Norwegian krone;SP;Spot;4;false;0;Units;C;ECB concertation time 14:15 CET;2022-05-24;9.5979
B;Business;USD;US dollar;NOK;Norwegian krone;SP;Spot;4;false;0;Units;C;ECB concertation time 14:15 CET;2022-05-25;9.6381
B;Business;USD;US dollar;NOK;Norwegian krone;SP;Spot;4;false;0;Units;C;ECB concertation time 14:15 CET;2022-05-27;9.4936
B;Business;USD;US dollar;NOK;Norwegian krone;SP;Spot;4;false;0;Units;C;ECB concertation time 14:15 CET;2022-05-30;9.4069
B;Business;USD;US dollar;NOK;Norwegian krone;SP;Spot;4;false;0;Units;C;ECB concertation time 14:15 CET;2022-05-31;9.4262
B;Business;USD;US dollar;NOK;Norwegian krone;SP;Spot;4;false;0;Units;C;ECB concertation time 14:15 CET;2022-06-01;9.3762
B;Business;USD;US dollar;NOK;Norwegian krone;SP;Spot;4;false;0;Units;C;ECB concertation time 14:15 CET;2022-06-02;9.4318
B;Business;USD;US dollar;NOK;Norwegian krone;SP;Spot;4;false;0;Units;C;ECB concertation time 14:15 CET;2022-06-03;9.4157
B;Business;USD;US dollar;NOK;Norwegian krone;SP;Spot;4;false;0;Units;C;ECB concertation time 14:15 CET;2022-06-07;9.552
B;Business;USD;US dollar;NOK;Norwegian krone;SP;Spot;4;false;0;Units;C;ECB concertation time 14:15 CET;2022-06-08;9.4418
B;Business;USD;US dollar;NOK;Norwegian krone;SP;Spot;4;false;0;Units;C;ECB concertation time 14:15 CET;2022-06-09;9.4776
B;Business;USD;US dollar;NOK;Norwegian krone;SP;Spot;4;false;0;Units;C;ECB concertation time 14:15 CET;2022-06-10;9.5949
B;Business;USD;US dollar;NOK;Norwegian krone;SP;Spot;4;false;0;Units;C;ECB concertation time 14:15 CET;2022-06-13;9.873
B;Business;USD;US dollar;NOK;Norwegian krone;SP;Spot;4;false;0;Units;C;ECB concertation time 14:15 CET;2022-06-14;9.945
B;Business;USD;US dollar;NOK;Norwegian krone;SP;Spot;4;false;0;Units;C;ECB concertation time 14:15 CET;2022-06-15;9.9576
B;Business;USD;US dollar;NOK;Norwegian krone;SP;Spot;4;false;0;Units;C;ECB concertation time 14:15 CET;2022-06-16;10.0565
B;Business;USD;US dollar;NOK;Norwegian krone;SP;Spot;4;false;0;Units;C;ECB concertation time 14:15 CET;2022-06-17;9.9681
B;Business;USD;US dollar;NOK;Norwegian krone;SP;Spot;4;false;0;Units;C;ECB concertation time 14:15 CET;2022-06-20;9.8968
B;Business;USD;US dollar;NOK;Norwegian krone;SP;Spot;4;false;0;Units;C;ECB concertation time 14:15 CET;2022-06-21;9.7899
B;Business;USD;US dollar;NOK;Norwegian krone;SP;Spot;4;false;0;Units;C;ECB concertation time 14:15 CET;2022-06-22;9.9843
B;Business;USD;US dollar;NOK;Norwegian krone;SP;Spot;4;false;0;Units;C;ECB concertation time 14:15 CET;2022-06-23;9.9828
B;Business;USD;US dollar;NOK;Norwegian krone;SP;Spot;4;false;0;Units;C;ECB concertation time 14:15 CET;2022-06-24;9.915
B;Business;USD;US dollar;NOK;Norwegian krone;SP;Spot;4;false;0;Units;C;ECB concertation time 14:15 CET;2022-06-27;9.8449
B;Business;USD;US dollar;NOK;Norwegian krone;SP;Spot;4;false;0;Units;C;ECB concertation time 14:15 CET;2022-06-28;9.7879
B;Business;USD;US dollar;NOK;Norwegian krone;SP;Spot;4;false;0;Units;C;ECB concertation time 14:15 CET;2022-06-29;9.7998
B;Business;USD;US dollar;NOK;Norwegian krone;SP;Spot;4;false;0;Units;C;ECB concertation time 14:15 CET;2022-06-30;9.9629
B;Business;USD;US dollar;NOK;Norwegian krone;SP;Spot;4;false;0;Units;C;ECB concertation time 14:15 CET;2022-07-01;9.9425
B;Business;USD;US dollar;NOK;Norwegian krone;SP;Spot;4;false;0;Units;C;ECB concertation time 14:15 CET;2022-07-04;9.8477
B;Business;USD;US dollar;NOK;Norwegian krone;SP;Spot;4;false;0;Units;C;ECB concertation time 14:15 CET;2022-07-05;9.9951
B;Business;USD;US dollar;NOK;Norwegian krone;SP;Spot;4;false;0;Units;C;ECB concertation time 14:15 CET;2022-07-06;10.1015
B;Business;USD;US dollar;NOK;Norwegian krone;SP;Spot;4;false;0;Units;C;ECB concertation time 14:15 CET;2022-07-07;10.109
B;Business;USD;US dollar;NOK;Norwegian krone;SP;Spot;4;false;0;Units;C;ECB concertation time 14:15 CET;2022-07-08;10.0984
B;Business;USD;US dollar;NOK;Norwegian krone;SP;Spot;4;false;0;Units;C;ECB concertation time 14:15 CET;2022-07-11;10.199
B;Business;USD;US dollar;NOK;Norwegian krone;SP;Spot;4;false;0;Units;C;ECB concertation time 14:15 CET;2022-07-12;10.2324
B;Business;USD;US dollar;NOK;Norwegian krone;SP;Spot;4;false;0;Units;C;ECB concertation time 14:15 CET;2022-07-13;10.1746
B;Business;USD;US dollar;NOK;Norwegian krone;SP;Spot;4;false;0;Units;C;ECB concertation time 14:15 CET;2022-07-14;10.2485
B;Business;USD;US dollar;NOK;Norwegian krone;SP;Spot;4;false;0;Units;C;ECB concertation time 14:15 CET;2022-07-15;10.216
B;Business;USD;US dollar;NOK;Norwegian krone;SP;Spot;4;false;0;Units;C;ECB concertation time 14:15 CET;2022-07-18;10.1227
B;Business;USD;US dollar;NOK;Norwegian krone;SP;Spot;4;false;0;Units;C;ECB concertation time 14:15 CET;2022-07-19;9.9327
B;Business;USD;US dollar;NOK;Norwegian krone;SP;Spot;4;false;0;Units;C;ECB concertation time 14:15 CET;2022-07-20;9.9346
B;Business;USD;US dollar;NOK;Norwegian krone;SP;Spot;4;false;0;Units;C;ECB concertation time 14:15 CET;2022-07-21;9.9765
B;Business;USD;US dollar;NOK;Norwegian krone;SP;Spot;4;false;0;Units;C;ECB concertation time 14:15 CET;2022-07-22;9.9605
B;Business;USD;US dollar;NOK;Norwegian krone;SP;Spot;4;false;0;Units;C;ECB concertation time 14:15 CET;2022-07-25;9.8382
B;Business;USD;US dollar;NOK;Norwegian krone;SP;Spot;4;false;0;Units;C;ECB concertation time 14:15 CET;2022-07-26;9.8879
B;Business;USD;US dollar;NOK;Norwegian krone;SP;Spot;4;false;0;Units;C;ECB concertation time 14:15 CET;2022-07-27;9.8067
B;Business;USD;US dollar;NOK;Norwegian krone;SP;Spot;4;false;0;Units;C;ECB concertation time 14:15 CET;2022-07-28;9.779
B;Business;USD;US dollar;NOK;Norwegian krone;SP;Spot;4;false;0;Units;C;ECB concertation time 14:15 CET;2022-07-29;9.6855
B;Business;USD;US dollar;NOK;Norwegian krone;SP;Spot;4;false;0;Units;C;ECB concertation time 14:15 CET;2022-08-01;9.6392
B;Business;USD;US dollar;NOK;Norwegian krone;SP;Spot;4;false;0;Units;C;ECB concertation time 14:15 CET;2022-08-02;9.7129
B;Business;USD;US dollar;NOK;Norwegian krone;SP;Spot;4;false;0;Units;C;ECB concertation time 14:15 CET;2022-08-03;9.6864
B;Business;USD;US dollar;NOK;Norwegian krone;SP;Spot;4;false;0;Units;C;ECB concertation time 14:15 CET;2022-08-04;9.7304
B;Business;USD;US dollar;NOK;Norwegian krone;SP;Spot;4;false;0;Units;C;ECB concertation time 14:15 CET;2022-08-05;9.7547
B;Business;USD;US dollar;NOK;Norwegian krone;SP;Spot;4;false;0;Units;C;ECB concertation time 14:15 CET;2022-08-08;9.7465
B;Business;USD;US dollar;NOK;Norwegian krone;SP;Spot;4;false;0;Units;C;ECB concertation time 14:15 CET;2022-08-09;9.7093
B;Business;USD;US dollar;NOK;Norwegian krone;SP;Spot;4;false;0;Units;C;ECB concertation time 14:15 CET;2022-08-10;9.6682
B;Business;USD;US dollar;NOK;Norwegian krone;SP;Spot;4;false;0;Units;C;ECB concertation time 14:15 CET;2022-08-11;9.4835
B;Business;USD;US dollar;NOK;Norwegian krone;SP;Spot;4;false;0;Units;C;ECB concertation time 14:15 CET;2022-08-12;9.5411
B;Business;USD;US dollar;NOK;Norwegian krone;SP;Spot;4;false;0;Units;C;ECB concertation time 14:15 CET;2022-08-15;9.6822
B;Business;USD;US dollar;NOK;Norwegian krone;SP;Spot;4;false;0;Units;C;ECB concertation time 14:15 CET;2022-08-16;9.7155
B;Business;USD;US dollar;NOK;Norwegian krone;SP;Spot;4;false;0;Units;C;ECB concertation time 14:15 CET;2022-08-17;9.684
B;Business;USD;US dollar;NOK;Norwegian krone;SP;Spot;4;false;0;Units;C;ECB concertation time 14:15 CET;2022-08-18;9.6564
B;Business;USD;US dollar;NOK;Norwegian krone;SP;Spot;4;false;0;Units;C;ECB concertation time 14:15 CET;2022-08-19;9.7889
B;Business;USD;US dollar;NOK;Norwegian krone;SP;Spot;4;false;0;Units;C;ECB concertation time 14:15 CET;2022-08-22;9.7709
B;Business;USD;US dollar;NOK;Norwegian krone;SP;Spot;4;false;0;Units;C;ECB concertation time 14:15 CET;2022-08-23;9.8155
B;Business;USD;US dollar;NOK;Norwegian krone;SP;Spot;4;false;0;Units;C;ECB concertation time 14:15 CET;2022-08-24;9.7
B;Business;USD;US dollar;NOK;Norwegian krone;SP;Spot;4;false;0;Units;C;ECB concertation time 14:15 CET;2022-08-25;9.669
B;Business;USD;US dollar;NOK;Norwegian krone;SP;Spot;4;false;0;Units;C;ECB concertation time 14:15 CET;2022-08-26;9.6602
B;Business;USD;US dollar;NOK;Norwegian krone;SP;Spot;4;false;0;Units;C;ECB concertation time 14:15 CET;2022-08-29;9.7812
B;Business;USD;US dollar;NOK;Norwegian krone;SP;Spot;4;false;0;Units;C;ECB concertation time 14:15 CET;2022-08-30;9.7222
B;Business;USD;US dollar;NOK;Norwegian krone;SP;Spot;4;false;0;Units;C;ECB concertation time 14:15 CET;2022-08-31;9.9388
B;Business;USD;US dollar;NOK;Norwegian krone;SP;Spot;4;false;0;Units;C;ECB concertation time 14:15 CET;2022-09-01;10.009
B;Business;USD;US dollar;NOK;Norwegian krone;SP;Spot;4;false;0;Units;C;ECB concertation time 14:15 CET;2022-09-02;10.0105
B;Business;USD;US dollar;NOK;Norwegian krone;SP;Spot;4;false;0;Units;C;ECB concertation time 14:15 CET;2022-09-05;9.9988
B;Business;USD;US dollar;NOK;Norwegian krone;SP;Spot;4;false;0;Units;C;ECB concertation time 14:15 CET;2022-09-06;9.9663
B;Business;USD;US dollar;NOK;Norwegian krone;SP;Spot;4;false;0;Units;C;ECB concertation time 14:15 CET;2022-09-07;10.064
B;Business;USD;US dollar;NOK;Norwegian krone;SP;Spot;4;false;0;Units;C;ECB concertation time 14:15 CET;2022-09-08;10.0525
B;Business;USD;US dollar;NOK;Norwegian krone;SP;Spot;4;false;0;Units;C;ECB concertation time 14:15 CET;2022-09-09;9.9349
B;Business;USD;US dollar;NOK;Norwegian krone;SP;Spot;4;false;0;Units;C;ECB concertation time 14:15 CET;2022-09-12;9.8196
B;Business;USD;US dollar;NOK;Norwegian krone;SP;Spot;4;false;0;Units;C;ECB concertation time 14:15 CET;2022-09-13;9.8268
B;Business;USD;US dollar;NOK;Norwegian krone;SP;Spot;4;false;0;Units;C;ECB concertation time 14:15 CET;2022-09-14;10.1226
B;Business;USD;US dollar;NOK;Norwegian krone;SP;Spot;4;false;0;Units;C;ECB concertation time 14:15 CET;2022-09-15;10.1284
B;Business;USD;US dollar;NOK;Norwegian krone;SP;Spot;4;false;0;Units;C;ECB concertation time 14:15 CET;2022-09-16;10.2456
B;Business;USD;US dollar;NOK;Norwegian krone;SP;Spot;4;false;0;Units;C;ECB concertation time 14:15 CET;2022-09-19;10.2929
B;Business;USD;US dollar;NOK;Norwegian krone;SP;Spot;4;false;0;Units;C;ECB concertation time 14:15 CET;2022-09-20;10.2874
B;Business;USD;US dollar;NOK;Norwegian krone;SP;Spot;4;false;0;Units;C;ECB concertation time 14:15 CET;2022-09-21;10.3834
B;Business;USD;US dollar;NOK;Norwegian krone;SP;Spot;4;false;0;Units;C;ECB concertation time 14:15 CET;2022-09-22;10.3551
B;Business;USD;US dollar;NOK;Norwegian krone;SP;Spot;4;false;0;Units;C;ECB concertation time 14:15 CET;2022-09-23;10.4916
B;Business;USD;US dollar;NOK;Norwegian krone;SP;Spot;4;false;0;Units;C;ECB concertation time 14:15 CET;2022-09-26;10.7386
B;Business;USD;US dollar;NOK;Norwegian krone;SP;Spot;4;false;0;Units;C;ECB concertation time 14:15 CET;2022-09-27;10.7293
B;Business;USD;US dollar;NOK;Norwegian krone;SP;Spot;4;false;0;Units;C;ECB concertation time 14:15 CET;2022-09-28;10.9332
B;Business;USD;US dollar;NOK;Norwegian krone;SP;Spot;4;false;0;Units;C;ECB concertation time 14:15 CET;2022-09-29;10.7684
B;Business;USD;US dollar;NOK;Norwegian krone;SP;Spot;4;false;0;Units;C;ECB concertation time 14:15 CET;2022-09-30;10.8574
B;Business;USD;US dollar;NOK;Norwegian krone;SP;Spot;4;false;0;Units;C;ECB concertation time 14:15 CET;2022-10-03;10.8209
B;Business;USD;US dollar;NOK;Norwegian krone;SP;Spot;4;false;0;Units;C;ECB concertation time 14:15 CET;2022-10-04;10.6071
B;Business;USD;US dollar;NOK;Norwegian krone;SP;Spot;4;false;0;Units;C;ECB concertation time 14:15 CET;2022-10-05;10.5757
B;Business;USD;US dollar;NOK;Norwegian krone;SP;Spot;4;false;0;Units;C;ECB concertation time 14:15 CET;2022-10-06;10.5759
B;Business;USD;US dollar;NOK;Norwegian krone;SP;Spot;4;false;0;Units;C;ECB concertation time 14:15 CET;2022-10-07;10.6663
B;Business;USD;US dollar;NOK;Norwegian krone;SP;Spot;4;false;0;Units;C;ECB concertation time 14:15 CET;2022-10-10;10.6608
B;Business;USD;US dollar;NOK;Norwegian krone;SP;Spot;4;false;0;Units;C;ECB concertation time 14:15 CET;2022-10-11;10.7205
B;Business;USD;US dollar;NOK;Norwegian krone;SP;Spot;4;false;0;Units;C;ECB concertation time 14:15 CET;2022-10-12;10.73
B;Business;USD;US dollar;NOK;Norwegian krone;SP;Spot;4;false;0;Units;C;ECB concertation time 14:15 CET;2022-10-13;10.6299
B;Business;USD;US dollar;NOK;Norwegian krone;SP;Spot;4;false;0;Units;C;ECB concertation time 14:15 CET;2022-10-14;10.6332
B;Business;USD;US dollar;NOK;Norwegian krone;SP;Spot;4;false;0;Units;C;ECB concertation time 14:15 CET;2022-10-17;10.6192
B;Business;USD;US dollar;NOK;Norwegian krone;SP;Spot;4;false;0;Units;C;ECB concertation time 14:15 CET;2022-10-18;10.5265
B;Business;USD;US dollar;NOK;Norwegian krone;SP;Spot;4;false;0;Units;C;ECB concertation time 14:15 CET;2022-10-19;10.618
B;Business;USD;US dollar;NOK;Norwegian krone;SP;Spot;4;false;0;Units;C;ECB concertation time 14:15 CET;2022-10-20;10.6024
B;Business;USD;US dollar;NOK;Norwegian krone;SP;Spot;4;false;0;Units;C;ECB concertation time 14:15 CET;2022-10-21;10.721
B;Business;USD;US dollar;NOK;Norwegian krone;SP;Spot;4;false;0;Units;C;ECB concertation time 14:15 CET;2022-10-24;10.5492
B;Business;USD;US dollar;NOK;Norwegian krone;SP;Spot;4;false;0;Units;C;ECB concertation time 14:15 CET;2022-10-25;10.5375
B;Business;USD;US dollar;NOK;Norwegian krone;SP;Spot;4;false;0;Units;C;ECB concertation time 14:15 CET;2022-10-26;10.3171
B;Business;USD;US dollar;NOK;Norwegian krone;SP;Spot;4;false;0;Units;C;ECB concertation time 14:15 CET;2022-10-27;10.3039
B;Business;USD;US dollar;NOK;Norwegian krone;SP;Spot;4;false;0;Units;C;ECB concertation time 14:15 CET;2022-10-28;10.3201
B;Business;USD;US dollar;NOK;Norwegian krone;SP;Spot;4;false;0;Units;C;ECB concertation time 14:15 CET;2022-10-31;10.3922
B;Business;USD;US dollar;NOK;Norwegian krone;SP;Spot;4;false;0;Units;C;ECB concertation time 14:15 CET;2022-11-01;10.2378
B;Business;USD;US dollar;NOK;Norwegian krone;SP;Spot;4;false;0;Units;C;ECB concertation time 14:15 CET;2022-11-02;10.3339
B;Business;USD;US dollar;NOK;Norwegian krone;SP;Spot;4;false;0;Units;C;ECB concertation time 14:15 CET;2022-11-03;10.6165
B;Business;USD;US dollar;NOK;Norwegian krone;SP;Spot;4;false;0;Units;C;ECB concertation time 14:15 CET;2022-11-04;10.3342
B;Business;USD;US dollar;NOK;Norwegian krone;SP;Spot;4;false;0;Units;C;ECB concertation time 14:15 CET;2022-11-07;10.2627
B;Business;USD;US dollar;NOK;Norwegian krone;SP;Spot;4;false;0;Units;C;ECB concertation time 14:15 CET;2022-11-08;10.2836
B;Business;USD;US dollar;NOK;Norwegian krone;SP;Spot;4;false;0;Units;C;ECB concertation time 14:15 CET;2022-11-09;10.2819
B;Business;USD;US dollar;NOK;Norwegian krone;SP;Spot;4;false;0;Units;C;ECB concertation time 14:15 CET;2022-11-10;10.4094
B;Business;USD;US dollar;NOK;Norwegian krone;SP;Spot;4;false;0;Units;C;ECB concertation time 14:15 CET;2022-11-11;9.9568
B;Business;USD;US dollar;NOK;Norwegian krone;SP;Spot;4;false;0;Units;C;ECB concertation time 14:15 CET;2022-11-14;9.9954
B;Business;USD;US dollar;NOK;Norwegian krone;SP;Spot;4;false;0;Units;C;ECB concertation time 14:15 CET;2022-11-15;9.9548
B;Business;USD;US dollar;NOK;Norwegian krone;SP;Spot;4;false;0;Units;C;ECB concertation time 14:15 CET;2022-11-16;9.9573
B;Business;USD;US dollar;NOK;Norwegian krone;SP;Spot;4;false;0;Units;C;ECB concertation time 14:15 CET;2022-11-17;10.1735
B;Business;USD;US dollar;NOK;Norwegian krone;SP;Spot;4;false;0;Units;C;ECB concertation time 14:15 CET;2022-11-18;10.1158
B;Business;USD;US dollar;NOK;Norwegian krone;SP;Spot;4;false;0;Units;C;ECB concertation time 14:15 CET;2022-11-21;10.2379
B;Business;USD;US dollar;NOK;Norwegian krone;SP;Spot;4;false;0;Units;C;ECB concertation time 14:15 CET;2022-11-22;10.166
B;Business;USD;US dollar;NOK;Norwegian krone;SP;Spot;4;false;0;Units;C;ECB concertation time 14:15 CET;2022-11-23;10.0396
B;Business;USD;US dollar;NOK;Norwegian krone;SP;Spot;4;false;0;Units;C;ECB concertation time 14:15 CET;2022-11-24;9.9333
B;Business;USD;US dollar;NOK;Norwegian krone;SP;Spot;4;false;0;Units;C;ECB concertation time 14:15 CET;2022-11-25;9.9263
B;Business;USD;US dollar;NOK;Norwegian krone;SP;Spot;4;false;0;Units;C;ECB concertation time 14:15 CET;2022-11-28;9.9054
B;Business;USD;US dollar;NOK;Norwegian krone;SP;Spot;4;false;0;Units;C;ECB concertation time 14:15 CET;2022-11-29;9.9665
B;Business;USD;US dollar;NOK;Norwegian krone;SP;Spot;4;false;0;Units;C;ECB concertation time 14:15 CET;2022-11-30;9.8928
B;Business;USD;US dollar;NOK;Norwegian krone;SP;Spot;4;false;0;Units;C;ECB concertation time 14:15 CET;2022-12-01;9.8044
B;Business;USD;US dollar;NOK;Norwegian krone;SP;Spot;4;false;0;Units;C;ECB concertation time 14:15 CET;2022-12-02;9.7376
B;Business;USD;US dollar;NOK;Norwegian krone;SP;Spot;4;false;0;Units;C;ECB concertation time 14:15 CET;2022-12-05;9.7635
B;Business;USD;US dollar;NOK;Norwegian krone;SP;Spot;4;false;0;Units;C;ECB concertation time 14:15 CET;2022-12-06;9.9285
B;Business;USD;US dollar;NOK;Norwegian krone;SP;Spot;4;false;0;Units;C;ECB concertation time 14:15 CET;2022-12-07;9.9967
B;Business;USD;US dollar;NOK;Norwegian krone;SP;Spot;4;false;0;Units;C;ECB concertation time 14:15 CET;2022-12-08;9.9705
B;Business;USD;US dollar;NOK;Norwegian krone;SP;Spot;4;false;0;Units;C;ECB concertation time 14:15 CET;2022-12-09;9.9768
B;Business;USD;US dollar;NOK;Norwegian krone;SP;Spot;4;false;0;Units;C;ECB concertation time 14:15 CET;2022-12-12;9.9932
B;Business;USD;US dollar;NOK;Norwegian krone;SP;Spot;4;false;0;Units;C;ECB concertation time 14:15 CET;2022-12-13;9.9269
B;Business;USD;US dollar;NOK;Norwegian krone;SP;Spot;4;false;0;Units;C;ECB concertation time 14:15 CET;2022-12-14;9.7305
B;Business;USD;US dollar;NOK;Norwegian krone;SP;Spot;4;false;0;Units;C;ECB concertation time 14:15 CET;2022-12-15;9.7931
B;Business;USD;US dollar;NOK;Norwegian krone;SP;Spot;4;false;0;Units;C;ECB concertation time 14:15 CET;2022-12-16;9.8722
B;Business;USD;US dollar;NOK;Norwegian krone;SP;Spot;4;false;0;Units;C;ECB concertation time 14:15 CET;2022-12-19;9.9099
B;Business;USD;US dollar;NOK;Norwegian krone;SP;Spot;4;false;0;Units;C;ECB concertation time 14:15 CET;2022-12-20;9.9158
B;Business;USD;US dollar;NOK;Norwegian krone;SP;Spot;4;false;0;Units;C;ECB concertation time 14:15 CET;2022-12-21;9.8072
B;Business;USD;US dollar;NOK;Norwegian krone;SP;Spot;4;false;0;Units;C;ECB concertation time 14:15 CET;2022-12-22;9.7924
B;Business;USD;US dollar;NOK;Norwegian krone;SP;Spot;4;false;0;Units;C;ECB concertation time 14:15 CET;2022-12-23;9.8332
B;Business;USD;US dollar;NOK;Norwegian krone;SP;Spot;4;false;0;Units;C;ECB concertation time 14:15 CET;2022-12-27;9.8734
B;Business;USD;US dollar;NOK;Norwegian krone;SP;Spot;4;false;0;Units;C;ECB concertation time 14:15 CET;2022-12-28;9.821
B;Business;USD;US dollar;NOK;Norwegian krone;SP;Spot;4;false;0;Units;C;ECB concertation time 14:15 CET;2022-12-29;9.907
B;Business;USD;US dollar;NOK;Norwegian krone;SP;Spot;4;false;0;Units;C;ECB concertation time 14:15 CET;2022-12-30;9.8573
B;Business;USD;US dollar;NOK;Norwegian krone;SP;Spot;4;false;0;Units;C;ECB concertation time 14:15 CET;2023-01-02;9.8413
B;Business;USD;US dollar;NOK;Norwegian krone;SP;Spot;4;false;0;Units;C;ECB concertation time 14:15 CET;2023-01-03;9.9839
B;Business;USD;US dollar;NOK;Norwegian krone;SP;Spot;4;false;0;Units;C;ECB concertation time 14:15 CET;2023-01-04;10.1311
B;Business;USD;US dollar;NOK;Norwegian krone;SP;Spot;4;false;0;Units;C;ECB concertation time 14:15 CET;2023-01-05;10.1168
B;Business;USD;US dollar;NOK;Norwegian krone;SP;Spot;4;false;0;Units;C;ECB concertation time 14:15 CET;2023-01-06;10.2924
B;Business;USD;US dollar;NOK;Norwegian krone;SP;Spot;4;false;0;Units;C;ECB concertation time 14:15 CET;2023-01-09;9.9203
B;Business;USD;US dollar;NOK;Norwegian krone;SP;Spot;4;false;0;Units;C;ECB concertation time 14:15 CET;2023-01-10;9.9585
B;Business;USD;US dollar;NOK;Norwegian krone;SP;Spot;4;false;0;Units;C;ECB concertation time 14:15 CET;2023-01-11;9.9916
B;Business;USD;US dollar;NOK;Norwegian krone;SP;Spot;4;false;0;Units;C;ECB concertation time 14:15 CET;2023-01-12;9.9543
B;Business;USD;US dollar;NOK;Norwegian krone;SP;Spot;4;false;0;Units;C;ECB concertation time 14:15 CET;2023-01-13;9.8895
B;Business;USD;US dollar;NOK;Norwegian krone;SP;Spot;4;false;0;Units;C;ECB concertation time 14:15 CET;2023-01-16;9.8913
B;Business;USD;US dollar;NOK;Norwegian krone;SP;Spot;4;false;0;Units;C;ECB concertation time 14:15 CET;2023-01-17;9.9108
B;Business;USD;US dollar;NOK;Norwegian krone;SP;Spot;4;false;0;Units;C;ECB concertation time 14:15 CET;2023-01-18;9.8305
B;Business;USD;US dollar;NOK;Norwegian krone;SP;Spot;4;false;0;Units;C;ECB concertation time 14:15 CET;2023-01-19;9.9362
B;Business;USD;US dollar;NOK;Norwegian krone;SP;Spot;4;false;0;Units;C;ECB concertation time 14:15 CET;2023-01-20;9.8961
B;Business;USD;US dollar;NOK;Norwegian krone;SP;Spot;4;false;0;Units;C;ECB concertation time 14:15 CET;2023-01-23;9.8275
B;Business;USD;US dollar;NOK;Norwegian krone;SP;Spot;4;false;0;Units;C;ECB concertation time 14:15 CET;2023-01-24;9.8723
B;Business;USD;US dollar;NOK;Norwegian krone;SP;Spot;4;false;0;Units;C;ECB concertation time 14:15 CET;2023-01-25;9.9187
B;Business;USD;US dollar;NOK;Norwegian krone;SP;Spot;4;false;0;Units;C;ECB concertation time 14:15 CET;2023-01-26;9.8779
B;Business;USD;US dollar;NOK;Norwegian krone;SP;Spot;4;false;0;Units;C;ECB concertation time 14:15 CET;2023-01-27;9.9034
B;Business;USD;US dollar;NOK;Norwegian krone;SP;Spot;4;false;0;Units;C;ECB concertation time 14:15 CET;2023-01-30;9.8987
B;Business;USD;US dollar;NOK;Norwegian krone;SP;Spot;4;false;0;Units;C;ECB concertation time 14:15 CET;2023-01-31;10.0695
B;Business;USD;US dollar;NOK;Norwegian krone;SP;Spot;4;false;0;Units;C;ECB concertation time 14:15 CET;2023-02-01;9.9659
B;Business;USD;US dollar;NOK;Norwegian krone;SP;Spot;4;false;0;Units;C;ECB concertation time 14:15 CET;2023-02-02;9.9686
B;Business;USD;US dollar;NOK;Norwegian krone;SP;Spot;4;false;0;Units;C;ECB concertation time 14:15 CET;2023-02-03;10.0378
B;Business;USD;US dollar;NOK;Norwegian krone;SP;Spot;4;false;0;Units;C;ECB concertation time 14:15 CET;2023-02-06;10.2476
B;Business;USD;US dollar;NOK;Norwegian krone;SP;Spot;4;false;0;Units;C;ECB concertation time 14:15 CET;2023-02-07;10.3975
B;Business;USD;US dollar;NOK;Norwegian krone;SP;Spot;4;false;0;Units;C;ECB concertation time 14:15 CET;2023-02-08;10.2711
B;Business;USD;US dollar;NOK;Norwegian krone;SP;Spot;4;false;0;Units;C;ECB concertation time 14:15 CET;2023-02-09;10.1312
B;Business;USD;US dollar;NOK;Norwegian krone;SP;Spot;4;false;0;Units;C;ECB concertation time 14:15 CET;2023-02-10;10.1693
B;Business;USD;US dollar;NOK;Norwegian krone;SP;Spot;4;false;0;Units;C;ECB concertation time 14:15 CET;2023-02-13;10.1266
B;Business;USD;US dollar;NOK;Norwegian krone;SP;Spot;4;false;0;Units;C;ECB concertation time 14:15 CET;2023-02-14;10.1104
B;Business;USD;US dollar;NOK;Norwegian krone;SP;Spot;4;false;0;Units;C;ECB concertation time 14:15 CET;2023-02-15;10.205
B;Business;USD;US dollar;NOK;Norwegian krone;SP;Spot;4;false;0;Units;C;ECB concertation time 14:15 CET;2023-02-16;10.2349
B;Business;USD;US dollar;NOK;Norwegian krone;SP;Spot;4;false;0;Units;C;ECB concertation time 14:15 CET;2023-02-17;10.3671
B;Business;USD;US dollar;NOK;Norwegian krone;SP;Spot;4;false;0;Units;C;ECB concertation time 14:15 CET;2023-02-20;10.2757
B;Business;USD;US dollar;NOK;Norwegian krone;SP;Spot;4;false;0;Units;C;ECB concertation time 14:15 CET;2023-02-21;10.2652
B;Business;USD;US dollar;NOK;Norwegian krone;SP;Spot;4;false;0;Units;C;ECB concertation time 14:15 CET;2023-02-22;10.303
B;Business;USD;US dollar;NOK;Norwegian krone;SP;Spot;4;false;0;Units;C;ECB concertation time 14:15 CET;2023-02-23;10.3189
B;Business;USD;US dollar;NOK;Norwegian krone;SP;Spot;4;false;0;Units;C;ECB concertation time 14:15 CET;2023-02-24;10.3472
B;Business;USD;US dollar;NOK;Norwegian krone;SP;Spot;4;false;0;Units;C;ECB concertation time 14:15 CET;2023-02-27;10.388
B;Business;USD;US dollar;NOK;Norwegian krone;SP;Spot;4;false;0;Units;C;ECB concertation time 14:15 CET;2023-02-28;10.3318
B;Business;USD;US dollar;NOK;Norwegian krone;SP;Spot;4;false;0;Units;C;ECB concertation time 14:15 CET;2023-03-01;10.3299
B;Business;USD;US dollar;NOK;Norwegian krone;SP;Spot;4;false;0;Units;C;ECB concertation time 14:15 CET;2023-03-02;10.4526
B;Business;USD;US dollar;NOK;Norwegian krone;SP;Spot;4;false;0;Units;C;ECB concertation time 14:15 CET;2023-03-03;10.4202
B;Business;USD;US dollar;NOK;Norwegian krone;SP;Spot;4;false;0;Units;C;ECB concertation time 14:15 CET;2023-03-06;10.4367
B;Business;USD;US dollar;NOK;Norwegian krone;SP;Spot;4;false;0;Units;C;ECB concertation time 14:15 CET;2023-03-07;10.4955
B;Business;USD;US dollar;NOK;Norwegian krone;SP;Spot;4;false;0;Units;C;ECB concertation time 14:15 CET;2023-03-08;10.6406
B;Business;USD;US dollar;NOK;Norwegian krone;SP;Spot;4;false;0;Units;C;ECB concertation time 14:15 CET;2023-03-09;10.6798
B;Business;USD;US dollar;NOK;Norwegian krone;SP;Spot;4;false;0;Units;C;ECB concertation time 14:15 CET;2023-03-10;10.665
B;Business;USD;US dollar;NOK;Norwegian krone;SP;Spot;4;false;0;Units;C;ECB concertation time 14:15 CET;2023-03-13;10.6382
B;Business;USD;US dollar;NOK;Norwegian krone;SP;Spot;4;false;0;Units;C;ECB concertation time 14:15 CET;2023-03-14;10.557
B;Business;USD;US dollar;NOK;Norwegian krone;SP;Spot;4;false;0;Units;C;ECB concertation time 14:15 CET;2023-03-15;10.7498
B;Business;USD;US dollar;NOK;Norwegian krone;SP;Spot;4;false;0;Units;C;ECB concertation time 14:15 CET;2023-03-16;10.8058
B;Business;USD;US dollar;NOK;Norwegian krone;SP;Spot;4;false;0;Units;C;ECB concertation time 14:15 CET;2023-03-17;10.752
B;Business;USD;US dollar;NOK;Norwegian krone;SP;Spot;4;false;0;Units;C;ECB concertation time 14:15 CET;2023-03-20;10.6569
B;Business;USD;US dollar;NOK;Norwegian krone;SP;Spot;4;false;0;Units;C;ECB concertation time 14:15 CET;2023-03-21;10.4979
B;Business;USD;US dollar;NOK;Norwegian krone;SP;Spot;4;false;0;Units;C;ECB concertation time 14:15 CET;2023-03-22;10.5072
B;Business;USD;US dollar;NOK;Norwegian krone;SP;Spot;4;false;0;Units;C;ECB concertation time 14:15 CET;2023-03-23;10.3723
B;Business;USD;US dollar;NOK;Norwegian krone;SP;Spot;4;false;0;Units;C;ECB concertation time 14:15 CET;2023-03-24;10.5226
B;Business;USD;US dollar;NOK;Norwegian krone;SP;Spot;4;false;0;Units;C;ECB concertation time 14:15 CET;2023-03-27;10.5245
B;Business;USD;US dollar;NOK;Norwegian krone;SP;Spot;4;false;0;Units;C;ECB concertation time 14:15 CET;2023-03-28;10.4455
B;Business;USD;US dollar;NOK;Norwegian krone;SP;Spot;4;false;0;Units;C;ECB concertation time 14:15 CET;2023-03-29;10.4181
B;Business;USD;US dollar;NOK;Norwegian krone;SP;Spot;4;false;0;Units;C;ECB concertation time 14:15 CET;2023-03-30;10.4327
B;Business;USD;US dollar;NOK;Norwegian krone;SP;Spot;4;false;0;Units;C;ECB concertation time 14:15 CET;2023-03-31;10.4772
B;Business;USD;US dollar;NOK;Norwegian krone;SP;Spot;4;false;0;Units;C;ECB concertation time 14:15 CET;2023-04-03;10.351
B;Business;USD;US dollar;NOK;Norwegian krone;SP;Spot;4;false;0;Units;C;ECB concertation time 14:15 CET;2023-04-04;10.3059
B;Business;USD;US dollar;NOK;Norwegian krone;SP;Spot;4;false;0;Units;C;ECB concertation time 14:15 CET;2023-04-05;10.4196
B;Business;USD;US dollar;NOK;Norwegian krone;SP;Spot;4;false;0;Units;C;ECB concertation time 14:15 CET;2023-04-11;10.5855
B;Business;USD;US dollar;NOK;Norwegian krone;SP;Spot;4;false;0;Units;C;ECB concertation time 14:15 CET;2023-04-12;10.5059
B;Business;USD;US dollar;NOK;Norwegian krone;SP;Spot;4;false;0;Units;C;ECB concertation time 14:15 CET;2023-04-13;10.4013
B;Business;USD;US dollar;NOK;Norwegian krone;SP;Spot;4;false;0;Units;C;ECB concertation time 14:15 CET;2023-04-14;10.312
B;Business;USD;US dollar;NOK;Norwegian krone;SP;Spot;4;false;0;Units;C;ECB concertation time 14:15 CET;2023-04-17;10.3488
B;Business;USD;US dollar;NOK;Norwegian krone;SP;Spot;4;false;0;Units;C;ECB concertation time 14:15 CET;2023-04-18;10.4516
B;Business;USD;US dollar;NOK;Norwegian krone;SP;Spot;4;false;0;Units;C;ECB concertation time 14:15 CET;2023-04-19;10.5493
B;Business;USD;US dollar;NOK;Norwegian krone;SP;Spot;4;false;0;Units;C;ECB concertation time 14:15 CET;2023-04-20;10.6031
B;Business;USD;US dollar;NOK;Norwegian krone;SP;Spot;4;false;0;Units;C;ECB concertation time 14:15 CET;2023-04-21;10.6126
B;Business;USD;US dollar;NOK;Norwegian krone;SP;Spot;4;false;0;Units;C;ECB concertation time 14:15 CET;2023-04-24;10.5863
B;Business;USD;US dollar;NOK;Norwegian krone;SP;Spot;4;false;0;Units;C;ECB concertation time 14:15 CET;2023-04-25;10.6106
B;Business;USD;US dollar;NOK;Norwegian krone;SP;Spot;4;false;0;Units;C;ECB concertation time 14:15 CET;2023-04-26;10.6187
B;Business;USD;US dollar;NOK;Norwegian krone;SP;Spot;4;false;0;Units;C;ECB concertation time 14:15 CET;2023-04-27;10.6086
B;Business;USD;US dollar;NOK;Norwegian krone;SP;Spot;4;false;0;Units;C;ECB concertation time 14:15 CET;2023-04-28;10.7376
B;Business;USD;US dollar;NOK;Norwegian krone;SP;Spot;4;false;0;Units;C;ECB concertation time 14:15 CET;2023-05-02;10.7269
B;Business;USD;US dollar;NOK;Norwegian krone;SP;Spot;4;false;0;Units;C;ECB concertation time 14:15 CET;2023-05-03;10.7634
B;Business;USD;US dollar;NOK;Norwegian krone;SP;Spot;4;false;0;Units;C;ECB concertation time 14:15 CET;2023-05-04;10.6811
B;Business;USD;US dollar;NOK;Norwegian krone;SP;Spot;4;false;0;Units;C;ECB concertation time 14:15 CET;2023-05-05;10.6133
B;Business;USD;US dollar;NOK;Norwegian krone;SP;Spot;4;false;0;Units;C;ECB concertation time 14:15 CET;2023-05-08;10.4653
B;Business;USD;US dollar;NOK;Norwegian krone;SP;Spot;4;false;0;Units;C;ECB concertation time 14:15 CET;2023-05-09;10.5621
B;Business;USD;US dollar;NOK;Norwegian krone;SP;Spot;4;false;0;Units;C;ECB concertation time 14:15 CET;2023-05-10;10.5466
B;Business;USD;US dollar;NOK;Norwegian krone;SP;Spot;4;false;0;Units;C;ECB concertation time 14:15 CET;2023-05-11;10.538
B;Business;USD;US dollar;NOK;Norwegian krone;SP;Spot;4;false;0;Units;C;ECB concertation time 14:15 CET;2023-05-12;10.6785
B;Business;USD;US dollar;NOK;Norwegian krone;SP;Spot;4;false;0;Units;C;ECB concertation time 14:15 CET;2023-05-15;10.6501
B;Business;USD;US dollar;NOK;Norwegian krone;SP;Spot;4;false;0;Units;C;ECB concertation time 14:15 CET;2023-05-16;10.6727
B;Business;USD;US dollar;NOK;Norwegian krone;SP;Spot;4;false;0;Units;C;ECB concertation time 14:15 CET;2023-05-19;10.8262
B;Business;USD;US dollar;NOK;Norwegian krone;SP;Spot;4;false;0;Units;C;ECB concertation time 14:15 CET;2023-05-22;10.882
B;Business;USD;US dollar;NOK;Norwegian krone;SP;Spot;4;false;0;Units;C;ECB concertation time 14:15 CET;2023-05-23;10.9398
B;Business;USD;US dollar;NOK;Norwegian krone;SP;Spot;4;false;0;Units;C;ECB concertation time 14:15 CET;2023-05-24;10.9573
B;Business;USD;US dollar;NOK;Norwegian krone;SP;Spot;4;false;0;Units;C;ECB concertation time 14:15 CET;2023-05-25;10.9637
B;Business;USD;US dollar;NOK;Norwegian krone;SP;Spot;4;false;0;Units;C;ECB concertation time 14:15 CET;2023-05-26;10.996
B;Business;USD;US dollar;NOK;Norwegian krone;SP;Spot;4;false;0;Units;C;ECB concertation time 14:15 CET;2023-05-30;11.0522
B;Business;USD;US dollar;NOK;Norwegian krone;SP;Spot;4;false;0;Units;C;ECB concertation time 14:15 CET;2023-05-31;11.237
B;Business;USD;US dollar;NOK;Norwegian krone;SP;Spot;4;false;0;Units;C;ECB concertation time 14:15 CET;2023-06-01;11.1872
B;Business;USD;US dollar;NOK;Norwegian krone;SP;Spot;4;false;0;Units;C;ECB concertation time 14:15 CET;2023-06-02;11.0053
B;Business;USD;US dollar;NOK;Norwegian krone;SP;Spot;4;false;0;Units;C;ECB concertation time 14:15 CET;2023-06-05;11.0641
B;Business;USD;US dollar;NOK;Norwegian krone;SP;Spot;4;false;0;Units;C;ECB concertation time 14:15 CET;2023-06-06;11.1181
B;Business;USD;US dollar;NOK;Norwegian krone;SP;Spot;4;false;0;Units;C;ECB concertation time 14:15 CET;2023-06-07;11.0082
B;Business;USD;US dollar;NOK;Norwegian krone;SP;Spot;4;false;0;Units;C;ECB concertation time 14:15 CET;2023-06-08;10.9509
B;Business;USD;US dollar;NOK;Norwegian krone;SP;Spot;4;false;0;Units;C;ECB concertation time 14:15 CET;2023-06-09;10.7718
B;Business;USD;US dollar;NOK;Norwegian krone;SP;Spot;4;false;0;Units;C;ECB concertation time 14:15 CET;2023-06-12;10.8072
B;Business;USD;US dollar;NOK;Norwegian krone;SP;Spot;4;false;0;Units;C;ECB concertation time 14:15 CET;2023-06-13;10.7695
B;Business;USD;US dollar;NOK;Norwegian krone;SP;Spot;4;false;0;Units;C;ECB concertation time 14:15 CET;2023-06-14;10.6171
B;Business;USD;US dollar;NOK;Norwegian krone;SP;Spot;4;false;0;Units;C;ECB concertation time 14:15 CET;2023-06-15;10.6318
B;Business;USD;US dollar;NOK;Norwegian krone;SP;Spot;4;false;0;Units;C;ECB concertation time 14:15 CET;2023-06-16;10.5025
B;Business;USD;US dollar;NOK;Norwegian krone;SP;Spot;4;false;0;Units;C;ECB concertation time 14:15 CET;2023-06-19;10.6514
B;Business;USD;US dollar;NOK;Norwegian krone;SP;Spot;4;false;0;Units;C;ECB concertation time 14:15 CET;2023-06-20;10.7157
B;Business;USD;US dollar;NOK;Norwegian krone;SP;Spot;4;false;0;Units;C;ECB concertation time 14:15 CET;2023-06-21;10.7544
B;Business;USD;US dollar;NOK;Norwegian krone;SP;Spot;4;false;0;Units;C;ECB concertation time 14:15 CET;2023-06-22;10.5589
B;Business;USD;US dollar;NOK;Norwegian krone;SP;Spot;4;false;0;Units;C;ECB concertation time 14:15 CET;2023-06-23;10.8935
B;Business;USD;US dollar;NOK;Norwegian krone;SP;Spot;4;false;0;Units;C;ECB concertation time 14:15 CET;2023-06-26;10.7236
B;Business;USD;US dollar;NOK;Norwegian krone;SP;Spot;4;false;0;Units;C;ECB concertation time 14:15 CET;2023-06-27;10.7354
B;Business;USD;US dollar;NOK;Norwegian krone;SP;Spot;4;false;0;Units;C;ECB concertation time 14:15 CET;2023-06-28;10.8242
B;Business;USD;US dollar;NOK;Norwegian krone;SP;Spot;4;false;0;Units;C;ECB concertation time 14:15 CET;2023-06-29;10.7556
B;Business;USD;US dollar;NOK;Norwegian krone;SP;Spot;4;false;0;Units;C;ECB concertation time 14:15 CET;2023-06-30;10.7712
B;Business;USD;US dollar;NOK;Norwegian krone;SP;Spot;4;false;0;Units;C;ECB concertation time 14:15 CET;2023-07-03;10.7299
B;Business;USD;US dollar;NOK;Norwegian krone;SP;Spot;4;false;0;Units;C;ECB concertation time 14:15 CET;2023-07-04;10.6432
B;Business;USD;US dollar;NOK;Norwegian krone;SP;Spot;4;false;0;Units;C;ECB concertation time 14:15 CET;2023-07-05;10.7046
B;Business;USD;US dollar;NOK;Norwegian krone;SP;Spot;4;false;0;Units;C;ECB concertation time 14:15 CET;2023-07-06;10.6771
B;Business;USD;US dollar;NOK;Norwegian krone;SP;Spot;4;false;0;Units;C;ECB concertation time 14:15 CET;2023-07-07;10.7536
B;Business;USD;US dollar;NOK;Norwegian krone;SP;Spot;4;false;0;Units;C;ECB concertation time 14:15 CET;2023-07-10;10.5545
B;Business;USD;US dollar;NOK;Norwegian krone;SP;Spot;4;false;0;Units;C;ECB concertation time 14:15 CET;2023-07-11;10.4213
B;Business;USD;US dollar;NOK;Norwegian krone;SP;Spot;4;false;0;Units;C;ECB concertation time 14:15 CET;2023-07-12;10.2803
B;Business;USD;US dollar;NOK;Norwegian krone;SP;Spot;4;false;0;Units;C;ECB concertation time 14:15 CET;2023-07-13;10.059
B;Business;USD;US dollar;NOK;Norwegian krone;SP;Spot;4;false;0;Units;C;ECB concertation time 14:15 CET;2023-07-14;9.9906
B;Business;USD;US dollar;NOK;Norwegian krone;SP;Spot;4;false;0;Units;C;ECB concertation time 14:15 CET;2023-07-17;10.0107
B;Business;USD;US dollar;NOK;Norwegian krone;SP;Spot;4;false;0;Units;C;ECB concertation time 14:15 CET;2023-07-18;10.0751
B;Business;USD;US dollar;NOK;Norwegian krone;SP;Spot;4;false;0;Units;C;ECB concertation time 14:15 CET;2023-07-19;10.0392
B;Business;USD;US dollar;NOK;Norwegian krone;SP;Spot;4;false;0;Units;C;ECB concertation time 14:15 CET;2023-07-20;9.9629
B;Business;USD;US dollar;NOK;Norwegian krone;SP;Spot;4;false;0;Units;C;ECB concertation time 14:15 CET;2023-07-21;10.049
B;Business;USD;US dollar;NOK;Norwegian krone;SP;Spot;4;false;0;Units;C;ECB concertation time 14:15 CET;2023-07-24;10.087
B;Business;USD;US dollar;NOK;Norwegian krone;SP;Spot;4;false;0;Units;C;ECB concertation time 14:15 CET;2023-07-25;10.0991
B;Business;USD;US dollar;NOK;Norwegian krone;SP;Spot;4;false;0;Units;C;ECB concertation time 14:15 CET;2023-07-26;10.1275
B;Business;USD;US dollar;NOK;Norwegian krone;SP;Spot;4;false;0;Units;C;ECB concertation time 14:15 CET;2023-07-27;10.0022
B;Business;USD;US dollar;NOK;Norwegian krone;SP;Spot;4;false;0;Units;C;ECB concertation time 14:15 CET;2023-07-28;10.1435
B;Business;USD;US dollar;NOK;Norwegian krone;SP;Spot;4;false;0;Units;C;ECB concertation time 14:15 CET;2023-07-31;10.1429
B;Business;USD;US dollar;NOK;Norwegian krone;SP;Spot;4;false;0;Units;C;ECB concertation time 14:15 CET;2023-08-01;10.2197
B;Business;USD;US dollar;NOK;Norwegian krone;SP;Spot;4;false;0;Units;C;ECB concertation time 14:15 CET;2023-08-02;10.1607
B;Business;USD;US dollar;NOK;Norwegian krone;SP;Spot;4;false;0;Units;C;ECB concertation time 14:15 CET;2023-08-03;10.3151
B;Business;USD;US dollar;NOK;Norwegian krone;SP;Spot;4;false;0;Units;C;ECB concertation time 14:15 CET;2023-08-04;10.2191
B;Business;USD;US dollar;NOK;Norwegian krone;SP;Spot;4;false;0;Units;C;ECB concertation time 14:15 CET;2023-08-07;10.1498
B;Business;USD;US dollar;NOK;Norwegian krone;SP;Spot;4;false;0;Units;C;ECB concertation time 14:15 CET;2023-08-08;10.3207
B;Business;USD;US dollar;NOK;Norwegian krone;SP;Spot;4;false;0;Units;C;ECB concertation time 14:15 CET;2023-08-09;10.2173
B;Business;USD;US dollar;NOK;Norwegian krone;SP;Spot;4;false;0;Units;C;ECB concertation time 14:15 CET;2023-08-10;10.1447
B;Business;USD;US dollar;NOK;Norwegian krone;SP;Spot;4;false;0;Units;C;ECB concertation time 14:15 CET;2023-08-11;10.3803
B;Business;USD;US dollar;NOK;Norwegian krone;SP;Spot;4;false;0;Units;C;ECB concertation time 14:15 CET;2023-08-14;10.4611
B;Business;USD;US dollar;NOK;Norwegian krone;SP;Spot;4;false;0;Units;C;ECB concertation time 14:15 CET;2023-08-15;10.4984
B;Business;USD;US dollar;NOK;Norwegian krone;SP;Spot;4;false;0;Units;C;ECB concertation time 14:15 CET;2023-08-16;10.4919
B;Business;USD;US dollar;NOK;Norwegian krone;SP;Spot;4;false;0;Units;C;ECB concertation time 14:15 CET;2023-08-17;10.5491
B;Business;USD;US dollar;NOK;Norwegian krone;SP;Spot;4;false;0;Units;C;ECB concertation time 14:15 CET;2023-08-18;10.6561
B;Business;USD;US dollar;NOK;Norwegian krone;SP;Spot;4;false;0;Units;C;ECB concertation time 14:15 CET;2023-08-21;10.5615
B;Business;USD;US dollar;NOK;Norwegian krone;SP;Spot;4;false;0;Units;C;ECB concertation time 14:15 CET;2023-08-22;10.581
B;Business;USD;US dollar;NOK;Norwegian krone;SP;Spot;4;false;0;Units;C;ECB concertation time 14:15 CET;2023-08-23;10.7108
B;Business;USD;US dollar;NOK;Norwegian krone;SP;Spot;4;false;0;Units;C;ECB concertation time 14:15 CET;2023-08-24;10.6804
B;Business;USD;US dollar;NOK;Norwegian krone;SP;Spot;4;false;0;Units;C;ECB concertation time 14:15 CET;2023-08-25;10.6569
B;Business;USD;US dollar;NOK;Norwegian krone;SP;Spot;4;false;0;Units;C;ECB concertation time 14:15 CET;2023-08-28;10.7055
B;Business;USD;US dollar;NOK;Norwegian krone;SP;Spot;4;false;0;Units;C;ECB concertation time 14:15 CET;2023-08-29;10.7049
B;Business;USD;US dollar;NOK;Norwegian krone;SP;Spot;4;false;0;Units;C;ECB concertation time 14:15 CET;2023-08-30;10.6063
B;Business;USD;US dollar;NOK;Norwegian krone;SP;Spot;4;false;0;Units;C;ECB concertation time 14:15 CET;2023-08-31;10.6551
B;Business;USD;US dollar;NOK;Norwegian krone;SP;Spot;4;false;0;Units;C;ECB concertation time 14:15 CET;2023-09-01;10.592
B;Business;USD;US dollar;NOK;Norwegian krone;SP;Spot;4;false;0;Units;C;ECB concertation time 14:15 CET;2023-09-04;10.6476
B;Business;USD;US dollar;NOK;Norwegian krone;SP;Spot;4;false;0;Units;C;ECB concertation time 14:15 CET;2023-09-05;10.7572
B;Business;USD;US dollar;NOK;Norwegian krone;SP;Spot;4;false;0;Units;C;ECB concertation time 14:15 CET;2023-09-06;10.6952
B;Business;USD;US dollar;NOK;Norwegian krone;SP;Spot;4;false;0;Units;C;ECB concertation time 14:15 CET;2023-09-07;10.7194
B;Business;USD;US dollar;NOK;Norwegian krone;SP;Spot;4;false;0;Units;C;ECB concertation time 14:15 CET;2023-09-08;10.6708
B;Business;USD;US dollar;NOK;Norwegian krone;SP;Spot;4;false;0;Units;C;ECB concertation time 14:15 CET;2023-09-11;10.6527
B;Business;USD;US dollar;NOK;Norwegian krone;SP;Spot;4;false;0;Units;C;ECB concertation time 14:15 CET;2023-09-12;10.6917
B;Business;USD;US dollar;NOK;Norwegian krone;SP;Spot;4;false;0;Units;C;ECB concertation time 14:15 CET;2023-09-13;10.6941
B;Business;USD;US dollar;NOK;Norwegian krone;SP;Spot;4;false;0;Units;C;ECB concertation time 14:15 CET;2023-09-14;10.7212
B;Business;USD;US dollar;NOK;Norwegian krone;SP;Spot;4;false;0;Units;C;ECB concertation time 14:15 CET;2023-09-15;10.7168
B;Business;USD;US dollar;NOK;Norwegian krone;SP;Spot;4;false;0;Units;C;ECB concertation time 14:15 CET;2023-09-18;10.8495
B;Business;USD;US dollar;NOK;Norwegian krone;SP;Spot;4;false;0;Units;C;ECB concertation time 14:15 CET;2023-09-19;10.7258
B;Business;USD;US dollar;NOK;Norwegian krone;SP;Spot;4;false;0;Units;C;ECB concertation time 14:15 CET;2023-09-20;10.7288
B;Business;USD;US dollar;NOK;Norwegian krone;SP;Spot;4;false;0;Units;C;ECB concertation time 14:15 CET;2023-09-21;10.8387
B;Business;USD;US dollar;NOK;Norwegian krone;SP;Spot;4;false;0;Units;C;ECB concertation time 14:15 CET;2023-09-22;10.7326
B;Business;USD;US dollar;NOK;Norwegian krone;SP;Spot;4;false;0;Units;C;ECB concertation time 14:15 CET;2023-09-25;10.7496
B;Business;USD;US dollar;NOK;Norwegian krone;SP;Spot;4;false;0;Units;C;ECB concertation time 14:15 CET;2023-09-26;10.7874
B;Business;USD;US dollar;NOK;Norwegian krone;SP;Spot;4;false;0;Units;C;ECB concertation time 14:15 CET;2023-09-27;10.783
B;Business;USD;US dollar;NOK;Norwegian krone;SP;Spot;4;false;0;Units;C;ECB concertation time 14:15 CET;2023-09-28;10.7373
B;Business;USD;US dollar;NOK;Norwegian krone;SP;Spot;4;false;0;Units;C;ECB concertation time 14:15 CET;2023-09-29;10.6225
B;Business;USD;US dollar;NOK;Norwegian krone;SP;Spot;4;false;0;Units;C;ECB concertation time 14:15 CET;2023-10-02;10.7526
B;Business;USD;US dollar;NOK;Norwegian krone;SP;Spot;4;false;0;Units;C;ECB concertation time 14:15 CET;2023-10-03;10.9139
B;Business;USD;US dollar;NOK;Norwegian krone;SP;Spot;4;false;0;Units;C;ECB concertation time 14:15 CET;2023-10-04;10.9684
B;Business;USD;US dollar;NOK;Norwegian krone;SP;Spot;4;false;0;Units;C;ECB concertation time 14:15 CET;2023-10-05;10.9921
B;Business;USD;US dollar;NOK;Norwegian krone;SP;Spot;4;false;0;Units;C;ECB concertation time 14:15 CET;2023-10-06;10.9902
B;Business;USD;US dollar;NOK;Norwegian krone;SP;Spot;4;false;0;Units;C;ECB concertation time 14:15 CET;2023-10-09;10.9038
B;Business;USD;US dollar;NOK;Norwegian krone;SP;Spot;4;false;0;Units;C;ECB concertation time 14:15 CET;2023-10-10;10.8642
B;Business;USD;US dollar;NOK;Norwegian krone;SP;Spot;4;false;0;Units;C;ECB concertation time 14:15 CET;2023-10-11;10.8405
B;Business;USD;US dollar;NOK;Norwegian krone;SP;Spot;4;false;0;Units;C;ECB concertation time 14:15 CET;2023-10-12;10.8452
B;Business;USD;US dollar;NOK;Norwegian krone;SP;Spot;4;false;0;Units;C;ECB concertation time 14:15 CET;2023-10-13;10.9426
B;Business;USD;US dollar;NOK;Norwegian krone;SP;Spot;4;false;0;Units;C;ECB concertation time 14:15 CET;2023-10-16;10.929
B;Business;USD;US dollar;NOK;Norwegian krone;SP;Spot;4;false;0;Units;C;ECB concertation time 14:15 CET;2023-10-17;10.9528
B;Business;USD;US dollar;NOK;Norwegian krone;SP;Spot;4;false;0;Units;C;ECB concertation time 14:15 CET;2023-10-18;10.9749
B;Business;USD;US dollar;NOK;Norwegian krone;SP;Spot;4;false;0;Units;C;ECB concertation time 14:15 CET;2023-10-19;11.0791
B;Business;USD;US dollar;NOK;Norwegian krone;SP;Spot;4;false;0;Units;C;ECB concertation time 14:15 CET;2023-10-20;11.029
B;Business;USD;US dollar;NOK;Norwegian krone;SP;Spot;4;false;0;Units;C;ECB concertation time 14:15 CET;2023-10-23;11.1338
B;Business;USD;US dollar;NOK;Norwegian krone;SP;Spot;4;false;0;Units;C;ECB concertation time 14:15 CET;2023-10-24;11.1226
B;Business;USD;US dollar;NOK;Norwegian krone;SP;Spot;4;false;0;Units;C;ECB concertation time 14:15 CET;2023-10-25;11.1933
B;Business;USD;US dollar;NOK;Norwegian krone;SP;Spot;4;false;0;Units;C;ECB concertation time 14:15 CET;2023-10-26;11.2476
B;Business;USD;US dollar;NOK;Norwegian krone;SP;Spot;4;false;0;Units;C;ECB concertation time 14:15 CET;2023-10-27;11.2214
B;Business;USD;US dollar;NOK;Norwegian krone;SP;Spot;4;false;0;Units;C;ECB concertation time 14:15 CET;2023-10-30;11.1179
B;Business;USD;US dollar;NOK;Norwegian krone;SP;Spot;4;false;0;Units;C;ECB concertation time 14:15 CET;2023-10-31;11.1814
B;Business;USD;US dollar;NOK;Norwegian krone;SP;Spot;4;false;0;Units;C;ECB concertation time 14:15 CET;2023-11-01;11.1948
B;Business;USD;US dollar;NOK;Norwegian krone;SP;Spot;4;false;0;Units;C;ECB concertation time 14:15 CET;2023-11-02;11.1381
B;Business;USD;US dollar;NOK;Norwegian krone;SP;Spot;4;false;0;Units;C;ECB concertation time 14:15 CET;2023-11-03;11.076
B;Business;USD;US dollar;NOK;Norwegian krone;SP;Spot;4;false;0;Units;C;ECB concertation time 14:15 CET;2023-11-06;11.0078
B;Business;USD;US dollar;NOK;Norwegian krone;SP;Spot;4;false;0;Units;C;ECB concertation time 14:15 CET;2023-11-07;11.1567
B;Business;USD;US dollar;NOK;Norwegian krone;SP;Spot;4;false;0;Units;C;ECB concertation time 14:15 CET;2023-11-08;11.1803
B;Business;USD;US dollar;NOK;Norwegian krone;SP;Spot;4;false;0;Units;C;ECB concertation time 14:15 CET;2023-11-09;11.1622
B;Business;USD;US dollar;NOK;Norwegian krone;SP;Spot;4;false;0;Units;C;ECB concertation time 14:15 CET;2023-11-10;11.1135
B;Business;USD;US dollar;NOK;Norwegian krone;SP;Spot;4;false;0;Units;C;ECB concertation time 14:15 CET;2023-11-13;11.1312
B;Business;USD;US dollar;NOK;Norwegian krone;SP;Spot;4;false;0;Units;C;ECB concertation time 14:15 CET;2023-11-14;11.1386
B;Business;USD;US dollar;NOK;Norwegian krone;SP;Spot;4;false;0;Units;C;ECB concertation time 14:15 CET;2023-11-15;10.8079
B;Business;USD;US dollar;NOK;Norwegian krone;SP;Spot;4;false;0;Units;C;ECB concertation time 14:15 CET;2023-11-16;10.8466
B;Business;USD;US dollar;NOK;Norwegian krone;SP;Spot;4;false;0;Units;C;ECB concertation time 14:15 CET;2023-11-17;10.8637
B;Business;USD;US dollar;NOK;Norwegian krone;SP;Spot;4;false;0;Units;C;ECB concertation time 14:15 CET;2023-11-20;10.7247
B;Business;USD;US dollar;NOK;Norwegian krone;SP;Spot;4;false;0;Units;C;ECB concertation time 14:15 CET;2023-11-21;10.6527
B;Business;USD;US dollar;NOK;Norwegian krone;SP;Spot;4;false;0;Units;C;ECB concertation time 14:15 CET;2023-11-22;10.725
B;Business;USD;US dollar;NOK;Norwegian krone;SP;Spot;4;false;0;Units;C;ECB concertation time 14:15 CET;2023-11-23;10.744
B;Business;USD;US dollar;NOK;Norwegian krone;SP;Spot;4;false;0;Units;C;ECB concertation time 14:15 CET;2023-11-24;10.7498
B;Business;USD;US dollar;NOK;Norwegian krone;SP;Spot;4;false;0;Units;C;ECB concertation time 14:15 CET;2023-11-27;10.6693
B;Business;USD;US dollar;NOK;Norwegian krone;SP;Spot;4;false;0;Units;C;ECB concertation time 14:15 CET;2023-11-28;10.701
B;Business;USD;US dollar;NOK;Norwegian krone;SP;Spot;4;false;0;Units;C;ECB concertation time 14:15 CET;2023-11-29;10.6477
B;Business;USD;US dollar;NOK;Norwegian krone;SP;Spot;4;false;0;Units;C;ECB concertation time 14:15 CET;2023-11-30;10.7218
B;Business;USD;US dollar;NOK;Norwegian krone;SP;Spot;4;false;0;Units;C;ECB concertation time 14:15 CET;2023-12-01;10.7568
B;Business;USD;US dollar;NOK;Norwegian krone;SP;Spot;4;false;0;Units;C;ECB concertation time 14:15 CET;2023-12-04;10.7453
B;Business;USD;US dollar;NOK;Norwegian krone;SP;Spot;4;false;0;Units;C;ECB concertation time 14:15 CET;2023-12-05;10.8963
B;Business;USD;US dollar;NOK;Norwegian krone;SP;Spot;4;false;0;Units;C;ECB concertation time 14:15 CET;2023-12-06;10.9445
B;Business;USD;US dollar;NOK;Norwegian krone;SP;Spot;4;false;0;Units;C;ECB concertation time 14:15 CET;2023-12-07;10.9122
B;Business;USD;US dollar;NOK;Norwegian krone;SP;Spot;4;false;0;Units;C;ECB concertation time 14:15 CET;2023-12-08;10.8815
B;Business;USD;US dollar;NOK;Norwegian krone;SP;Spot;4;false;0;Units;C;ECB concertation time 14:15 CET;2023-12-11;10.965
B;Business;USD;US dollar;NOK;Norwegian krone;SP;Spot;4;false;0;Units;C;ECB concertation time 14:15 CET;2023-12-12;10.9015
B;Business;USD;US dollar;NOK;Norwegian krone;SP;Spot;4;false;0;Units;C;ECB concertation time 14:15 CET;2023-12-13;10.9623
B;Business;USD;US dollar;NOK;Norwegian krone;SP;Spot;4;false;0;Units;C;ECB concertation time 14:15 CET;2023-12-14;10.5486
B;Business;USD;US dollar;NOK;Norwegian krone;SP;Spot;4;false;0;Units;C;ECB concertation time 14:15 CET;2023-12-15;10.46
B;Business;USD;US dollar;NOK;Norwegian krone;SP;Spot;4;false;0;Units;C;ECB concertation time 14:15 CET;2023-12-18;10.3943
B;Business;USD;US dollar;NOK;Norwegian krone;SP;Spot;4;false;0;Units;C;ECB concertation time 14:15 CET;2023-12-19;10.3681
B;Business;USD;US dollar;NOK;Norwegian krone;SP;Spot;4;false;0;Units;C;ECB concertation time 14:15 CET;2023-12-20;10.3157
B;Business;USD;US dollar;NOK;Norwegian krone;SP;Spot;4;false;0;Units;C;ECB concertation time 14:15 CET;2023-12-21;10.3023
B;Business;USD;US dollar;NOK;Norwegian krone;SP;Spot;4;false;0;Units;C;ECB concertation time 14:15 CET;2023-12-22;10.2245
B;Business;USD;US dollar;NOK;Norwegian krone;SP;Spot;4;false;0;Units;C;ECB concertation time 14:15 CET;2023-12-27;10.1541
B;Business;USD;US dollar;NOK;Norwegian krone;SP;Spot;4;false;0;Units;C;ECB concertation time 14:15 CET;2023-12-28;10.1336
B;Business;USD;US dollar;NOK;Norwegian krone;SP;Spot;4;false;0;Units;C;ECB concertation time 14:15 CET;2023-12-29;10.1724
B;Business;USD;US dollar;NOK;Norwegian krone;SP;Spot;4;false;0;Units;C;ECB concertation time 14:15 CET;2024-01-02;10.2971
B;Business;USD;US dollar;NOK;Norwegian krone;SP;Spot;4;false;0;Units;C;ECB concertation time 14:15 CET;2024-01-03;10.3672
B;Business;USD;US dollar;NOK;Norwegian krone;SP;Spot;4;false;0;Units;C;ECB concertation time 14:15 CET;2024-01-04;10.3027
B;Business;USD;US dollar;NOK;Norwegian krone;SP;Spot;4;false;0;Units;C;ECB concertation time 14:15 CET;2024-01-05;10.3553
B;Business;USD;US dollar;NOK;Norwegian krone;SP;Spot;4;false;0;Units;C;ECB concertation time 14:15 CET;2024-01-08;10.38
B;Business;USD;US dollar;NOK;Norwegian krone;SP;Spot;4;false;0;Units;C;ECB concertation time 14:15 CET;2024-01-09;10.3364
B;Business;USD;US dollar;NOK;Norwegian krone;SP;Spot;4;false;0;Units;C;ECB concertation time 14:15 CET;2024-01-10;10.3156
B;Business;USD;US dollar;NOK;Norwegian krone;SP;Spot;4;false;0;Units;C;ECB concertation time 14:15 CET;2024-01-11;10.3106
B;Business;USD;US dollar;NOK;Norwegian krone;SP;Spot;4;false;0;Units;C;ECB concertation time 14:15 CET;2024-01-12;10.3057
B;Business;USD;US dollar;NOK;Norwegian krone;SP;Spot;4;false;0;Units;C;ECB concertation time 14:15 CET;2024-01-15;10.3371
B;Business;USD;US dollar;NOK;Norwegian krone;SP;Spot;4;false;0;Units;C;ECB concertation time 14:15 CET;2024-01-16;10.4149
B;Business;USD;US dollar;NOK;Norwegian krone;SP;Spot;4;false;0;Units;C;ECB concertation time 14:15 CET;2024-01-17;10.5116
B;Business;USD;US dollar;NOK;Norwegian krone;SP;Spot;4;false;0;Units;C;ECB concertation time 14:15 CET;2024-01-18;10.5251
B;Business;USD;US dollar;NOK;Norwegian krone;SP;Spot;4;false;0;Units;C;ECB concertation time 14:15 CET;2024-01-19;10.4804
B;Business;USD;US dollar;NOK;Norwegian krone;SP;Spot;4;false;0;Units;C;ECB concertation time 14:15 CET;2024-01-22;10.506
B;Business;USD;US dollar;NOK;Norwegian krone;SP;Spot;4;false;0;Units;C;ECB concertation time 14:15 CET;2024-01-23;10.5131
B;Business;USD;US dollar;NOK;Norwegian krone;SP;Spot;4;false;0;Units;C;ECB concertation time 14:15 CET;2024-01-24;10.4681
B;Business;USD;US dollar;NOK;Norwegian krone;SP;Spot;4;false;0;Units;C;ECB concertation time 14:15 CET;2024-01-25;10.4567
B;Business;USD;US dollar;NOK;Norwegian krone;SP;Spot;4;false;0;Units;C;ECB concertation time 14:15 CET;2024-01-26;10.4245
B;Business;USD;US dollar;NOK;Norwegian krone;SP;Spot;4;false;0;Units;C;ECB concertation time 14:15 CET;2024-01-29;10.4453
B;Business;USD;US dollar;NOK;Norwegian krone;SP;Spot;4;false;0;Units;C;ECB concertation time 14:15 CET;2024-01-30;10.4539
B;Business;USD;US dollar;NOK;Norwegian krone;SP;Spot;4;false;0;Units;C;ECB concertation time 14:15 CET;2024-01-31;10.4743
B;Business;USD;US dollar;NOK;Norwegian krone;SP;Spot;4;false;0;Units;C;ECB concertation time 14:15 CET;2024-02-01;10.5109
B;Business;USD;US dollar;NOK;Norwegian krone;SP;Spot;4;false;0;Units;C;ECB concertation time 14:15 CET;2024-02-02;10.4631
B;Business;USD;US dollar;NOK;Norwegian krone;SP;Spot;4;false;0;Units;C;ECB concertation time 14:15 CET;2024-02-05;10.6691
B;Business;USD;US dollar;NOK;Norwegian krone;SP;Spot;4;false;0;Units;C;ECB concertation time 14:15 CET;2024-02-06;10.6655
B;Business;USD;US dollar;NOK;Norwegian krone;SP;Spot;4;false;0;Units;C;ECB concertation time 14:15 CET;2024-02-07;10.5568
B;Business;USD;US dollar;NOK;Norwegian krone;SP;Spot;4;false;0;Units;C;ECB concertation time 14:15 CET;2024-02-08;10.6079
B;Business;USD;US dollar;NOK;Norwegian krone;SP;Spot;4;false;0;Units;C;ECB concertation time 14:15 CET;2024-02-09;10.5821
B;Business;USD;US dollar;NOK;Norwegian krone;SP;Spot;4;false;0;Units;C;ECB concertation time 14:15 CET;2024-02-12;10.5078
B;Business;USD;US dollar;NOK;Norwegian krone;SP;Spot;4;false;0;Units;C;ECB concertation time 14:15 CET;2024-02-13;10.4716
B;Business;USD;US dollar;NOK;Norwegian krone;SP;Spot;4;false;0;Units;C;ECB concertation time 14:15 CET;2024-02-14;10.5829
B;Business;USD;US dollar;NOK;Norwegian krone;SP;Spot;4;false;0;Units;C;ECB concertation time 14:15 CET;2024-02-15;10.5753
B;Business;USD;US dollar;NOK;Norwegian krone;SP;Spot;4;false;0;Units;C;ECB concertation time 14:15 CET;2024-02-16;10.5456
B;Business;USD;US dollar;NOK;Norwegian krone;SP;Spot;4;false;0;Units;C;ECB concertation time 14:15 CET;2024-02-19;10.4904
B;Business;USD;US dollar;NOK;Norwegian krone;SP;Spot;4;false;0;Units;C;ECB concertation time 14:15 CET;2024-02-20;10.4865
B;Business;USD;US dollar;NOK;Norwegian krone;SP;Spot;4;false;0;Units;C;ECB concertation time 14:15 CET;2024-02-21;10.4862
B;Business;USD;US dollar;NOK;Norwegian krone;SP;Spot;4;false;0;Units;C;ECB concertation time 14:15 CET;2024-02-22;10.4722
B;Business;USD;US dollar;NOK;Norwegian krone;SP;Spot;4;false;0;Units;C;ECB concertation time 14:15 CET;2024-02-23;10.5123
B;Business;USD;US dollar;NOK;Norwegian krone;SP;Spot;4;false;0;Units;C;ECB concertation time 14:15 CET;2024-02-26;10.5312
B;Business;USD;US dollar;NOK;Norwegian krone;SP;Spot;4;false;0;Units;C;ECB concertation time 14:15 CET;2024-02-27;10.5297
B;Business;USD;US dollar;NOK;Norwegian krone;SP;Spot;4;false;0;Units;C;ECB concertation time 14:15 CET;2024-02-28;10.6102
B;Business;USD;US dollar;NOK;Norwegian krone;SP;Spot;4;false;0;Units;C;ECB concertation time 14:15 CET;2024-02-29;10.6152
B;Business;USD;US dollar;NOK;Norwegian krone;SP;Spot;4;false;0;Units;C;ECB concertation time 14:15 CET;2024-03-01;10.5826
B;Business;USD;US dollar;NOK;Norwegian krone;SP;Spot;4;false;0;Units;C;ECB concertation time 14:15 CET;2024-03-04;10.5408
B;Business;USD;US dollar;NOK;Norwegian krone;SP;Spot;4;false;0;Units;C;ECB concertation time 14:15 CET;2024-03-05;10.577
B;Business;USD;US dollar;NOK;Norwegian krone;SP;Spot;4;false;0;Units;C;ECB concertation time 14:15 CET;2024-03-06;10.5463
B;Business;USD;US dollar;NOK;Norwegian krone;SP;Spot;4;false;0;Units;C;ECB concertation time 14:15 CET;2024-03-07;10.458
B;Business;USD;US dollar;NOK;Norwegian krone;SP;Spot;4;false;0;Units;C;ECB concertation time 14:15 CET;2024-03-08;10.3728
B;Business;USD;US dollar;NOK;Norwegian krone;SP;Spot;4;false;0;Units;C;ECB concertation time 14:15 CET;2024-03-11;10.4709
B;Business;USD;US dollar;NOK;Norwegian krone;SP;Spot;4;false;0;Units;C;ECB concertation time 14:15 CET;2024-03-12;10.505
B;Business;USD;US dollar;NOK;Norwegian krone;SP;Spot;4;false;0;Units;C;ECB concertation time 14:15 CET;2024-03-13;10.495
B;Business;USD;US dollar;NOK;Norwegian krone;SP;Spot;4;false;0;Units;C;ECB concertation time 14:15 CET;2024-03-14;10.4961
B;Business;USD;US dollar;NOK;Norwegian krone;SP;Spot;4;false;0;Units;C;ECB concertation time 14:15 CET;2024-03-15;10.577
B;Business;USD;US dollar;NOK;Norwegian krone;SP;Spot;4;false;0;Units;C;ECB concertation time 14:15 CET;2024-03-18;10.6101
B;Business;USD;US dollar;NOK;Norwegian krone;SP;Spot;4;false;0;Units;C;ECB concertation time 14:15 CET;2024-03-19;10.6859
B;Business;USD;US dollar;NOK;Norwegian krone;SP;Spot;4;false;0;Units;C;ECB concertation time 14:15 CET;2024-03-20;10.6718
B;Business;USD;US dollar;NOK;Norwegian krone;SP;Spot;4;false;0;Units;C;ECB concertation time 14:15 CET;2024-03-21;10.5831
B;Business;USD;US dollar;NOK;Norwegian krone;SP;Spot;4;false;0;Units;C;ECB concertation time 14:15 CET;2024-03-22;10.7336
B;Business;USD;US dollar;NOK;Norwegian krone;SP;Spot;4;false;0;Units;C;ECB concertation time 14:15 CET;2024-03-25;10.7107
B;Business;USD;US dollar;NOK;Norwegian krone;SP;Spot;4;false;0;Units;C;ECB concertation time 14:15 CET;2024-03-26;10.7103
B;Business;USD;US dollar;NOK;Norwegian krone;SP;Spot;4;false;0;Units;C;ECB concertation time 14:15 CET;2024-03-27;10.8011
B;Business;USD;US dollar;NOK;Norwegian krone;SP;Spot;4;false;0;Units;C;ECB concertation time 14:15 CET;2024-04-02;10.8922
B;Business;USD;US dollar;NOK;Norwegian krone;SP;Spot;4;false;0;Units;C;ECB concertation time 14:15 CET;2024-04-03;10.8115
B;Business;USD;US dollar;NOK;Norwegian krone;SP;Spot;4;false;0;Units;C;ECB concertation time 14:15 CET;2024-04-04;10.7008
B;Business;USD;US dollar;NOK;Norwegian krone;SP;Spot;4;false;0;Units;C;ECB concertation time 14:15 CET;2024-04-05;10.711
B;Business;USD;US dollar;NOK;Norwegian krone;SP;Spot;4;false;0;Units;C;ECB concertation time 14:15 CET;2024-04-08;10.7091
B;Business;USD;US dollar;NOK;Norwegian krone;SP;Spot;4;false;0;Units;C;ECB concertation time 14:15 CET;2024-04-09;10.6681
B;Business;USD;US dollar;NOK;Norwegian krone;SP;Spot;4;false;0;Units;C;ECB concertation time 14:15 CET;2024-04-10;10.6506
B;Business;USD;US dollar;NOK;Norwegian krone;SP;Spot;4;false;0;Units;C;ECB concertation time 14:15 CET;2024-04-11;10.8286
B;Business;USD;US dollar;NOK;Norwegian krone;SP;Spot;4;false;0;Units;C;ECB concertation time 14:15 CET;2024-04-12;10.8778
B;Business;USD;US dollar;NOK;Norwegian krone;SP;Spot;4;false;0;Units;C;ECB concertation time 14:15 CET;2024-04-15;10.9103
B;Business;USD;US dollar;NOK;Norwegian krone;SP;Spot;4;false;0;Units;C;ECB concertation time 14:15 CET;2024-04-16;10.9754
B;Business;USD;US dollar;NOK;Norwegian krone;SP;Spot;4;false;0;Units;C;ECB concertation time 14:15 CET;2024-04-17;10.9945
B;Business;USD;US dollar;NOK;Norwegian krone;SP;Spot;4;false;0;Units;C;ECB concertation time 14:15 CET;2024-04-18;10.9912
B;Business;USD;US dollar;NOK;Norwegian krone;SP;Spot;4;false;0;Units;C;ECB concertation time 14:15 CET;2024-04-19;11.0438
B;Business;USD;US dollar;NOK;Norwegian krone;SP;Spot;4;false;0;Units;C;ECB concertation time 14:15 CET;2024-04-22;11.0219
B;Business;USD;US dollar;NOK;Norwegian krone;SP;Spot;4;false;0;Units;C;ECB concertation time 14:15 CET;2024-04-23;10.9903
B;Business;USD;US dollar;NOK;Norwegian krone;SP;Spot;4;false;0;Units;C;ECB concertation time 14:15 CET;2024-04-24;10.9798
B;Business;USD;US dollar;NOK;Norwegian krone;SP;Spot;4;false;0;Units;C;ECB concertation time 14:15 CET;2024-04-25;10.9272
B;Business;USD;US dollar;NOK;Norwegian krone;SP;Spot;4;false;0;Units;C;ECB concertation time 14:15 CET;2024-04-26;11.0132
B;Business;USD;US dollar;NOK;Norwegian krone;SP;Spot;4;false;0;Units;C;ECB concertation time 14:15 CET;2024-04-29;10.9921
B;Business;USD;US dollar;NOK;Norwegian krone;SP;Spot;4;false;0;Units;C;ECB concertation time 14:15 CET;2024-04-30;11.0235
B;Business;USD;US dollar;NOK;Norwegian krone;SP;Spot;4;false;0;Units;C;ECB concertation time 14:15 CET;2024-05-02;11.0703
B;Business;USD;US dollar;NOK;Norwegian krone;SP;Spot;4;false;0;Units;C;ECB concertation time 14:15 CET;2024-05-03;10.8972
B;Business;USD;US dollar;NOK;Norwegian krone;SP;Spot;4;false;0;Units;C;ECB concertation time 14:15 CET;2024-05-06;10.8262
B;Business;USD;US dollar;NOK;Norwegian krone;SP;Spot;4;false;0;Units;C;ECB concertation time 14:15 CET;2024-05-07;10.8657
B;Business;USD;US dollar;NOK;Norwegian krone;SP;Spot;4;false;0;Units;C;ECB concertation time 14:15 CET;2024-05-08;10.9439
B;Business;USD;US dollar;NOK;Norwegian krone;SP;Spot;4;false;0;Units;C;ECB concertation time 14:15 CET;2024-05-10;10.8299
B;Business;USD;US dollar;NOK;Norwegian krone;SP;Spot;4;false;0;Units;C;ECB concertation time 14:15 CET;2024-05-13;10.8198
B;Business;USD;US dollar;NOK;Norwegian krone;SP;Spot;4;false;0;Units;C;ECB concertation time 14:15 CET;2024-05-14;10.8202
B;Business;USD;US dollar;NOK;Norwegian krone;SP;Spot;4;false;0;Units;C;ECB concertation time 14:15 CET;2024-05-15;10.7542
B;Business;USD;US dollar;NOK;Norwegian krone;SP;Spot;4;false;0;Units;C;ECB concertation time 14:15 CET;2024-05-16;10.7142
B;Business;USD;US dollar;NOK;Norwegian krone;SP;Spot;4;false;0;Units;C;ECB concertation time 14:15 CET;2024-05-21;10.6618
B;Business;USD;US dollar;NOK;Norwegian krone;SP;Spot;4;false;0;Units;C;ECB concertation time 14:15 CET;2024-05-22;10.6971
B;Business;USD;US dollar;NOK;Norwegian krone;SP;Spot;4;false;0;Units;C;ECB concertation time 14:15 CET;2024-05-23;10.6104
B;Business;USD;US dollar;NOK;Norwegian krone;SP;Spot;4;false;0;Units;C;ECB concertation time 14:15 CET;2024-05-24;10.6045
B;Business;USD;US dollar;NOK;Norwegian krone;SP;Spot;4;false;0;Units;C;ECB concertation time 14:15 CET;2024-05-27;10.5275
B;Business;USD;US dollar;NOK;Norwegian krone;SP;Spot;4;false;0;Units;C;ECB concertation time 14:15 CET;2024-05-28;10.4824
B;Business;USD;US dollar;NOK;Norwegian krone;SP;Spot;4;false;0;Units;C;ECB concertation time 14:15 CET;2024-05-29;10.5158
B;Business;USD;US dollar;NOK;Norwegian krone;SP;Spot;4;false;0;Units;C;ECB concertation time 14:15 CET;2024-05-30;10.5469
B;Business;USD;US dollar;NOK;Norwegian krone;SP;Spot;4;false;0;Units;C;ECB concertation time 14:15 CET;2024-05-31;10.4893
B;Business;USD;US dollar;NOK;Norwegian krone;SP;Spot;4;false;0;Units;C;ECB concertation time 14:15 CET;2024-06-03;10.5041
B;Business;USD;US dollar;NOK;Norwegian krone;SP;Spot;4;false;0;Units;C;ECB concertation time 14:15 CET;2024-06-04;10.5743
B;Business;USD;US dollar;NOK;Norwegian krone;SP;Spot;4;false;0;Units;C;ECB concertation time 14:15 CET;2024-06-05;10.5546
B;Business;USD;US dollar;NOK;Norwegian krone;SP;Spot;4;false;0;Units;C;ECB concertation time 14:15 CET;2024-06-06;10.5844
B;Business;USD;US dollar;NOK;Norwegian krone;SP;Spot;4;false;0;Units;C;ECB concertation time 14:15 CET;2024-06-07;10.54
B;Business;USD;US dollar;NOK;Norwegian krone;SP;Spot;4;false;0;Units;C;ECB concertation time 14:15 CET;2024-06-10;10.7029
B;Business;USD;US dollar;NOK;Norwegian krone;SP;Spot;4;false;0;Units;C;ECB concertation time 14:15 CET;2024-06-11;10.7092
B;Business;USD;US dollar;NOK;Norwegian krone;SP;Spot;4;false;0;Units;C;ECB concertation time 14:15 CET;2024-06-12;10.6526
B;Business;USD;US dollar;NOK;Norwegian krone;SP;Spot;4;false;0;Units;C;ECB concertation time 14:15 CET;2024-06-13;10.6004
B;Business;USD;US dollar;NOK;Norwegian krone;SP;Spot;4;false;0;Units;C;ECB concertation time 14:15 CET;2024-06-14;10.6705
B;Business;USD;US dollar;NOK;Norwegian krone;SP;Spot;4;false;0;Units;C;ECB concertation time 14:15 CET;2024-06-17;10.7226
B;Business;USD;US dollar;NOK;Norwegian krone;SP;Spot;4;false;0;Units;C;ECB concertation time 14:15 CET;2024-06-18;10.6841
B;Business;USD;US dollar;NOK;Norwegian krone;SP;Spot;4;false;0;Units;C;ECB concertation time 14:15 CET;2024-06-19;10.5628
B;Business;USD;US dollar;NOK;Norwegian krone;SP;Spot;4;false;0;Units;C;ECB concertation time 14:15 CET;2024-06-20;10.5341
B;Business;USD;US dollar;NOK;Norwegian krone;SP;Spot;4;false;0;Units;C;ECB concertation time 14:15 CET;2024-06-21;10.5431
B;Business;USD;US dollar;NOK;Norwegian krone;SP;Spot;4;false;0;Units;C;ECB concertation time 14:15 CET;2024-06-24;10.5769
B;Business;USD;US dollar;NOK;Norwegian krone;SP;Spot;4;false;0;Units;C;ECB concertation time 14:15 CET;2024-06-25;10.5717
B;Business;USD;US dollar;NOK;Norwegian krone;SP;Spot;4;false;0;Units;C;ECB concertation time 14:15 CET;2024-06-26;10.66
B;Business;USD;US dollar;NOK;Norwegian krone;SP;Spot;4;false;0;Units;C;ECB concertation time 14:15 CET;2024-06-27;10.6563
B;Business;USD;US dollar;NOK;Norwegian krone;SP;Spot;4;false;0;Units;C;ECB concertation time 14:15 CET;2024-06-28;10.646
B;Business;USD;US dollar;NOK;Norwegian krone;SP;Spot;4;false;0;Units;C;ECB concertation time 14:15 CET;2024-07-01;10.6389
B;Business;USD;US dollar;NOK;Norwegian krone;SP;Spot;4;false;0;Units;C;ECB concertation time 14:15 CET;2024-07-02;10.6995
B;Business;USD;US dollar;NOK;Norwegian krone;SP;Spot;4;false;0;Units;C;ECB concertation time 14:15 CET;2024-07-03;10.651
B;Business;USD;US dollar;NOK;Norwegian krone;SP;Spot;4;false;0;Units;C;ECB concertation time 14:15 CET;2024-07-04;10.5569
B;Business;USD;US dollar;NOK;Norwegian krone;SP;Spot;4;false;0;Units;C;ECB concertation time 14:15 CET;2024-07-05;10.5765
B;Business;USD;US dollar;NOK;Norwegian krone;SP;Spot;4;false;0;Units;C;ECB concertation time 14:15 CET;2024-07-08;10.5745
B;Business;USD;US dollar;NOK;Norwegian krone;SP;Spot;4;false;0;Units;C;ECB concertation time 14:15 CET;2024-07-09;10.6242
B;Business;USD;US dollar;NOK;Norwegian krone;SP;Spot;4;false;0;Units;C;ECB concertation time 14:15 CET;2024-07-10;10.7224
B;Business;USD;US dollar;NOK;Norwegian krone;SP;Spot;4;false;0;Units;C;ECB concertation time 14:15 CET;2024-07-11;10.7531
B;Business;USD;US dollar;NOK;Norwegian krone;SP;Spot;4;false;0;Units;C;ECB concertation time 14:15 CET;2024-07-12;10.7461
B;Business;USD;US dollar;NOK;Norwegian krone;SP;Spot;4;false;0;Units;C;ECB concertation time 14:15 CET;2024-07-15;10.7692
B;Business;USD;US dollar;NOK;Norwegian krone;SP;Spot;4;false;0;Units;C;ECB concertation time 14:15 CET;2024-07-16;10.8067
B;Business;USD;US dollar;NOK;Norwegian krone;SP;Spot;4;false;0;Units;C;ECB concertation time 14:15 CET;2024-07-17;10.7532
B;Business;USD;US dollar;NOK;Norwegian krone;SP;Spot;4;false;0;Units;C;ECB concertation time 14:15 CET;2024-07-18;10.7484
B;Business;USD;US dollar;NOK;Norwegian krone;SP;Spot;4;false;0;Units;C;ECB concertation time 14:15 CET;2024-07-19;10.859
B;Business;USD;US dollar;NOK;Norwegian krone;SP;Spot;4;false;0;Units;C;ECB concertation time 14:15 CET;2024-07-22;10.9446
B;Business;USD;US dollar;NOK;Norwegian krone;SP;Spot;4;false;0;Units;C;ECB concertation time 14:15 CET;2024-07-23;11.0161
B;Business;USD;US dollar;NOK;Norwegian krone;SP;Spot;4;false;0;Units;C;ECB concertation time 14:15 CET;2024-07-24;11.0085
B;Business;USD;US dollar;NOK;Norwegian krone;SP;Spot;4;false;0;Units;C;ECB concertation time 14:15 CET;2024-07-25;11.1349
B;Business;USD;US dollar;NOK;Norwegian krone;SP;Spot;4;false;0;Units;C;ECB concertation time 14:15 CET;2024-07-26;10.9917
B;Business;USD;US dollar;NOK;Norwegian krone;SP;Spot;4;false;0;Units;C;ECB concertation time 14:15 CET;2024-07-29;11.0155
B;Business;USD;US dollar;NOK;Norwegian krone;SP;Spot;4;false;0;Units;C;ECB concertation time 14:15 CET;2024-07-30;10.9835
B;Business;USD;US dollar;NOK;Norwegian krone;SP;Spot;4;false;0;Units;C;ECB concertation time 14:15 CET;2024-07-31;10.9138
B;Business;USD;US dollar;NOK;Norwegian krone;SP;Spot;4;false;0;Units;C;ECB concertation time 14:15 CET;2024-08-01;10.8875
B;Business;USD;US dollar;NOK;Norwegian krone;SP;Spot;4;false;0;Units;C;ECB concertation time 14:15 CET;2024-08-02;11.0097
B;Business;USD;US dollar;NOK;Norwegian krone;SP;Spot;4;false;0;Units;C;ECB concertation time 14:15 CET;2024-08-05;11.044
B;Business;USD;US dollar;NOK;Norwegian krone;SP;Spot;4;false;0;Units;C;ECB concertation time 14:15 CET;2024-08-06;10.9945
B;Business;USD;US dollar;NOK;Norwegian krone;SP;Spot;4;false;0;Units;C;ECB concertation time 14:15 CET;2024-08-07;10.7865
B;Business;USD;US dollar;NOK;Norwegian krone;SP;Spot;4;false;0;Units;C;ECB concertation time 14:15 CET;2024-08-08;10.8715
B;Business;USD;US dollar;NOK;Norwegian krone;SP;Spot;4;false;0;Units;C;ECB concertation time 14:15 CET;2024-08-09;10.8359
B;Business;USD;US dollar;NOK;Norwegian krone;SP;Spot;4;false;0;Units;C;ECB concertation time 14:15 CET;2024-08-12;10.7776
B;Business;USD;US dollar;NOK;Norwegian krone;SP;Spot;4;false;0;Units;C;ECB concertation time 14:15 CET;2024-08-13;10.7922
B;Business;USD;US dollar;NOK;Norwegian krone;SP;Spot;4;false;0;Units;C;ECB concertation time 14:15 CET;2024-08-14;10.6784
B;Business;USD;US dollar;NOK;Norwegian krone;SP;Spot;4;false;0;Units;C;ECB concertation time 14:15 CET;2024-08-15;10.6671
B;Business;USD;US dollar;NOK;Norwegian krone;SP;Spot;4;false;0;Units;C;ECB concertation time 14:15 CET;2024-08-16;10.75
B;Business;USD;US dollar;NOK;Norwegian krone;SP;Spot;4;false;0;Units;C;ECB concertation time 14:15 CET;2024-08-19;10.6281
B;Business;USD;US dollar;NOK;Norwegian krone;SP;Spot;4;false;0;Units;C;ECB concertation time 14:15 CET;2024-08-20;10.54
B;Business;USD;US dollar;NOK;Norwegian krone;SP;Spot;4;false;0;Units;C;ECB concertation time 14:15 CET;2024-08-21;10.5101
B;Business;USD;US dollar;NOK;Norwegian krone;SP;Spot;4;false;0;Units;C;ECB concertation time 14:15 CET;2024-08-22;10.5689
B;Business;USD;US dollar;NOK;Norwegian krone;SP;Spot;4;false;0;Units;C;ECB concertation time 14:15 CET;2024-08-23;10.6124
B;Business;USD;US dollar;NOK;Norwegian krone;SP;Spot;4;false;0;Units;C;ECB concertation time 14:15 CET;2024-08-26;10.5514
B;Business;USD;US dollar;NOK;Norwegian krone;SP;Spot;4;false;0;Units;C;ECB concertation time 14:15 CET;2024-08-27;10.5026
B;Business;USD;US dollar;NOK;Norwegian krone;SP;Spot;4;false;0;Units;C;ECB concertation time 14:15 CET;2024-08-28;10.5352
B;Business;USD;US dollar;NOK;Norwegian krone;SP;Spot;4;false;0;Units;C;ECB concertation time 14:15 CET;2024-08-29;10.4987
B;Business;USD;US dollar;NOK;Norwegian krone;SP;Spot;4;false;0;Units;C;ECB concertation time 14:15 CET;2024-08-30;10.5186
B;Business;USD;US dollar;NOK;Norwegian krone;SP;Spot;4;false;0;Units;C;ECB concertation time 14:15 CET;2024-09-02;10.6048
B;Business;USD;US dollar;NOK;Norwegian krone;SP;Spot;4;false;0;Units;C;ECB concertation time 14:15 CET;2024-09-03;10.6624
B;Business;USD;US dollar;NOK;Norwegian krone;SP;Spot;4;false;0;Units;C;ECB concertation time 14:15 CET;2024-09-04;10.6833
B;Business;USD;US dollar;NOK;Norwegian krone;SP;Spot;4;false;0;Units;C;ECB concertation time 14:15 CET;2024-09-05;10.624
B;Business;USD;US dollar;NOK;Norwegian krone;SP;Spot;4;false;0;Units;C;ECB concertation time 14:15 CET;2024-09-06;10.6291
B;Business;USD;US dollar;NOK;Norwegian krone;SP;Spot;4;false;0;Units;C;ECB concertation time 14:15 CET;2024-09-09;10.8127
B;Business;USD;US dollar;NOK;Norwegian krone;SP;Spot;4;false;0;Units;C;ECB concertation time 14:15 CET;2024-09-10;10.7896
B;Business;USD;US dollar;NOK;Norwegian krone;SP;Spot;4;false;0;Units;C;ECB concertation time 14:15 CET;2024-09-11;10.8096
B;Business;USD;US dollar;NOK;Norwegian krone;SP;Spot;4;false;0;Units;C;ECB concertation time 14:15 CET;2024-09-12;10.8333
B;Business;USD;US dollar;NOK;Norwegian krone;SP;Spot;4;false;0;Units;C;ECB concertation time 14:15 CET;2024-09-13;10.6935
B;Business;USD;US dollar;NOK;Norwegian krone;SP;Spot;4;false;0;Units;C;ECB concertation time 14:15 CET;2024-09-16;10.5878
B;Business;USD;US dollar;NOK;Norwegian krone;SP;Spot;4;false;0;Units;C;ECB concertation time 14:15 CET;2024-09-17;10.5831
B;Business;USD;US dollar;NOK;Norwegian krone;SP;Spot;4;false;0;Units;C;ECB concertation time 14:15 CET;2024-09-18;10.5855
B;Business;USD;US dollar;NOK;Norwegian krone;SP;Spot;4;false;0;Units;C;ECB concertation time 14:15 CET;2024-09-19;10.4588
B;Business;USD;US dollar;NOK;Norwegian krone;SP;Spot;4;false;0;Units;C;ECB concertation time 14:15 CET;2024-09-20;10.5078
B;Business;USD;US dollar;NOK;Norwegian krone;SP;Spot;4;false;0;Units;C;ECB concertation time 14:15 CET;2024-09-23;10.5099
B;Business;USD;US dollar;NOK;Norwegian krone;SP;Spot;4;false;0;Units;C;ECB concertation time 14:15 CET;2024-09-24;10.4303
B;Business;USD;US dollar;NOK;Norwegian krone;SP;Spot;4;false;0;Units;C;ECB concertation time 14:15 CET;2024-09-25;10.4377
B;Business;USD;US dollar;NOK;Norwegian krone;SP;Spot;4;false;0;Units;C;ECB concertation time 14:15 CET;2024-09-26;10.5661
B;Business;USD;US dollar;NOK;Norwegian krone;SP;Spot;4;false;0;Units;C;ECB concertation time 14:15 CET;2024-09-27;10.5373
B;Business;USD;US dollar;NOK;Norwegian krone;SP;Spot;4;false;0;Units;C;ECB concertation time 14:15 CET;2024-09-30;10.5078
B;Business;USD;US dollar;NOK;Norwegian krone;SP;Spot;4;false;0;Units;C;ECB concertation time 14:15 CET;2024-10-01;10.5814
B;Business;USD;US dollar;NOK;Norwegian krone;SP;Spot;4;false;0;Units;C;ECB concertation time 14:15 CET;2024-10-02;10.5442
B;Business;USD;US dollar;NOK;Norwegian krone;SP;Spot;4;false;0;Units;C;ECB concertation time 14:15 CET;2024-10-03;10.6165
B;Business;USD;US dollar;NOK;Norwegian krone;SP;Spot;4;false;0;Units;C;ECB concertation time 14:15 CET;2024-10-04;10.5943
B;Business;USD;US dollar;NOK;Norwegian krone;SP;Spot;4;false;0;Units;C;ECB concertation time 14:15 CET;2024-10-07;10.6137
B;Business;USD;US dollar;NOK;Norwegian krone;SP;Spot;4;false;0;Units;C;ECB concertation time 14:15 CET;2024-10-08;10.642
B;Business;USD;US dollar;NOK;Norwegian krone;SP;Spot;4;false;0;Units;C;ECB concertation time 14:15 CET;2024-10-09;10.7566
B;Business;USD;US dollar;NOK;Norwegian krone;SP;Spot;4;false;0;Units;C;ECB concertation time 14:15 CET;2024-10-10;10.7867
B;Business;USD;US dollar;NOK;Norwegian krone;SP;Spot;4;false;0;Units;C;ECB concertation time 14:15 CET;2024-10-11;10.7326
B;Business;USD;US dollar;NOK;Norwegian krone;SP;Spot;4;false;0;Units;C;ECB concertation time 14:15 CET;2024-10-14;10.7618
B;Business;USD;US dollar;NOK;Norwegian krone;SP;Spot;4;false;0;Units;C;ECB concertation time 14:15 CET;2024-10-15;10.7915
B;Business;USD;US dollar;NOK;Norwegian krone;SP;Spot;4;false;0;Units;C;ECB concertation time 14:15 CET;2024-10-16;10.83
B;Business;USD;US dollar;NOK;Norwegian krone;SP;Spot;4;false;0;Units;C;ECB concertation time 14:15 CET;2024-10-17;10.9272
B;Business;USD;US dollar;NOK;Norwegian krone;SP;Spot;4;false;0;Units;C;ECB concertation time 14:15 CET;2024-10-18;10.8892
B;Business;USD;US dollar;NOK;Norwegian krone;SP;Spot;4;false;0;Units;C;ECB concertation time 14:15 CET;2024-10-21;10.9076
B;Business;USD;US dollar;NOK;Norwegian krone;SP;Spot;4;false;0;Units;C;ECB concertation time 14:15 CET;2024-10-22;10.926
B;Business;USD;US dollar;NOK;Norwegian krone;SP;Spot;4;false;0;Units;C;ECB concertation time 14:15 CET;2024-10-23;11.0082
B;Business;USD;US dollar;NOK;Norwegian krone;SP;Spot;4;false;0;Units;C;ECB concertation time 14:15 CET;2024-10-24;10.9393
B;Business;USD;US dollar;NOK;Norwegian krone;SP;Spot;4;false;0;Units;C;ECB concertation time 14:15 CET;2024-10-25;10.9187
B;Business;USD;US dollar;NOK;Norwegian krone;SP;Spot;4;false;0;Units;C;ECB concertation time 14:15 CET;2024-10-28;11.0113
B;Business;USD;US dollar;NOK;Norwegian krone;SP;Spot;4;false;0;Units;C;ECB concertation time 14:15 CET;2024-10-29;10.9908
B;Business;USD;US dollar;NOK;Norwegian krone;SP;Spot;4;false;0;Units;C;ECB concertation time 14:15 CET;2024-10-30;10.9834
B;Business;USD;US dollar;NOK;Norwegian krone;SP;Spot;4;false;0;Units;C;ECB concertation time 14:15 CET;2024-10-31;10.9709
B;Business;USD;US dollar;NOK;Norwegian krone;SP;Spot;4;false;0;Units;C;ECB concertation time 14:15 CET;2024-11-01;10.9876
B;Business;USD;US dollar;NOK;Norwegian krone;SP;Spot;4;false;0;Units;C;ECB concertation time 14:15 CET;2024-11-04;10.9561
B;Business;USD;US dollar;NOK;Norwegian krone;SP;Spot;4;false;0;Units;C;ECB concertation time 14:15 CET;2024-11-05;10.9755
B;Business;USD;US dollar;NOK;Norwegian krone;SP;Spot;4;false;0;Units;C;ECB concertation time 14:15 CET;2024-11-06;11.1351
B;Business;USD;US dollar;NOK;Norwegian krone;SP;Spot;4;false;0;Units;C;ECB concertation time 14:15 CET;2024-11-07;10.8934
B;Business;USD;US dollar;NOK;Norwegian krone;SP;Spot;4;false;0;Units;C;ECB concertation time 14:15 CET;2024-11-08;10.9297
B;Business;USD;US dollar;NOK;Norwegian krone;SP;Spot;4;false;0;Units;C;ECB concertation time 14:15 CET;2024-11-11;11.0661
B;Business;USD;US dollar;NOK;Norwegian krone;SP;Spot;4;false;0;Units;C;ECB concertation time 14:15 CET;2024-11-12;11.0563
B;Business;USD;US dollar;NOK;Norwegian krone;SP;Spot;4;false;0;Units;C;ECB concertation time 14:15 CET;2024-11-13;11.0683
B;Business;USD;US dollar;NOK;Norwegian krone;SP;Spot;4;false;0;Units;C;ECB concertation time 14:15 CET;2024-11-14;11.164
B;Business;USD;US dollar;NOK;Norwegian krone;SP;Spot;4;false;0;Units;C;ECB concertation time 14:15 CET;2024-11-15;11.0545
B;Business;USD;US dollar;NOK;Norwegian krone;SP;Spot;4;false;0;Units;C;ECB concertation time 14:15 CET;2024-11-18;11.1041
B;Business;USD;US dollar;NOK;Norwegian krone;SP;Spot;4;false;0;Units;C;ECB concertation time 14:15 CET;2024-11-19;11.0224
B;Business;USD;US dollar;NOK;Norwegian krone;SP;Spot;4;false;0;Units;C;ECB concertation time 14:15 CET;2024-11-20;11.0244
B;Business;USD;US dollar;NOK;Norwegian krone;SP;Spot;4;false;0;Units;C;ECB concertation time 14:15 CET;2024-11-21;11.0393
B;Business;USD;US dollar;NOK;Norwegian krone;SP;Spot;4;false;0;Units;C;ECB concertation time 14:15 CET;2024-11-22;11.1103
B;Business;USD;US dollar;NOK;Norwegian krone;SP;Spot;4;false;0;Units;C;ECB concertation time 14:15 CET;2024-11-25;11.04
B;Business;USD;US dollar;NOK;Norwegian krone;SP;Spot;4;false;0;Units;C;ECB concertation time 14:15 CET;2024-11-26;11.102
B;Business;USD;US dollar;NOK;Norwegian krone;SP;Spot;4;false;0;Units;C;ECB concertation time 14:15 CET;2024-11-27;11.1006
B;Business;USD;US dollar;NOK;Norwegian krone;SP;Spot;4;false;0;Units;C;ECB concertation time 14:15 CET;2024-11-28;11.0643
B;Business;USD;US dollar;NOK;Norwegian krone;SP;Spot;4;false;0;Units;C;ECB concertation time 14:15 CET;2024-11-29;11.059
B;Business;USD;US dollar;NOK;Norwegian krone;SP;Spot;4;false;0;Units;C;ECB concertation time 14:15 CET;2024-12-02;11.0964
B;Business;USD;US dollar;NOK;Norwegian krone;SP;Spot;4;false;0;Units;C;ECB concertation time 14:15 CET;2024-12-03;11.0626
B;Business;USD;US dollar;NOK;Norwegian krone;SP;Spot;4;false;0;Units;C;ECB concertation time 14:15 CET;2024-12-04;11.0756
B;Business;USD;US dollar;NOK;Norwegian krone;SP;Spot;4;false;0;Units;C;ECB concertation time 14:15 CET;2024-12-05;11.0626
B;Business;USD;US dollar;NOK;Norwegian krone;SP;Spot;4;false;0;Units;C;ECB concertation time 14:15 CET;2024-12-06;11.0996
B;Business;USD;US dollar;NOK;Norwegian krone;SP;Spot;4;false;0;Units;C;ECB concertation time 14:15 CET;2024-12-09;11.1123
B;Business;USD;US dollar;NOK;Norwegian krone;SP;Spot;4;false;0;Units;C;ECB concertation time 14:15 CET;2024-12-10;11.1442
B;Business;USD;US dollar;NOK;Norwegian krone;SP;Spot;4;false;0;Units;C;ECB concertation time 14:15 CET;2024-12-11;11.1469
B;Business;USD;US dollar;NOK;Norwegian krone;SP;Spot;4;false;0;Units;C;ECB concertation time 14:15 CET;2024-12-12;11.1086
B;Business;USD;US dollar;NOK;Norwegian krone;SP;Spot;4;false;0;Units;C;ECB concertation time 14:15 CET;2024-12-13;11.1008
B;Business;USD;US dollar;NOK;Norwegian krone;SP;Spot;4;false;0;Units;C;ECB concertation time 14:15 CET;2024-12-16;11.1602
B;Business;USD;US dollar;NOK;Norwegian krone;SP;Spot;4;false;0;Units;C;ECB concertation time 14:15 CET;2024-12-17;11.2065
B;Business;USD;US dollar;NOK;Norwegian krone;SP;Spot;4;false;0;Units;C;ECB concertation time 14:15 CET;2024-12-18;11.2062
B;Business;USD;US dollar;NOK;Norwegian krone;SP;Spot;4;false;0;Units;C;ECB concertation time 14:15 CET;2024-12-19;11.3654
B;Business;USD;US dollar;NOK;Norwegian krone;SP;Spot;4;false;0;Units;C;ECB concertation time 14:15 CET;2024-12-20;11.423
B;Business;USD;US dollar;NOK;Norwegian krone;SP;Spot;4;false;0;Units;C;ECB concertation time 14:15 CET;2024-12-23;11.3605
B;Business;USD;US dollar;NOK;Norwegian krone;SP;Spot;4;false;0;Units;C;ECB concertation time 14:15 CET;2024-12-27;11.3498
B;Business;USD;US dollar;NOK;Norwegian krone;SP;Spot;4;false;0;Units;C;ECB concertation time 14:15 CET;2024-12-30;11.3419
B;Business;USD;US dollar;NOK;Norwegian krone;SP;Spot;4;false;0;Units;C;ECB concertation time 14:15 CET;2024-12-31;11.3534
B;Business;USD;US dollar;NOK;Norwegian krone;SP;Spot;4;false;0;Units;C;ECB concertation time 14:15 CET;2025-01-02;11.3529
B;Business;USD;US dollar;NOK;Norwegian krone;SP;Spot;4;false;0;Units;C;ECB concertation time 14:15 CET;2025-01-03;11.3729
B;Business;USD;US dollar;NOK;Norwegian krone;SP;Spot;4;false;0;Units;C;ECB concertation time 14:15 CET;2025-01-06;11.2311
B;Business;USD;US dollar;NOK;Norwegian krone;SP;Spot;4;false;0;Units;C;ECB concertation time 14:15 CET;2025-01-07;11.2946
B;Business;USD;US dollar;NOK;Norwegian krone;SP;Spot;4;false;0;Units;C;ECB concertation time 14:15 CET;2025-01-08;11.4116
B;Business;USD;US dollar;NOK;Norwegian krone;SP;Spot;4;false;0;Units;C;ECB concertation time 14:15 CET;2025-01-09;11.4124
B;Business;USD;US dollar;NOK;Norwegian krone;SP;Spot;4;false;0;Units;C;ECB concertation time 14:15 CET;2025-01-10;11.4101
B;Business;USD;US dollar;NOK;Norwegian krone;SP;Spot;4;false;0;Units;C;ECB concertation time 14:15 CET;2025-01-13;11.4817
B;Business;USD;US dollar;NOK;Norwegian krone;SP;Spot;4;false;0;Units;C;ECB concertation time 14:15 CET;2025-01-14;11.4392
B;Business;USD;US dollar;NOK;Norwegian krone;SP;Spot;4;false;0;Units;C;ECB concertation time 14:15 CET;2025-01-15;11.3626
B;Business;USD;US dollar;NOK;Norwegian krone;SP;Spot;4;false;0;Units;C;ECB concertation time 14:15 CET;2025-01-16;11.3868
B;Business;USD;US dollar;NOK;Norwegian krone;SP;Spot;4;false;0;Units;C;ECB concertation time 14:15 CET;2025-01-17;11.4187
B;Business;USD;US dollar;NOK;Norwegian krone;SP;Spot;4;false;0;Units;C;ECB concertation time 14:15 CET;2025-01-20;11.4061
B;Business;USD;US dollar;NOK;Norwegian krone;SP;Spot;4;false;0;Units;C;ECB concertation time 14:15 CET;2025-01-21;11.4097
B;Business;USD;US dollar;NOK;Norwegian krone;SP;Spot;4;false;0;Units;C;ECB concertation time 14:15 CET;2025-01-22;11.254
B;Business;USD;US dollar;NOK;Norwegian krone;SP;Spot;4;false;0;Units;C;ECB concertation time 14:15 CET;2025-01-23;11.275
B;Business;USD;US dollar;NOK;Norwegian krone;SP;Spot;4;false;0;Units;C;ECB concertation time 14:15 CET;2025-01-24;11.2199
B;Business;USD;US dollar;NOK;Norwegian krone;SP;Spot;4;false;0;Units;C;ECB concertation time 14:15 CET;2025-01-27;11.2151
B;Business;USD;US dollar;NOK;Norwegian krone;SP;Spot;4;false;0;Units;C;ECB concertation time 14:15 CET;2025-01-28;11.3027
B;Business;USD;US dollar;NOK;Norwegian krone;SP;Spot;4;false;0;Units;C;ECB concertation time 14:15 CET;2025-01-29;11.3298
B;Business;USD;US dollar;NOK;Norwegian krone;SP;Spot;4;false;0;Units;C;ECB concertation time 14:15 CET;2025-01-30;11.3059
B;Business;USD;US dollar;NOK;Norwegian krone;SP;Spot;4;false;0;Units;C;ECB concertation time 14:15 CET;2025-01-31;11.2935
B;Business;USD;US dollar;NOK;Norwegian krone;SP;Spot;4;false;0;Units;C;ECB concertation time 14:15 CET;2025-02-03;11.4014
B;Business;USD;US dollar;NOK;Norwegian krone;SP;Spot;4;false;0;Units;C;ECB concertation time 14:15 CET;2025-02-04;11.3411
B;Business;USD;US dollar;NOK;Norwegian krone;SP;Spot;4;false;0;Units;C;ECB concertation time 14:15 CET;2025-02-05;11.1968
B;Business;USD;US dollar;NOK;Norwegian krone;SP;Spot;4;false;0;Units;C;ECB concertation time 14:15 CET;2025-02-06;11.2534
B;Business;USD;US dollar;NOK;Norwegian krone;SP;Spot;4;false;0;Units;C;ECB concertation time 14:15 CET;2025-02-07;11.2027
B;Business;USD;US dollar;NOK;Norwegian krone;SP;Spot;4;false;0;Units;C;ECB concertation time 14:15 CET;2025-02-10;11.2156
B;Business;USD;US dollar;NOK;Norwegian krone;SP;Spot;4;false;0;Units;C;ECB concertation time 14:15 CET;2025-02-11;11.2122
B;Business;USD;US dollar;NOK;Norwegian krone;SP;Spot;4;false;0;Units;C;ECB concertation time 14:15 CET;2025-02-12;11.2459
B;Business;USD;US dollar;NOK;Norwegian krone;SP;Spot;4;false;0;Units;C;ECB concertation time 14:15 CET;2025-02-13;11.2748
B;Business;USD;US dollar;NOK;Norwegian krone;SP;Spot;4;false;0;Units;C;ECB concertation time 14:15 CET;2025-02-14;11.12
B;Business;USD;US dollar;NOK;Norwegian krone;SP;Spot;4;false;0;Units;C;ECB concertation time 14:15 CET;2025-02-17;11.1157
B;Business;USD;US dollar;NOK;Norwegian krone;SP;Spot;4;false;0;Units;C;ECB concertation time 14:15 CET;2025-02-18;11.1601
B;Business;USD;US dollar;NOK;Norwegian krone;SP;Spot;4;false;0;Units;C;ECB concertation time 14:15 CET;2025-02-19;11.1453
B;Business;USD;US dollar;NOK;Norwegian krone;SP;Spot;4;false;0;Units;C;ECB concertation time 14:15 CET;2025-02-20;11.1165
B;Business;USD;US dollar;NOK;Norwegian krone;SP;Spot;4;false;0;Units;C;ECB concertation time 14:15 CET;2025-02-21;11.1123
B;Business;USD;US dollar;NOK;Norwegian krone;SP;Spot;4;false;0;Units;C;ECB concertation time 14:15 CET;2025-02-24;11.1174
B;Business;USD;US dollar;NOK;Norwegian krone;SP;Spot;4;false;0;Units;C;ECB concertation time 14:15 CET;2025-02-25;11.1116
B;Business;USD;US dollar;NOK;Norwegian krone;SP;Spot;4;false;0;Units;C;ECB concertation time 14:15 CET;2025-02-26;11.1467
B;Business;USD;US dollar;NOK;Norwegian krone;SP;Spot;4;false;0;Units;C;ECB concertation time 14:15 CET;2025-02-27;11.1688
B;Business;USD;US dollar;NOK;Norwegian krone;SP;Spot;4;false;0;Units;C;ECB concertation time 14:15 CET;2025-02-28;11.2616
B;Business;USD;US dollar;NOK;Norwegian krone;SP;Spot;4;false;0;Units;C;ECB concertation time 14:15 CET;2025-03-03;11.1753
B;Business;USD;US dollar;NOK;Norwegian krone;SP;Spot;4;false;0;Units;C;ECB concertation time 14:15 CET;2025-03-04;11.185
B;Business;USD;US dollar;NOK;Norwegian krone;SP;Spot;4;false;0;Units;C;ECB concertation time 14:15 CET;2025-03-05;11.0529
B;Business;USD;US dollar;NOK;Norwegian krone;SP;Spot;4;false;0;Units;C;ECB concertation time 14:15 CET;2025-03-06;10.8522
B;Business;USD;US dollar;NOK;Norwegian krone;SP;Spot;4;false;0;Units;C;ECB concertation time 14:15 CET;2025-03-07;10.8308
B;Business;USD;US dollar;NOK;Norwegian krone;SP;Spot;4;false;0;Units;C;ECB concertation time 14:15 CET;2025-03-10;10.7612
B;Business;USD;US dollar;NOK;Norwegian krone;SP;Spot;4;false;0;Units;C;ECB concertation time 14:15 CET;2025-03-11;10.6617
B;Business;USD;US dollar;NOK;Norwegian krone;SP;Spot;4;false;0;Units;C;ECB concertation time 14:15 CET;2025-03-12;10.6637
B;Business;USD;US dollar;NOK;Norwegian krone;SP;Spot;4;false;0;Units;C;ECB concertation time 14:15 CET;2025-03-13;10.7087
B;Business;USD;US dollar;NOK;Norwegian krone;SP;Spot;4;false;0;Units;C;ECB concertation time 14:15 CET;2025-03-14;10.6713
B;Business;USD;US dollar;NOK;Norwegian krone;SP;Spot;4;false;0;Units;C;ECB concertation time 14:15 CET;2025-03-17;10.5735
B;Business;USD;US dollar;NOK;Norwegian krone;SP;Spot;4;false;0;Units;C;ECB concertation time 14:15 CET;2025-03-18;10.5587
B;Business;USD;US dollar;NOK;Norwegian krone;SP;Spot;4;false;0;Units;C;ECB concertation time 14:15 CET;2025-03-19;10.558
B;Business;USD;US dollar;NOK;Norwegian krone;SP;Spot;4;false;0;Units;C;ECB concertation time 14:15 CET;2025-03-20;10.618
B;Business;USD;US dollar;NOK;Norwegian krone;SP;Spot;4;false;0;Units;C;ECB concertation time 14:15 CET;2025-03-21;10.5302
B;Business;USD;US dollar;NOK;Norwegian krone;SP;Spot;4;false;0;Units;C;ECB concertation time 14:15 CET;2025-03-24;10.5132
B;Business;USD;US dollar;NOK;Norwegian krone;SP;Spot;4;false;0;Units;C;ECB concertation time 14:15 CET;2025-03-25;10.4471
B;Business;USD;US dollar;NOK;Norwegian krone;SP;Spot;4;false;0;Units;C;ECB concertation time 14:15 CET;2025-03-26;10.5288
B;Business;USD;US dollar;NOK;Norwegian krone;SP;Spot;4;false;0;Units;C;ECB concertation time 14:15 CET;2025-03-27;10.5178
B;Business;USD;US dollar;NOK;Norwegian krone;SP;Spot;4;false;0;Units;C;ECB concertation time 14:15 CET;2025-03-28;10.4603
B;Business;USD;US dollar;NOK;Norwegian krone;SP;Spot;4;false;0;Units;C;ECB concertation time 14:15 CET;2025-03-31;10.5529
B;Business;USD;US dollar;NOK;Norwegian krone;SP;Spot;4;false;0;Units;C;ECB concertation time 14:15 CET;2025-04-01;10.4913
B;Business;USD;US dollar;NOK;Norwegian krone;SP;Spot;4;false;0;Units;C;ECB concertation time 14:15 CET;2025-04-02;10.4365
B;Business;USD;US dollar;NOK;Norwegian krone;SP;Spot;4;false;0;Units;C;ECB concertation time 14:15 CET;2025-04-03;10.2942
B;Business;USD;US dollar;NOK;Norwegian krone;SP;Spot;4;false;0;Units;C;ECB concertation time 14:15 CET;2025-04-04;10.5648
B;Business;USD;US dollar;NOK;Norwegian krone;SP;Spot;4;false;0;Units;C;ECB concertation time 14:15 CET;2025-04-07;10.9004
B;Business;USD;US dollar;NOK;Norwegian krone;SP;Spot;4;false;0;Units;C;ECB concertation time 14:15 CET;2025-04-08;10.9137
B;Business;USD;US dollar;NOK;Norwegian krone;SP;Spot;4;false;0;Units;C;ECB concertation time 14:15 CET;2025-04-09;10.9728
B;Business;USD;US dollar;NOK;Norwegian krone;SP;Spot;4;false;0;Units;C;ECB concertation time 14:15 CET;2025-04-10;10.8117
B;Business;USD;US dollar;NOK;Norwegian krone;SP;Spot;4;false;0;Units;C;ECB concertation time 14:15 CET;2025-04-11;10.665
B;Business;USD;US dollar;NOK;Norwegian krone;SP;Spot;4;false;0;Units;C;ECB concertation time 14:15 CET;2025-04-14;10.5656
B;Business;USD;US dollar;NOK;Norwegian krone;SP;Spot;4;false;0;Units;C;ECB concertation time 14:15 CET;2025-04-15;10.5728
B;Business;USD;US dollar;NOK;Norwegian krone;SP;Spot;4;false;0;Units;C;ECB concertation time 14:15 CET;2025-04-16;10.6319
B;Business;USD;US dollar;NOK;Norwegian krone;SP;Spot;4;false;0;Units;C;ECB concertation time 14:15 CET;2025-04-22;10.3594
B;Business;USD;US dollar;NOK;Norwegian krone;SP;Spot;4;false;0;Units;C;ECB concertation time 14:15 CET;2025-04-23;10.417
B;Business;USD;US dollar;NOK;Norwegian krone;SP;Spot;4;false;0;Units;C;ECB concertation time 14:15 CET;2025-04-24;10.3978
B;Business;USD;US dollar;NOK;Norwegian krone;SP;Spot;4;false;0;Units;C;ECB concertation time 14:15 CET;2025-04-25;10.4266
B;Business;USD;US dollar;NOK;Norwegian krone;SP;Spot;4;false;0;Units;C;ECB concertation time 14:15 CET;2025-04-28;10.4433
B;Business;USD;US dollar;NOK;Norwegian krone;SP;Spot;4;false;0;Units;C;ECB concertation time 14:15 CET;2025-04-29;10.3794
B;Business;USD;US dollar;NOK;Norwegian krone;SP;Spot;4;false;0;Units;C;ECB concertation time 14:15 CET;2025-04-30;10.3834
B;Business;USD;US dollar;NOK;Norwegian krone;SP;Spot;4;false;0;Units;C;ECB concertation time 14:15 CET;2025-05-02;10.3663
B;Business;USD;US dollar;NOK;Norwegian krone;SP;Spot;4;false;0;Units;C;ECB concertation time 14:15 CET;2025-05-05;10.3928
B;Business;USD;US dollar;NOK;Norwegian krone;SP;Spot;4;false;0;Units;C;ECB concertation time 14:15 CET;2025-05-06;10.3325
B;Business;USD;US dollar;NOK;Norwegian krone;SP;Spot;4;false;0;Units;C;ECB concertation time 14:15 CET;2025-05-07;10.2742
B;Business;USD;US dollar;NOK;Norwegian krone;SP;Spot;4;false;0;Units;C;ECB concertation time 14:15 CET;2025-05-08;10.3461
B;Business;USD;US dollar;NOK;Norwegian krone;SP;Spot;4;false;0;Units;C;ECB concertation time 14:15 CET;2025-05-09;10.3737
B;Business;USD;US dollar;NOK;Norwegian krone;SP;Spot;4;false;0;Units;C;ECB concertation time 14:15 CET;2025-05-12;10.4412
B;Business;USD;US dollar;NOK;Norwegian krone;SP;Spot;4;false;0;Units;C;ECB concertation time 14:15 CET;2025-05-13;10.4151
B;Business;USD;US dollar;NOK;Norwegian krone;SP;Spot;4;false;0;Units;C;ECB concertation time 14:15 CET;2025-05-14;10.3188
B;Business;USD;US dollar;NOK;Norwegian krone;SP;Spot;4;false;0;Units;C;ECB concertation time 14:15 CET;2025-05-15;10.4157
B;Business;USD;US dollar;NOK;Norwegian krone;SP;Spot;4;false;0;Units;C;ECB concertation time 14:15 CET;2025-05-16;10.394
B;Business;USD;US dollar;NOK;Norwegian krone;SP;Spot;4;false;0;Units;C;ECB concertation time 14:15 CET;2025-05-19;10.2961
B;Business;USD;US dollar;NOK;Norwegian krone;SP;Spot;4;false;0;Units;C;ECB concertation time 14:15 CET;2025-05-20;10.3154
B;Business;USD;US dollar;NOK;Norwegian krone;SP;Spot;4;false;0;Units;C;ECB concertation time 14:15 CET;2025-05-21;10.144
B;Business;USD;US dollar;NOK;Norwegian krone;SP;Spot;4;false;0;Units;C;ECB concertation time 14:15 CET;2025-05-22;10.1826
B;Business;USD;US dollar;NOK;Norwegian krone;SP;Spot;4;false;0;Units;C;ECB concertation time 14:15 CET;2025-05-23;10.1956
B;Business;USD;US dollar;NOK;Norwegian krone;SP;Spot;4;false;0;Units;C;ECB concertation time 14:15 CET;2025-05-26;10.0905
B;Business;USD;US dollar;NOK;Norwegian krone;SP;Spot;4;false;0;Units;C;ECB concertation time 14:15 CET;2025-05-27;10.1321
B;Business;USD;US dollar;NOK;Norwegian krone;SP;Spot;4;false;0;Units;C;ECB concertation time 14:15 CET;2025-05-28;10.1568
B;Business;USD;US dollar;NOK;Norwegian krone;SP;Spot;4;false;0;Units;C;ECB concertation time 14:15 CET;2025-05-30;10.178
B;Business;USD;US dollar;NOK;Norwegian krone;SP;Spot;4;false;0;Units;C;ECB concertation time 14:15 CET;2025-06-02;10.0797
B;Business;USD;US dollar;NOK;Norwegian krone;SP;Spot;4;false;0;Units;C;ECB concertation time 14:15 CET;2025-06-03;10.1291
B;Business;USD;US dollar;NOK;Norwegian krone;SP;Spot;4;false;0;Units;C;ECB concertation time 14:15 CET;2025-06-04;10.1181
B;Business;USD;US dollar;NOK;Norwegian krone;SP;Spot;4;false;0;Units;C;ECB concertation time 14:15 CET;2025-06-05;10.0906
B;Business;USD;US dollar;NOK;Norwegian krone;SP;Spot;4;false;0;Units;C;ECB concertation time 14:15 CET;2025-06-06;10.099
B;Business;USD;US dollar;NOK;Norwegian krone;SP;Spot;4;false;0;Units;C;ECB concertation time 14:15 CET;2025-06-10;10.0685
B;Business;USD;US dollar;NOK;Norwegian krone;SP;Spot;4;false;0;Units;C;ECB concertation time 14:15 CET;2025-06-11;10.1163
B;Business;USD;US dollar;NOK;Norwegian krone;SP;Spot;4;false;0;Units;C;ECB concertation time 14:15 CET;2025-06-12;9.9827
B;Business;USD;US dollar;NOK;Norwegian krone;SP;Spot;4;false;0;Units;C;ECB concertation time 14:15 CET;2025-06-13;9.9405
B;Business;USD;US dollar;NOK;Norwegian krone;SP;Spot;4;false;0;Units;C;ECB concertation time 14:15 CET;2025-06-16;9.9076
B;Business;USD;US dollar;NOK;Norwegian krone;SP;Spot;4;false;0;Units;C;ECB concertation time 14:15 CET;2025-06-17;9.8699
B;Business;USD;US dollar;NOK;Norwegian krone;SP;Spot;4;false;0;Units;C;ECB concertation time 14:15 CET;2025-06-18;9.944
B;Business;USD;US dollar;NOK;Norwegian krone;SP;Spot;4;false;0;Units;C;ECB concertation time 14:15 CET;2025-06-19;10.0466
B;Business;USD;US dollar;NOK;Norwegian krone;SP;Spot;4;false;0;Units;C;ECB concertation time 14:15 CET;2025-06-20;10.0721
B;Business;USD;US dollar;NOK;Norwegian krone;SP;Spot;4;false;0;Units;C;ECB concertation time 14:15 CET;2025-06-23;10.1669
B;Business;USD;US dollar;NOK;Norwegian krone;SP;Spot;4;false;0;Units;C;ECB concertation time 14:15 CET;2025-06-24;10.0913
B;Business;USD;US dollar;NOK;Norwegian krone;SP;Spot;4;false;0;Units;C;ECB concertation time 14:15 CET;2025-06-25;10.1586
B;Business;USD;US dollar;NOK;Norwegian krone;SP;Spot;4;false;0;Units;C;ECB concertation time 14:15 CET;2025-06-26;10.1005
B;Business;USD;US dollar;NOK;Norwegian krone;SP;Spot;4;false;0;Units;C;ECB concertation time 14:15 CET;2025-06-27;10.0752
B;Business;USD;US dollar;NOK;Norwegian krone;SP;Spot;4;false;0;Units;C;ECB concertation time 14:15 CET;2025-06-30;10.0977
B;Business;USD;US dollar;NOK;Norwegian krone;SP;Spot;4;false;0;Units;C;ECB concertation time 14:15 CET;2025-07-01;10.0292
B;Business;USD;US dollar;NOK;Norwegian krone;SP;Spot;4;false;0;Units;C;ECB concertation time 14:15 CET;2025-07-02;10.1046
B;Business;USD;US dollar;NOK;Norwegian krone;SP;Spot;4;false;0;Units;C;ECB concertation time 14:15 CET;2025-07-03;10.0789
B;Business;USD;US dollar;NOK;Norwegian krone;SP;Spot;4;false;0;Units;C;ECB concertation time 14:15 CET;2025-07-04;10.068
B;Business;USD;US dollar;NOK;Norwegian krone;SP;Spot;4;false;0;Units;C;ECB concertation time 14:15 CET;2025-07-07;10.1258
B;Business;USD;US dollar;NOK;Norwegian krone;SP;Spot;4;false;0;Units;C;ECB concertation time 14:15 CET;2025-07-08;10.0952
B;Business;USD;US dollar;NOK;Norwegian krone;SP;Spot;4;false;0;Units;C;ECB concertation time 14:15 CET;2025-07-09;10.1128
B;Business;USD;US dollar;NOK;Norwegian krone;SP;Spot;4;false;0;Units;C;ECB concertation time 14:15 CET;2025-07-10;10.0803
B;Business;USD;US dollar;NOK;Norwegian krone;SP;Spot;4;false;0;Units;C;ECB concertation time 14:15 CET;2025-07-11;10.1263
B;Business;USD;US dollar;NOK;Norwegian krone;SP;Spot;4;false;0;Units;C;ECB concertation time 14:15 CET;2025-07-14;10.0967
B;Business;USD;US dollar;NOK;Norwegian krone;SP;Spot;4;false;0;Units;C;ECB concertation time 14:15 CET;2025-07-15;10.177
B;Business;USD;US dollar;NOK;Norwegian krone;SP;Spot;4;false;0;Units;C;ECB concertation time 14:15 CET;2025-07-16;10.2965
B;Business;USD;US dollar;NOK;Norwegian krone;SP;Spot;4;false;0;Units;C;ECB concertation time 14:15 CET;2025-07-17;10.3355
B;Business;USD;US dollar;NOK;Norwegian krone;SP;Spot;4;false;0;Units;C;ECB concertation time 14:15 CET;2025-07-18;10.1575
B;Business;USD;US dollar;NOK;Norwegian krone;SP;Spot;4;false;0;Units;C;ECB concertation time 14:15 CET;2025-07-21;10.1706
B;Business;USD;US dollar;NOK;Norwegian krone;SP;Spot;4;false;0;Units;C;ECB concertation time 14:15 CET;2025-07-22;10.1586
B;Business;USD;US dollar;NOK;Norwegian krone;SP;Spot;4;false;0;Units;C;ECB concertation time 14:15 CET;2025-07-23;10.0985
B;Business;USD;US dollar;NOK;Norwegian krone;SP;Spot;4;false;0;Units;C;ECB concertation time 14:15 CET;2025-07-24;10.1025
B;Business;USD;US dollar;NOK;Norwegian krone;SP;Spot;4;false;0;Units;C;ECB concertation time 14:15 CET;2025-07-25;10.1497
B;Business;USD;US dollar;NOK;Norwegian krone;SP;Spot;4;false;0;Units;C;ECB concertation time 14:15 CET;2025-07-28;10.1789
B;Business;USD;US dollar;NOK;Norwegian krone;SP;Spot;4;false;0;Units;C;ECB concertation time 14:15 CET;2025-07-29;10.2458
B;Business;USD;US dollar;NOK;Norwegian krone;SP;Spot;4;false;0;Units;C;ECB concertation time 14:15 CET;2025-07-30;10.2191
B;Business;USD;US dollar;NOK;Norwegian krone;SP;Spot;4;false;0;Units;C;ECB concertation time 14:15 CET;2025-07-31;10.2866
B;Business;USD;US dollar;NOK;Norwegian krone;SP;Spot;4;false;0;Units;C;ECB concertation time 14:15 CET;2025-08-01;10.3585
B;Business;USD;US dollar;NOK;Norwegian krone;SP;Spot;4;false;0;Units;C;ECB concertation time 14:15 CET;2025-08-04;10.2676
B;Business;USD;US dollar;NOK;Norwegian krone;SP;Spot;4;false;0;Units;C;ECB concertation time 14:15 CET;2025-08-05;10.2694
B;Business;USD;US dollar;NOK;Norwegian krone;SP;Spot;4;false;0;Units;C;ECB concertation time 14:15 CET;2025-08-06;10.2133
B;Business;USD;US dollar;NOK;Norwegian krone;SP;Spot;4;false;0;Units;C;ECB concertation time 14:15 CET;2025-08-07;10.2124
B;Business;USD;US dollar;NOK;Norwegian krone;SP;Spot;4;false;0;Units;C;ECB concertation time 14:15 CET;2025-08-08;10.2627
B;Business;USD;US dollar;NOK;Norwegian krone;SP;Spot;4;false;0;Units;C;ECB concertation time 14:15 CET;2025-08-11;10.2435
B;Business;USD;US dollar;NOK;Norwegian krone;SP;Spot;4;false;0;Units;C;ECB concertation time 14:15 CET;2025-08-12;10.248
B;Business;USD;US dollar;NOK;Norwegian krone;SP;Spot;4;false;0;Units;C;ECB concertation time 14:15 CET;2025-08-13;10.199
B;Business;USD;US dollar;NOK;Norwegian krone;SP;Spot;4;false;0;Units;C;ECB concertation time 14:15 CET;2025-08-14;10.198
B;Business;USD;US dollar;NOK;Norwegian krone;SP;Spot;4;false;0;Units;C;ECB concertation time 14:15 CET;2025-08-15;10.178
B;Business;USD;US dollar;NOK;Norwegian krone;SP;Spot;4;false;0;Units;C;ECB concertation time 14:15 CET;2025-08-18;10.1808
B;Business;USD;US dollar;NOK;Norwegian krone;SP;Spot;4;false;0;Units;C;ECB concertation time 14:15 CET;2025-08-19;10.2106
B;Business;USD;US dollar;NOK;Norwegian krone;SP;Spot;4;false;0;Units;C;ECB concertation time 14:15 CET;2025-08-20;10.2571
B;Business;USD;US dollar;NOK;Norwegian krone;SP;Spot;4;false;0;Units;C;ECB concertation time 14:15 CET;2025-08-21;10.1817
B;Business;USD;US dollar;NOK;Norwegian krone;SP;Spot;4;false;0;Units;C;ECB concertation time 14:15 CET;2025-08-22;10.1934
B;Business;USD;US dollar;NOK;Norwegian krone;SP;Spot;4;false;0;Units;C;ECB concertation time 14:15 CET;2025-08-25;10.0953
B;Business;USD;US dollar;NOK;Norwegian krone;SP;Spot;4;false;0;Units;C;ECB concertation time 14:15 CET;2025-08-26;10.1544
B;Business;USD;US dollar;NOK;Norwegian krone;SP;Spot;4;false;0;Units;C;ECB concertation time 14:15 CET;2025-08-27;10.1665
B;Business;USD;US dollar;NOK;Norwegian krone;SP;Spot;4;false;0;Units;C;ECB concertation time 14:15 CET;2025-08-28;10.0617
B;Business;USD;US dollar;NOK;Norwegian krone;SP;Spot;4;false;0;Units;C;ECB concertation time 14:15 CET;2025-08-29;10.0759
B;Business;USD;US dollar;NOK;Norwegian krone;SP;Spot;4;false;0;Units;C;ECB concertation time 14:15 CET;2025-09-01;10.0141
B;Business;USD;US dollar;NOK;Norwegian krone;SP;Spot;4;false;0;Units;C;ECB concertation time 14:15 CET;2025-09-02;10.024
B;Business;USD;US dollar;NOK;Norwegian krone;SP;Spot;4;false;0;Units;C;ECB concertation time 14:15 CET;2025-09-03;10.0403
B;Business;USD;US dollar;NOK;Norwegian krone;SP;Spot;4;false;0;Units;C;ECB concertation time 14:15 CET;2025-09-04;10.091
B;Business;USD;US dollar;NOK;Norwegian krone;SP;Spot;4;false;0;Units;C;ECB concertation time 14:15 CET;2025-09-05;10.0457
B;Business;USD;US dollar;NOK;Norwegian krone;SP;Spot;4;false;0;Units;C;ECB concertation time 14:15 CET;2025-09-08;9.9868
B;Business;USD;US dollar;NOK;Norwegian krone;SP;Spot;4;false;0;Units;C;ECB concertation time 14:15 CET;2025-09-09;9.9715
B;Business;USD;US dollar;NOK;Norwegian krone;SP;Spot;4;false;0;Units;C;ECB concertation time 14:15 CET;2025-09-10;9.9253
B;Business;USD;US dollar;NOK;Norwegian krone;SP;Spot;4;false;0;Units;C;ECB concertation time 14:15 CET;2025-09-11;9.9375
B;Business;USD;US dollar;NOK;Norwegian krone;SP;Spot;4;false;0;Units;C;ECB concertation time 14:15 CET;2025-09-12;9.8861
B;Business;USD;US dollar;NOK;Norwegian krone;SP;Spot;4;false;0;Units;C;ECB concertation time 14:15 CET;2025-09-15;9.8219
B;Business;USD;US dollar;NOK;Norwegian krone;SP;Spot;4;false;0;Units;C;ECB concertation time 14:15 CET;2025-09-16;9.8162
B;Business;USD;US dollar;NOK;Norwegian krone;SP;Spot;4;false;0;Units;C;ECB concertation time 14:15 CET;2025-09-17;9.8217
B;Business;USD;US dollar;NOK;Norwegian krone;SP;Spot;4;false;0;Units;C;ECB concertation time 14:15 CET;2025-09-18;9.8045
B;Business;USD;US dollar;NOK;Norwegian krone;SP;Spot;4;false;0;Units;C;ECB concertation time 14:15 CET;2025-09-19;9.9442
B;Business;USD;US dollar;NOK;Norwegian krone;SP;Spot;4;false;0;Units;C;ECB concertation time 14:15 CET;2025-09-22;9.9334
B;Business;USD;US dollar;NOK;Norwegian krone;SP;Spot;4;false;0;Units;C;ECB concertation time 14:15 CET;2025-09-23;9.8974
B;Business;USD;US dollar;NOK;Norwegian krone;SP;Spot;4;false;0;Units;C;ECB concertation time 14:15 CET;2025-09-24;9.9422
B;Business;USD;US dollar;NOK;Norwegian krone;SP;Spot;4;false;0;Units;C;ECB concertation time 14:15 CET;2025-09-25;9.9574
B;Business;USD;US dollar;NOK;Norwegian krone;SP;Spot;4;false;0;Units;C;ECB concertation time 14:15 CET;2025-09-26;10.033
B;Business;USD;US dollar;NOK;Norwegian krone;SP;Spot;4;false;0;Units;C;ECB concertation time 14:15 CET;2025-09-29;9.9612
B;Business;USD;US dollar;NOK;Norwegian krone;SP;Spot;4;false;0;Units;C;ECB concertation time 14:15 CET;2025-09-30;9.9877
B;Business;USD;US dollar;NOK;Norwegian krone;SP;Spot;4;false;0;Units;C;ECB concertation time 14:15 CET;2025-10-01;9.9437
B;Business;USD;US dollar;NOK;Norwegian krone;SP;Spot;4;false;0;Units;C;ECB concertation time 14:15 CET;2025-10-02;9.9328
B;Business;USD;US dollar;NOK;Norwegian krone;SP;Spot;4;false;0;Units;C;ECB concertation time 14:15 CET;2025-10-03;9.9493
B;Business;USD;US dollar;NOK;Norwegian krone;SP;Spot;4;false;0;Units;C;ECB concertation time 14:15 CET;2025-10-06;9.9512
B;Business;USD;US dollar;NOK;Norwegian krone;SP;Spot;4;false;0;Units;C;ECB concertation time 14:15 CET;2025-10-07;9.9456
B;Business;USD;US dollar;NOK;Norwegian krone;SP;Spot;4;false;0;Units;C;ECB concertation time 14:15 CET;2025-10-08;9.9875
B;Business;USD;US dollar;NOK;Norwegian krone;SP;Spot;4;false;0;Units;C;ECB concertation time 14:15 CET;2025-10-09;10.0112
B;Business;USD;US dollar;NOK;Norwegian krone;SP;Spot;4;false;0;Units;C;ECB concertation time 14:15 CET;2025-10-10;10.0947
B;Business;USD;US dollar;NOK;Norwegian krone;SP;Spot;4;false;0;Units;C;ECB concertation time 14:15 CET;2025-10-13;10.0951
B;Business;USD;US dollar;NOK;Norwegian krone;SP;Spot;4;false;0;Units;C;ECB concertation time 14:15 CET;2025-10-14;10.19
B;Business;USD;US dollar;NOK;Norwegian krone;SP;Spot;4;false;0;Units;C;ECB concertation time 14:15 CET;2025-10-15;10.0865
B;Business;USD;US dollar;NOK;Norwegian krone;SP;Spot;4;false;0;Units;C;ECB concertation time 14:15 CET;2025-10-16;10.073
B;Business;USD;US dollar;NOK;Norwegian krone;SP;Spot;4;false;0;Units;C;ECB concertation time 14:15 CET;2025-10-17;10.0413
B;Business;USD;US dollar;NOK;Norwegian krone;SP;Spot;4;false;0;Units;C;ECB concertation time 14:15 CET;2025-10-20;10.0742
B;Business;USD;US dollar;NOK;Norwegian krone;SP;Spot;4;false;0;Units;C;ECB concertation time 14:15 CET;2025-10-21;10.0537
B;Business;USD;US dollar;NOK;Norwegian krone;SP;Spot;4;false;0;Units;C;ECB concertation time 14:15 CET;2025-10-22;10.0483
B;Business;USD;US dollar;NOK;Norwegian krone;SP;Spot;4;false;0;Units;C;ECB concertation time 14:15 CET;2025-10-23;9.9913
B;Business;USD;US dollar;NOK;Norwegian krone;SP;Spot;4;false;0;Units;C;ECB concertation time 14:15 CET;2025-10-24;10.0056
B;Business;USD;US dollar;NOK;Norwegian krone;SP;Spot;4;false;0;Units;C;ECB concertation time 14:15 CET;2025-10-27;9.9931
B;Business;USD;US dollar;NOK;Norwegian krone;SP;Spot;4;false;0;Units;C;ECB concertation time 14:15 CET;2025-10-28;10.003
B;Business;USD;US dollar;NOK;Norwegian krone;SP;Spot;4;false;0;Units;C;ECB concertation time 14:15 CET;2025-10-29;10.0021
B;Business;USD;US dollar;NOK;Norwegian krone;SP;Spot;4;false;0;Units;C;ECB concertation time 14:15 CET;2025-10-30;10.0994
B;Business;USD;US dollar;NOK;Norwegian krone;SP;Spot;4;false;0;Units;C;ECB concertation time 14:15 CET;2025-10-31;10.0818
B;Business;USD;US dollar;NOK;Norwegian krone;SP;Spot;4;false;0;Units;C;ECB concertation time 14:15 CET;2025-11-03;10.1164
B;Business;USD;US dollar;NOK;Norwegian krone;SP;Spot;4;false;0;Units;C;ECB concertation time 14:15 CET;2025-11-04;10.2049
B;Business;USD;US dollar;NOK;Norwegian krone;SP;Spot;4;false;0;Units;C;ECB concertation time 14:15 CET;2025-11-05;10.2236
B;Business;USD;US dollar;NOK;Norwegian krone;SP;Spot;4;false;0;Units;C;ECB concertation time 14:15 CET;2025-11-06;10.1678
B;Business;USD;US dollar;NOK;Norwegian krone;SP;Spot;4;false;0;Units;C;ECB concertation time 14:15 CET;2025-11-07;10.1894
B;Business;USD;US dollar;NOK;Norwegian krone;SP;Spot;4;false;0;Units;C;ECB concertation time 14:15 CET;2025-11-10;10.1015
B;Business;USD;US dollar;NOK;Norwegian krone;SP;Spot;4;false;0;Units;C;ECB concertation time 14:15 CET;2025-11-11;10.0739
B;Business;USD;US dollar;NOK;Norwegian krone;SP;Spot;4;false;0;Units;C;ECB concertation time 14:15 CET;2025-11-12;10.0635
B;Business;USD;US dollar;NOK;Norwegian krone;SP;Spot;4;false;0;Units;C;ECB concertation time 14:15 CET;2025-11-13;10.0473
B;Business;USD;US dollar;NOK;Norwegian krone;SP;Spot;4;false;0;Units;C;ECB concertation time 14:15 CET;2025-11-14;10.0691
B;Business;USD;US dollar;NOK;Norwegian krone;SP;Spot;4;false;0;Units;C;ECB concertation time 14:15 CET;2025-11-17;10.0927
B;Business;USD;US dollar;NOK;Norwegian krone;SP;Spot;4;false;0;Units;C;ECB concertation time 14:15 CET;2025-11-18;10.1236
B;Business;USD;US dollar;NOK;Norwegian krone;SP;Spot;4;false;0;Units;C;ECB concertation time 14:15 CET;2025-11-19;10.1425
B;Business;USD;US dollar;NOK;Norwegian krone;SP;Spot;4;false;0;Units;C;ECB concertation time 14:15 CET;2025-11-20;10.1967
B;Business;USD;US dollar;NOK;Norwegian krone;SP;Spot;4;false;0;Units;C;ECB concertation time 14:15 CET;2025-11-21;10.2378
B;Business;USD;US dollar;NOK;Norwegian krone;SP;Spot;4;false;0;Units;C;ECB concertation time 14:15 CET;2025-11-24;10.217
B;Business;USD;US dollar;NOK;Norwegian krone;SP;Spot;4;false;0;Units;C;ECB concertation time 14:15 CET;2025-11-25;10.2571
B;Business;USD;US dollar;NOK;Norwegian krone;SP;Spot;4;false;0;Units;C;ECB concertation time 14:15 CET;2025-11-26;10.233
B;Business;USD;US dollar;NOK;Norwegian krone;SP;Spot;4;false;0;Units;C;ECB concertation time 14:15 CET;2025-11-27;10.1873
B;Business;USD;US dollar;NOK;Norwegian krone;SP;Spot;4;false;0;Units;C;ECB concertation time 14:15 CET;2025-11-28;10.1716
B;Business;USD;US dollar;NOK;Norwegian krone;SP;Spot;4;false;0;Units;C;ECB concertation time 14:15 CET;2025-12-01;10.1073
B;Business;USD;US dollar;NOK;Norwegian krone;SP;Spot;4;false;0;Units;C;ECB concertation time 14:15 CET;2025-12-02;10.1507
B;Business;USD;US dollar;NOK;Norwegian krone;SP;Spot;4;false;0;Units;C;ECB concertation time 14:15 CET;2025-12-03;10.0771
B;Business;USD;US dollar;NOK;Norwegian krone;SP;Spot;4;false;0;Units;C;ECB concertation time 14:15 CET;2025-12-04;10.0994
B;Business;USD;US dollar;NOK;Norwegian krone;SP;Spot;4;false;0;Units;C;ECB concertation time 14:15 CET;2025-12-05;10.0945
B;Business;USD;US dollar;NOK;Norwegian krone;SP;Spot;4;false;0;Units;C;ECB concertation time 14:15 CET;2025-12-08;10.1124
B;Business;USD;US dollar;NOK;Norwegian krone;SP;Spot;4;false;0;Units;C;ECB concertation time 14:15 CET;2025-12-09;10.1268
B;Business;USD;US dollar;NOK;Norwegian krone;SP;Spot;4;false;0;Units;C;ECB concertation time 14:15 CET;2025-12-10;10.1504
B;Business;USD;US dollar;NOK;Norwegian krone;SP;Spot;4;false;0;Units;C;ECB concertation time 14:15 CET;2025-12-11;10.0948
B;Business;USD;US dollar;NOK;Norwegian krone;SP;Spot;4;false;0;Units;C;ECB concertation time 14:15 CET;2025-12-12;10.1066
B;Business;USD;US dollar;NOK;Norwegian krone;SP;Spot;4;false;0;Units;C;ECB concertation time 14:15 CET;2025-12-15;10.1315
B;Business;USD;US dollar;NOK;Norwegian krone;SP;Spot;4;false;0;Units;C;ECB concertation time 14:15 CET;2025-12-16;10.1775
B;Business;USD;US dollar;NOK;Norwegian krone;SP;Spot;4;false;0;Units;C;ECB concertation time 14:15 CET;2025-12-17;10.225
B;Business;USD;US dollar;NOK;Norwegian krone;SP;Spot;4;false;0;Units;C;ECB concertation time 14:15 CET;2025-12-18;10.201
B;Business;USD;US dollar;NOK;Norwegian krone;SP;Spot;4;false;0;Units;C;ECB concertation time 14:15 CET;2025-12-19;10.1733
B;Business;USD;US dollar;NOK;Norwegian krone;SP;Spot;4;false;0;Units;C;ECB concertation time 14:15 CET;2025-12-22;10.1213
B;Business;USD;US dollar;NOK;Norwegian krone;SP;Spot;4;false;0;Units;C;ECB concertation time 14:15 CET;2025-12-23;10.0535
B;Business;GBP;Pound sterling;NOK;Norwegian krone;SP;Spot;4;false;0;Units;C;ECB concertation time 14:15 CET;2018-01-02;10.9887
B;Business;GBP;Pound sterling;NOK;Norwegian krone;SP;Spot;4;false;0;Units;C;ECB concertation time 14:15 CET;2018-01-03;10.9928
B;Business;GBP;Pound sterling;NOK;Norwegian krone;SP;Spot;4;false;0;Units;C;ECB concertation time 14:15 CET;2018-01-04;10.9598
B;Business;GBP;Pound sterling;NOK;Norwegian krone;SP;Spot;4;false;0;Units;C;ECB concertation time 14:15 CET;2018-01-05;10.9603
B;Business;GBP;Pound sterling;NOK;Norwegian krone;SP;Spot;4;false;0;Units;C;ECB concertation time 14:15 CET;2018-01-08;10.9467
B;Business;GBP;Pound sterling;NOK;Norwegian krone;SP;Spot;4;false;0;Units;C;ECB concertation time 14:15 CET;2018-01-09;10.9567
B;Business;GBP;Pound sterling;NOK;Norwegian krone;SP;Spot;4;false;0;Units;C;ECB concertation time 14:15 CET;2018-01-10;10.8772
B;Business;GBP;Pound sterling;NOK;Norwegian krone;SP;Spot;4;false;0;Units;C;ECB concertation time 14:15 CET;2018-01-11;10.8599
B;Business;GBP;Pound sterling;NOK;Norwegian krone;SP;Spot;4;false;0;Units;C;ECB concertation time 14:15 CET;2018-01-12;10.8549
B;Business;GBP;Pound sterling;NOK;Norwegian krone;SP;Spot;4;false;0;Units;C;ECB concertation time 14:15 CET;2018-01-15;10.8608
B;Business;GBP;Pound sterling;NOK;Norwegian krone;SP;Spot;4;false;0;Units;C;ECB concertation time 14:15 CET;2018-01-16;10.8382
B;Business;GBP;Pound sterling;NOK;Norwegian krone;SP;Spot;4;false;0;Units;C;ECB concertation time 14:15 CET;2018-01-17;10.864
B;Business;GBP;Pound sterling;NOK;Norwegian krone;SP;Spot;4;false;0;Units;C;ECB concertation time 14:15 CET;2018-01-18;10.8848
B;Business;GBP;Pound sterling;NOK;Norwegian krone;SP;Spot;4;false;0;Units;C;ECB concertation time 14:15 CET;2018-01-19;10.8915
B;Business;GBP;Pound sterling;NOK;Norwegian krone;SP;Spot;4;false;0;Units;C;ECB concertation time 14:15 CET;2018-01-22;10.9239
B;Business;GBP;Pound sterling;NOK;Norwegian krone;SP;Spot;4;false;0;Units;C;ECB concertation time 14:15 CET;2018-01-23;10.9735
B;Business;GBP;Pound sterling;NOK;Norwegian krone;SP;Spot;4;false;0;Units;C;ECB concertation time 14:15 CET;2018-01-24;11.0429
B;Business;GBP;Pound sterling;NOK;Norwegian krone;SP;Spot;4;false;0;Units;C;ECB concertation time 14:15 CET;2018-01-25;11.0134
B;Business;GBP;Pound sterling;NOK;Norwegian krone;SP;Spot;4;false;0;Units;C;ECB concertation time 14:15 CET;2018-01-26;10.9527
B;Business;GBP;Pound sterling;NOK;Norwegian krone;SP;Spot;4;false;0;Units;C;ECB concertation time 14:15 CET;2018-01-29;10.8651
B;Business;GBP;Pound sterling;NOK;Norwegian krone;SP;Spot;4;false;0;Units;C;ECB concertation time 14:15 CET;2018-01-30;10.8755
B;Business;GBP;Pound sterling;NOK;Norwegian krone;SP;Spot;4;false;0;Units;C;ECB concertation time 14:15 CET;2018-01-31;10.877
B;Business;GBP;Pound sterling;NOK;Norwegian krone;SP;Spot;4;false;0;Units;C;ECB concertation time 14:15 CET;2018-02-01;10.9352
B;Business;GBP;Pound sterling;NOK;Norwegian krone;SP;Spot;4;false;0;Units;C;ECB concertation time 14:15 CET;2018-02-02;10.8894
B;Business;GBP;Pound sterling;NOK;Norwegian krone;SP;Spot;4;false;0;Units;C;ECB concertation time 14:15 CET;2018-02-05;10.8513
B;Business;GBP;Pound sterling;NOK;Norwegian krone;SP;Spot;4;false;0;Units;C;ECB concertation time 14:15 CET;2018-02-06;10.9135
B;Business;GBP;Pound sterling;NOK;Norwegian krone;SP;Spot;4;false;0;Units;C;ECB concertation time 14:15 CET;2018-02-07;10.8957
B;Business;GBP;Pound sterling;NOK;Norwegian krone;SP;Spot;4;false;0;Units;C;ECB concertation time 14:15 CET;2018-02-08;11.0681
B;Business;GBP;Pound sterling;NOK;Norwegian krone;SP;Spot;4;false;0;Units;C;ECB concertation time 14:15 CET;2018-02-09;11.0416
B;Business;GBP;Pound sterling;NOK;Norwegian krone;SP;Spot;4;false;0;Units;C;ECB concertation time 14:15 CET;2018-02-12;11.0017
B;Business;GBP;Pound sterling;NOK;Norwegian krone;SP;Spot;4;false;0;Units;C;ECB concertation time 14:15 CET;2018-02-13;10.9538
B;Business;GBP;Pound sterling;NOK;Norwegian krone;SP;Spot;4;false;0;Units;C;ECB concertation time 14:15 CET;2018-02-14;10.9106
B;Business;GBP;Pound sterling;NOK;Norwegian krone;SP;Spot;4;false;0;Units;C;ECB concertation time 14:15 CET;2018-02-15;10.9801
B;Business;GBP;Pound sterling;NOK;Norwegian krone;SP;Spot;4;false;0;Units;C;ECB concertation time 14:15 CET;2018-02-16;10.9017
B;Business;GBP;Pound sterling;NOK;Norwegian krone;SP;Spot;4;false;0;Units;C;ECB concertation time 14:15 CET;2018-02-19;10.9013
B;Business;GBP;Pound sterling;NOK;Norwegian krone;SP;Spot;4;false;0;Units;C;ECB concertation time 14:15 CET;2018-02-20;10.9658
B;Business;GBP;Pound sterling;NOK;Norwegian krone;SP;Spot;4;false;0;Units;C;ECB concertation time 14:15 CET;2018-02-21;10.8995
B;Business;GBP;Pound sterling;NOK;Norwegian krone;SP;Spot;4;false;0;Units;C;ECB concertation time 14:15 CET;2018-02-22;10.9678
B;Business;GBP;Pound sterling;NOK;Norwegian krone;SP;Spot;4;false;0;Units;C;ECB concertation time 14:15 CET;2018-02-23;11.0041
B;Business;GBP;Pound sterling;NOK;Norwegian krone;SP;Spot;4;false;0;Units;C;ECB concertation time 14:15 CET;2018-02-26;10.966
B;Business;GBP;Pound sterling;NOK;Norwegian krone;SP;Spot;4;false;0;Units;C;ECB concertation time 14:15 CET;2018-02-27;10.8925
B;Business;GBP;Pound sterling;NOK;Norwegian krone;SP;Spot;4;false;0;Units;C;ECB concertation time 14:15 CET;2018-02-28;10.8752
B;Business;GBP;Pound sterling;NOK;Norwegian krone;SP;Spot;4;false;0;Units;C;ECB concertation time 14:15 CET;2018-03-01;10.9128
B;Business;GBP;Pound sterling;NOK;Norwegian krone;SP;Spot;4;false;0;Units;C;ECB concertation time 14:15 CET;2018-03-02;10.7678
B;Business;GBP;Pound sterling;NOK;Norwegian krone;SP;Spot;4;false;0;Units;C;ECB concertation time 14:15 CET;2018-03-05;10.8157
B;Business;GBP;Pound sterling;NOK;Norwegian krone;SP;Spot;4;false;0;Units;C;ECB concertation time 14:15 CET;2018-03-06;10.7811
B;Business;GBP;Pound sterling;NOK;Norwegian krone;SP;Spot;4;false;0;Units;C;ECB concertation time 14:15 CET;2018-03-07;10.8113
B;Business;GBP;Pound sterling;NOK;Norwegian krone;SP;Spot;4;false;0;Units;C;ECB concertation time 14:15 CET;2018-03-08;10.8573
B;Business;GBP;Pound sterling;NOK;Norwegian krone;SP;Spot;4;false;0;Units;C;ECB concertation time 14:15 CET;2018-03-09;10.7937
B;Business;GBP;Pound sterling;NOK;Norwegian krone;SP;Spot;4;false;0;Units;C;ECB concertation time 14:15 CET;2018-03-12;10.7964
B;Business;GBP;Pound sterling;NOK;Norwegian krone;SP;Spot;4;false;0;Units;C;ECB concertation time 14:15 CET;2018-03-13;10.8074
B;Business;GBP;Pound sterling;NOK;Norwegian krone;SP;Spot;4;false;0;Units;C;ECB concertation time 14:15 CET;2018-03-14;10.8009
B;Business;GBP;Pound sterling;NOK;Norwegian krone;SP;Spot;4;false;0;Units;C;ECB concertation time 14:15 CET;2018-03-15;10.7457
B;Business;GBP;Pound sterling;NOK;Norwegian krone;SP;Spot;4;false;0;Units;C;ECB concertation time 14:15 CET;2018-03-16;10.7543
B;Business;GBP;Pound sterling;NOK;Norwegian krone;SP;Spot;4;false;0;Units;C;ECB concertation time 14:15 CET;2018-03-19;10.869
B;Business;GBP;Pound sterling;NOK;Norwegian krone;SP;Spot;4;false;0;Units;C;ECB concertation time 14:15 CET;2018-03-20;10.8149
B;Business;GBP;Pound sterling;NOK;Norwegian krone;SP;Spot;4;false;0;Units;C;ECB concertation time 14:15 CET;2018-03-21;10.8724
B;Business;GBP;Pound sterling;NOK;Norwegian krone;SP;Spot;4;false;0;Units;C;ECB concertation time 14:15 CET;2018-03-22;10.9298
B;Business;GBP;Pound sterling;NOK;Norwegian krone;SP;Spot;4;false;0;Units;C;ECB concertation time 14:15 CET;2018-03-23;10.9658
B;Business;GBP;Pound sterling;NOK;Norwegian krone;SP;Spot;4;false;0;Units;C;ECB concertation time 14:15 CET;2018-03-26;10.9588
B;Business;GBP;Pound sterling;NOK;Norwegian krone;SP;Spot;4;false;0;Units;C;ECB concertation time 14:15 CET;2018-03-27;10.8714
B;Business;GBP;Pound sterling;NOK;Norwegian krone;SP;Spot;4;false;0;Units;C;ECB concertation time 14:15 CET;2018-03-28;11.0066
B;Business;GBP;Pound sterling;NOK;Norwegian krone;SP;Spot;4;false;0;Units;C;ECB concertation time 14:15 CET;2018-04-03;11.0072
B;Business;GBP;Pound sterling;NOK;Norwegian krone;SP;Spot;4;false;0;Units;C;ECB concertation time 14:15 CET;2018-04-04;11.0017
B;Business;GBP;Pound sterling;NOK;Norwegian krone;SP;Spot;4;false;0;Units;C;ECB concertation time 14:15 CET;2018-04-05;10.9703
B;Business;GBP;Pound sterling;NOK;Norwegian krone;SP;Spot;4;false;0;Units;C;ECB concertation time 14:15 CET;2018-04-06;10.9812
B;Business;GBP;Pound sterling;NOK;Norwegian krone;SP;Spot;4;false;0;Units;C;ECB concertation time 14:15 CET;2018-04-09;11.0099
B;Business;GBP;Pound sterling;NOK;Norwegian krone;SP;Spot;4;false;0;Units;C;ECB concertation time 14:15 CET;2018-04-10;11.0652
B;Business;GBP;Pound sterling;NOK;Norwegian krone;SP;Spot;4;false;0;Units;C;ECB concertation time 14:15 CET;2018-04-11;11.0134
B;Business;GBP;Pound sterling;NOK;Norwegian krone;SP;Spot;4;false;0;Units;C;ECB concertation time 14:15 CET;2018-04-12;11.0638
B;Business;GBP;Pound sterling;NOK;Norwegian krone;SP;Spot;4;false;0;Units;C;ECB concertation time 14:15 CET;2018-04-13;11.0698
B;Business;GBP;Pound sterling;NOK;Norwegian krone;SP;Spot;4;false;0;Units;C;ECB concertation time 14:15 CET;2018-04-16;11.097
B;Business;GBP;Pound sterling;NOK;Norwegian krone;SP;Spot;4;false;0;Units;C;ECB concertation time 14:15 CET;2018-04-17;11.1242
B;Business;GBP;Pound sterling;NOK;Norwegian krone;SP;Spot;4;false;0;Units;C;ECB concertation time 14:15 CET;2018-04-18;11.0321
B;Business;GBP;Pound sterling;NOK;Norwegian krone;SP;Spot;4;false;0;Units;C;ECB concertation time 14:15 CET;2018-04-19;11.0175
B;Business;GBP;Pound sterling;NOK;Norwegian krone;SP;Spot;4;false;0;Units;C;ECB concertation time 14:15 CET;2018-04-20;10.9636
B;Business;GBP;Pound sterling;NOK;Norwegian krone;SP;Spot;4;false;0;Units;C;ECB concertation time 14:15 CET;2018-04-23;10.9833
B;Business;GBP;Pound sterling;NOK;Norwegian krone;SP;Spot;4;false;0;Units;C;ECB concertation time 14:15 CET;2018-04-24;11.0086
B;Business;GBP;Pound sterling;NOK;Norwegian krone;SP;Spot;4;false;0;Units;C;ECB concertation time 14:15 CET;2018-04-25;11.1067
B;Business;GBP;Pound sterling;NOK;Norwegian krone;SP;Spot;4;false;0;Units;C;ECB concertation time 14:15 CET;2018-04-26;11.1062
B;Business;GBP;Pound sterling;NOK;Norwegian krone;SP;Spot;4;false;0;Units;C;ECB concertation time 14:15 CET;2018-04-27;11.0137
B;Business;GBP;Pound sterling;NOK;Norwegian krone;SP;Spot;4;false;0;Units;C;ECB concertation time 14:15 CET;2018-04-30;10.9845
B;Business;GBP;Pound sterling;NOK;Norwegian krone;SP;Spot;4;false;0;Units;C;ECB concertation time 14:15 CET;2018-05-02;11.0129
B;Business;GBP;Pound sterling;NOK;Norwegian krone;SP;Spot;4;false;0;Units;C;ECB concertation time 14:15 CET;2018-05-03;10.9396
B;Business;GBP;Pound sterling;NOK;Norwegian krone;SP;Spot;4;false;0;Units;C;ECB concertation time 14:15 CET;2018-05-04;10.9299
B;Business;GBP;Pound sterling;NOK;Norwegian krone;SP;Spot;4;false;0;Units;C;ECB concertation time 14:15 CET;2018-05-07;10.9294
B;Business;GBP;Pound sterling;NOK;Norwegian krone;SP;Spot;4;false;0;Units;C;ECB concertation time 14:15 CET;2018-05-08;10.9443
B;Business;GBP;Pound sterling;NOK;Norwegian krone;SP;Spot;4;false;0;Units;C;ECB concertation time 14:15 CET;2018-05-09;10.9835
B;Business;GBP;Pound sterling;NOK;Norwegian krone;SP;Spot;4;false;0;Units;C;ECB concertation time 14:15 CET;2018-05-11;10.8438
B;Business;GBP;Pound sterling;NOK;Norwegian krone;SP;Spot;4;false;0;Units;C;ECB concertation time 14:15 CET;2018-05-14;10.8401
B;Business;GBP;Pound sterling;NOK;Norwegian krone;SP;Spot;4;false;0;Units;C;ECB concertation time 14:15 CET;2018-05-15;10.8843
B;Business;GBP;Pound sterling;NOK;Norwegian krone;SP;Spot;4;false;0;Units;C;ECB concertation time 14:15 CET;2018-05-16;10.9491
B;Business;GBP;Pound sterling;NOK;Norwegian krone;SP;Spot;4;false;0;Units;C;ECB concertation time 14:15 CET;2018-05-18;10.9674
B;Business;GBP;Pound sterling;NOK;Norwegian krone;SP;Spot;4;false;0;Units;C;ECB concertation time 14:15 CET;2018-05-22;10.8225
B;Business;GBP;Pound sterling;NOK;Norwegian krone;SP;Spot;4;false;0;Units;C;ECB concertation time 14:15 CET;2018-05-23;10.8084
B;Business;GBP;Pound sterling;NOK;Norwegian krone;SP;Spot;4;false;0;Units;C;ECB concertation time 14:15 CET;2018-05-24;10.8385
B;Business;GBP;Pound sterling;NOK;Norwegian krone;SP;Spot;4;false;0;Units;C;ECB concertation time 14:15 CET;2018-05-25;10.8394
B;Business;GBP;Pound sterling;NOK;Norwegian krone;SP;Spot;4;false;0;Units;C;ECB concertation time 14:15 CET;2018-05-28;10.8744
B;Business;GBP;Pound sterling;NOK;Norwegian krone;SP;Spot;4;false;0;Units;C;ECB concertation time 14:15 CET;2018-05-29;10.9725
B;Business;GBP;Pound sterling;NOK;Norwegian krone;SP;Spot;4;false;0;Units;C;ECB concertation time 14:15 CET;2018-05-30;10.9101
B;Business;GBP;Pound sterling;NOK;Norwegian krone;SP;Spot;4;false;0;Units;C;ECB concertation time 14:15 CET;2018-05-31;10.8776
B;Business;GBP;Pound sterling;NOK;Norwegian krone;SP;Spot;4;false;0;Units;C;ECB concertation time 14:15 CET;2018-06-01;10.8717
B;Business;GBP;Pound sterling;NOK;Norwegian krone;SP;Spot;4;false;0;Units;C;ECB concertation time 14:15 CET;2018-06-04;10.8391
B;Business;GBP;Pound sterling;NOK;Norwegian krone;SP;Spot;4;false;0;Units;C;ECB concertation time 14:15 CET;2018-06-05;10.8717
B;Business;GBP;Pound sterling;NOK;Norwegian krone;SP;Spot;4;false;0;Units;C;ECB concertation time 14:15 CET;2018-06-06;10.8616
B;Business;GBP;Pound sterling;NOK;Norwegian krone;SP;Spot;4;false;0;Units;C;ECB concertation time 14:15 CET;2018-06-07;10.7819
B;Business;GBP;Pound sterling;NOK;Norwegian krone;SP;Spot;4;false;0;Units;C;ECB concertation time 14:15 CET;2018-06-08;10.838
B;Business;GBP;Pound sterling;NOK;Norwegian krone;SP;Spot;4;false;0;Units;C;ECB concertation time 14:15 CET;2018-06-11;10.7749
B;Business;GBP;Pound sterling;NOK;Norwegian krone;SP;Spot;4;false;0;Units;C;ECB concertation time 14:15 CET;2018-06-12;10.71
B;Business;GBP;Pound sterling;NOK;Norwegian krone;SP;Spot;4;false;0;Units;C;ECB concertation time 14:15 CET;2018-06-13;10.6987
B;Business;GBP;Pound sterling;NOK;Norwegian krone;SP;Spot;4;false;0;Units;C;ECB concertation time 14:15 CET;2018-06-14;10.751
B;Business;GBP;Pound sterling;NOK;Norwegian krone;SP;Spot;4;false;0;Units;C;ECB concertation time 14:15 CET;2018-06-15;10.8016
B;Business;GBP;Pound sterling;NOK;Norwegian krone;SP;Spot;4;false;0;Units;C;ECB concertation time 14:15 CET;2018-06-18;10.7626
B;Business;GBP;Pound sterling;NOK;Norwegian krone;SP;Spot;4;false;0;Units;C;ECB concertation time 14:15 CET;2018-06-19;10.8213
B;Business;GBP;Pound sterling;NOK;Norwegian krone;SP;Spot;4;false;0;Units;C;ECB concertation time 14:15 CET;2018-06-20;10.7755
B;Business;GBP;Pound sterling;NOK;Norwegian krone;SP;Spot;4;false;0;Units;C;ECB concertation time 14:15 CET;2018-06-21;10.7878
B;Business;GBP;Pound sterling;NOK;Norwegian krone;SP;Spot;4;false;0;Units;C;ECB concertation time 14:15 CET;2018-06-22;10.7603
B;Business;GBP;Pound sterling;NOK;Norwegian krone;SP;Spot;4;false;0;Units;C;ECB concertation time 14:15 CET;2018-06-25;10.7568
B;Business;GBP;Pound sterling;NOK;Norwegian krone;SP;Spot;4;false;0;Units;C;ECB concertation time 14:15 CET;2018-06-26;10.7439
B;Business;GBP;Pound sterling;NOK;Norwegian krone;SP;Spot;4;false;0;Units;C;ECB concertation time 14:15 CET;2018-06-27;10.7499
B;Business;GBP;Pound sterling;NOK;Norwegian krone;SP;Spot;4;false;0;Units;C;ECB concertation time 14:15 CET;2018-06-28;10.7027
B;Business;GBP;Pound sterling;NOK;Norwegian krone;SP;Spot;4;false;0;Units;C;ECB concertation time 14:15 CET;2018-06-29;10.7347
B;Business;GBP;Pound sterling;NOK;Norwegian krone;SP;Spot;4;false;0;Units;C;ECB concertation time 14:15 CET;2018-07-02;10.718
B;Business;GBP;Pound sterling;NOK;Norwegian krone;SP;Spot;4;false;0;Units;C;ECB concertation time 14:15 CET;2018-07-03;10.7136
B;Business;GBP;Pound sterling;NOK;Norwegian krone;SP;Spot;4;false;0;Units;C;ECB concertation time 14:15 CET;2018-07-04;10.7179
B;Business;GBP;Pound sterling;NOK;Norwegian krone;SP;Spot;4;false;0;Units;C;ECB concertation time 14:15 CET;2018-07-05;10.6907
B;Business;GBP;Pound sterling;NOK;Norwegian krone;SP;Spot;4;false;0;Units;C;ECB concertation time 14:15 CET;2018-07-06;10.6581
B;Business;GBP;Pound sterling;NOK;Norwegian krone;SP;Spot;4;false;0;Units;C;ECB concertation time 14:15 CET;2018-07-09;10.6648
B;Business;GBP;Pound sterling;NOK;Norwegian krone;SP;Spot;4;false;0;Units;C;ECB concertation time 14:15 CET;2018-07-10;10.6574
B;Business;GBP;Pound sterling;NOK;Norwegian krone;SP;Spot;4;false;0;Units;C;ECB concertation time 14:15 CET;2018-07-11;10.6754
B;Business;GBP;Pound sterling;NOK;Norwegian krone;SP;Spot;4;false;0;Units;C;ECB concertation time 14:15 CET;2018-07-12;10.7002
B;Business;GBP;Pound sterling;NOK;Norwegian krone;SP;Spot;4;false;0;Units;C;ECB concertation time 14:15 CET;2018-07-13;10.7167
B;Business;GBP;Pound sterling;NOK;Norwegian krone;SP;Spot;4;false;0;Units;C;ECB concertation time 14:15 CET;2018-07-16;10.7386
B;Business;GBP;Pound sterling;NOK;Norwegian krone;SP;Spot;4;false;0;Units;C;ECB concertation time 14:15 CET;2018-07-17;10.6932
B;Business;GBP;Pound sterling;NOK;Norwegian krone;SP;Spot;4;false;0;Units;C;ECB concertation time 14:15 CET;2018-07-18;10.6626
B;Business;GBP;Pound sterling;NOK;Norwegian krone;SP;Spot;4;false;0;Units;C;ECB concertation time 14:15 CET;2018-07-19;10.724
B;Business;GBP;Pound sterling;NOK;Norwegian krone;SP;Spot;4;false;0;Units;C;ECB concertation time 14:15 CET;2018-07-20;10.7222
B;Business;GBP;Pound sterling;NOK;Norwegian krone;SP;Spot;4;false;0;Units;C;ECB concertation time 14:15 CET;2018-07-23;10.7136
B;Business;GBP;Pound sterling;NOK;Norwegian krone;SP;Spot;4;false;0;Units;C;ECB concertation time 14:15 CET;2018-07-24;10.7207
B;Business;GBP;Pound sterling;NOK;Norwegian krone;SP;Spot;4;false;0;Units;C;ECB concertation time 14:15 CET;2018-07-25;10.7462
B;Business;GBP;Pound sterling;NOK;Norwegian krone;SP;Spot;4;false;0;Units;C;ECB concertation time 14:15 CET;2018-07-26;10.7422
B;Business;GBP;Pound sterling;NOK;Norwegian krone;SP;Spot;4;false;0;Units;C;ECB concertation time 14:15 CET;2018-07-27;10.7357
B;Business;GBP;Pound sterling;NOK;Norwegian krone;SP;Spot;4;false;0;Units;C;ECB concertation time 14:15 CET;2018-07-30;10.6983
B;Business;GBP;Pound sterling;NOK;Norwegian krone;SP;Spot;4;false;0;Units;C;ECB concertation time 14:15 CET;2018-07-31;10.6857
B;Business;GBP;Pound sterling;NOK;Norwegian krone;SP;Spot;4;false;0;Units;C;ECB concertation time 14:15 CET;2018-08-01;10.712
B;Business;GBP;Pound sterling;NOK;Norwegian krone;SP;Spot;4;false;0;Units;C;ECB concertation time 14:15 CET;2018-08-02;10.7084
B;Business;GBP;Pound sterling;NOK;Norwegian krone;SP;Spot;4;false;0;Units;C;ECB concertation time 14:15 CET;2018-08-03;10.7142
B;Business;GBP;Pound sterling;NOK;Norwegian krone;SP;Spot;4;false;0;Units;C;ECB concertation time 14:15 CET;2018-08-06;10.6771
B;Business;GBP;Pound sterling;NOK;Norwegian krone;SP;Spot;4;false;0;Units;C;ECB concertation time 14:15 CET;2018-08-07;10.6169
B;Business;GBP;Pound sterling;NOK;Norwegian krone;SP;Spot;4;false;0;Units;C;ECB concertation time 14:15 CET;2018-08-08;10.5792
B;Business;GBP;Pound sterling;NOK;Norwegian krone;SP;Spot;4;false;0;Units;C;ECB concertation time 14:15 CET;2018-08-09;10.6119
B;Business;GBP;Pound sterling;NOK;Norwegian krone;SP;Spot;4;false;0;Units;C;ECB concertation time 14:15 CET;2018-08-10;10.6306
B;Business;GBP;Pound sterling;NOK;Norwegian krone;SP;Spot;4;false;0;Units;C;ECB concertation time 14:15 CET;2018-08-13;10.6677
B;Business;GBP;Pound sterling;NOK;Norwegian krone;SP;Spot;4;false;0;Units;C;ECB concertation time 14:15 CET;2018-08-14;10.6691
B;Business;GBP;Pound sterling;NOK;Norwegian krone;SP;Spot;4;false;0;Units;C;ECB concertation time 14:15 CET;2018-08-15;10.7156
B;Business;GBP;Pound sterling;NOK;Norwegian krone;SP;Spot;4;false;0;Units;C;ECB concertation time 14:15 CET;2018-08-16;10.741
B;Business;GBP;Pound sterling;NOK;Norwegian krone;SP;Spot;4;false;0;Units;C;ECB concertation time 14:15 CET;2018-08-17;10.806
B;Business;GBP;Pound sterling;NOK;Norwegian krone;SP;Spot;4;false;0;Units;C;ECB concertation time 14:15 CET;2018-08-20;10.8094
B;Business;GBP;Pound sterling;NOK;Norwegian krone;SP;Spot;4;false;0;Units;C;ECB concertation time 14:15 CET;2018-08-21;10.8146
B;Business;GBP;Pound sterling;NOK;Norwegian krone;SP;Spot;4;false;0;Units;C;ECB concertation time 14:15 CET;2018-08-22;10.7651
B;Business;GBP;Pound sterling;NOK;Norwegian krone;SP;Spot;4;false;0;Units;C;ECB concertation time 14:15 CET;2018-08-23;10.7349
B;Business;GBP;Pound sterling;NOK;Norwegian krone;SP;Spot;4;false;0;Units;C;ECB concertation time 14:15 CET;2018-08-24;10.747
B;Business;GBP;Pound sterling;NOK;Norwegian krone;SP;Spot;4;false;0;Units;C;ECB concertation time 14:15 CET;2018-08-27;10.7329
B;Business;GBP;Pound sterling;NOK;Norwegian krone;SP;Spot;4;false;0;Units;C;ECB concertation time 14:15 CET;2018-08-28;10.7238
B;Business;GBP;Pound sterling;NOK;Norwegian krone;SP;Spot;4;false;0;Units;C;ECB concertation time 14:15 CET;2018-08-29;10.7707
B;Business;GBP;Pound sterling;NOK;Norwegian krone;SP;Spot;4;false;0;Units;C;ECB concertation time 14:15 CET;2018-08-30;10.8291
B;Business;GBP;Pound sterling;NOK;Norwegian krone;SP;Spot;4;false;0;Units;C;ECB concertation time 14:15 CET;2018-08-31;10.8255
B;Business;GBP;Pound sterling;NOK;Norwegian krone;SP;Spot;4;false;0;Units;C;ECB concertation time 14:15 CET;2018-09-03;10.7611
B;Business;GBP;Pound sterling;NOK;Norwegian krone;SP;Spot;4;false;0;Units;C;ECB concertation time 14:15 CET;2018-09-04;10.7897
B;Business;GBP;Pound sterling;NOK;Norwegian krone;SP;Spot;4;false;0;Units;C;ECB concertation time 14:15 CET;2018-09-05;10.7923
B;Business;GBP;Pound sterling;NOK;Norwegian krone;SP;Spot;4;false;0;Units;C;ECB concertation time 14:15 CET;2018-09-06;10.8835
B;Business;GBP;Pound sterling;NOK;Norwegian krone;SP;Spot;4;false;0;Units;C;ECB concertation time 14:15 CET;2018-09-07;10.9488
B;Business;GBP;Pound sterling;NOK;Norwegian krone;SP;Spot;4;false;0;Units;C;ECB concertation time 14:15 CET;2018-09-10;10.8608
B;Business;GBP;Pound sterling;NOK;Norwegian krone;SP;Spot;4;false;0;Units;C;ECB concertation time 14:15 CET;2018-09-11;10.867
B;Business;GBP;Pound sterling;NOK;Norwegian krone;SP;Spot;4;false;0;Units;C;ECB concertation time 14:15 CET;2018-09-12;10.82
B;Business;GBP;Pound sterling;NOK;Norwegian krone;SP;Spot;4;false;0;Units;C;ECB concertation time 14:15 CET;2018-09-13;10.7562
B;Business;GBP;Pound sterling;NOK;Norwegian krone;SP;Spot;4;false;0;Units;C;ECB concertation time 14:15 CET;2018-09-14;10.7864
B;Business;GBP;Pound sterling;NOK;Norwegian krone;SP;Spot;4;false;0;Units;C;ECB concertation time 14:15 CET;2018-09-17;10.7589
B;Business;GBP;Pound sterling;NOK;Norwegian krone;SP;Spot;4;false;0;Units;C;ECB concertation time 14:15 CET;2018-09-18;10.7318
B;Business;GBP;Pound sterling;NOK;Norwegian krone;SP;Spot;4;false;0;Units;C;ECB concertation time 14:15 CET;2018-09-19;10.7496
B;Business;GBP;Pound sterling;NOK;Norwegian krone;SP;Spot;4;false;0;Units;C;ECB concertation time 14:15 CET;2018-09-20;10.8235
B;Business;GBP;Pound sterling;NOK;Norwegian krone;SP;Spot;4;false;0;Units;C;ECB concertation time 14:15 CET;2018-09-21;10.7151
B;Business;GBP;Pound sterling;NOK;Norwegian krone;SP;Spot;4;false;0;Units;C;ECB concertation time 14:15 CET;2018-09-24;10.697
B;Business;GBP;Pound sterling;NOK;Norwegian krone;SP;Spot;4;false;0;Units;C;ECB concertation time 14:15 CET;2018-09-25;10.7032
B;Business;GBP;Pound sterling;NOK;Norwegian krone;SP;Spot;4;false;0;Units;C;ECB concertation time 14:15 CET;2018-09-26;10.7168
B;Business;GBP;Pound sterling;NOK;Norwegian krone;SP;Spot;4;false;0;Units;C;ECB concertation time 14:15 CET;2018-09-27;10.6791
B;Business;GBP;Pound sterling;NOK;Norwegian krone;SP;Spot;4;false;0;Units;C;ECB concertation time 14:15 CET;2018-09-28;10.6689
B;Business;GBP;Pound sterling;NOK;Norwegian krone;SP;Spot;4;false;0;Units;C;ECB concertation time 14:15 CET;2018-10-01;10.6048
B;Business;GBP;Pound sterling;NOK;Norwegian krone;SP;Spot;4;false;0;Units;C;ECB concertation time 14:15 CET;2018-10-02;10.6008
B;Business;GBP;Pound sterling;NOK;Norwegian krone;SP;Spot;4;false;0;Units;C;ECB concertation time 14:15 CET;2018-10-03;10.6241
B;Business;GBP;Pound sterling;NOK;Norwegian krone;SP;Spot;4;false;0;Units;C;ECB concertation time 14:15 CET;2018-10-04;10.6845
B;Business;GBP;Pound sterling;NOK;Norwegian krone;SP;Spot;4;false;0;Units;C;ECB concertation time 14:15 CET;2018-10-05;10.7903
B;Business;GBP;Pound sterling;NOK;Norwegian krone;SP;Spot;4;false;0;Units;C;ECB concertation time 14:15 CET;2018-10-08;10.8037
B;Business;GBP;Pound sterling;NOK;Norwegian krone;SP;Spot;4;false;0;Units;C;ECB concertation time 14:15 CET;2018-10-09;10.8252
B;Business;GBP;Pound sterling;NOK;Norwegian krone;SP;Spot;4;false;0;Units;C;ECB concertation time 14:15 CET;2018-10-10;10.8028
B;Business;GBP;Pound sterling;NOK;Norwegian krone;SP;Spot;4;false;0;Units;C;ECB concertation time 14:15 CET;2018-10-11;10.8656
B;Business;GBP;Pound sterling;NOK;Norwegian krone;SP;Spot;4;false;0;Units;C;ECB concertation time 14:15 CET;2018-10-12;10.8027
B;Business;GBP;Pound sterling;NOK;Norwegian krone;SP;Spot;4;false;0;Units;C;ECB concertation time 14:15 CET;2018-10-15;10.7443
B;Business;GBP;Pound sterling;NOK;Norwegian krone;SP;Spot;4;false;0;Units;C;ECB concertation time 14:15 CET;2018-10-16;10.7541
B;Business;GBP;Pound sterling;NOK;Norwegian krone;SP;Spot;4;false;0;Units;C;ECB concertation time 14:15 CET;2018-10-17;10.7218
B;Business;GBP;Pound sterling;NOK;Norwegian krone;SP;Spot;4;false;0;Units;C;ECB concertation time 14:15 CET;2018-10-18;10.769
B;Business;GBP;Pound sterling;NOK;Norwegian krone;SP;Spot;4;false;0;Units;C;ECB concertation time 14:15 CET;2018-10-19;10.7382
B;Business;GBP;Pound sterling;NOK;Norwegian krone;SP;Spot;4;false;0;Units;C;ECB concertation time 14:15 CET;2018-10-22;10.7083
B;Business;GBP;Pound sterling;NOK;Norwegian krone;SP;Spot;4;false;0;Units;C;ECB concertation time 14:15 CET;2018-10-23;10.7888
B;Business;GBP;Pound sterling;NOK;Norwegian krone;SP;Spot;4;false;0;Units;C;ECB concertation time 14:15 CET;2018-10-24;10.752
B;Business;GBP;Pound sterling;NOK;Norwegian krone;SP;Spot;4;false;0;Units;C;ECB concertation time 14:15 CET;2018-10-25;10.7189
B;Business;GBP;Pound sterling;NOK;Norwegian krone;SP;Spot;4;false;0;Units;C;ECB concertation time 14:15 CET;2018-10-26;10.7307
B;Business;GBP;Pound sterling;NOK;Norwegian krone;SP;Spot;4;false;0;Units;C;ECB concertation time 14:15 CET;2018-10-29;10.7143
B;Business;GBP;Pound sterling;NOK;Norwegian krone;SP;Spot;4;false;0;Units;C;ECB concertation time 14:15 CET;2018-10-30;10.7052
B;Business;GBP;Pound sterling;NOK;Norwegian krone;SP;Spot;4;false;0;Units;C;ECB concertation time 14:15 CET;2018-10-31;10.7488
B;Business;GBP;Pound sterling;NOK;Norwegian krone;SP;Spot;4;false;0;Units;C;ECB concertation time 14:15 CET;2018-11-01;10.7913
B;Business;GBP;Pound sterling;NOK;Norwegian krone;SP;Spot;4;false;0;Units;C;ECB concertation time 14:15 CET;2018-11-02;10.8277
B;Business;GBP;Pound sterling;NOK;Norwegian krone;SP;Spot;4;false;0;Units;C;ECB concertation time 14:15 CET;2018-11-05;10.8802
B;Business;GBP;Pound sterling;NOK;Norwegian krone;SP;Spot;4;false;0;Units;C;ECB concertation time 14:15 CET;2018-11-06;10.9317
B;Business;GBP;Pound sterling;NOK;Norwegian krone;SP;Spot;4;false;0;Units;C;ECB concertation time 14:15 CET;2018-11-07;10.9067
B;Business;GBP;Pound sterling;NOK;Norwegian krone;SP;Spot;4;false;0;Units;C;ECB concertation time 14:15 CET;2018-11-08;10.9081
B;Business;GBP;Pound sterling;NOK;Norwegian krone;SP;Spot;4;false;0;Units;C;ECB concertation time 14:15 CET;2018-11-09;10.9609
B;Business;GBP;Pound sterling;NOK;Norwegian krone;SP;Spot;4;false;0;Units;C;ECB concertation time 14:15 CET;2018-11-12;10.8925
B;Business;GBP;Pound sterling;NOK;Norwegian krone;SP;Spot;4;false;0;Units;C;ECB concertation time 14:15 CET;2018-11-13;10.9912
B;Business;GBP;Pound sterling;NOK;Norwegian krone;SP;Spot;4;false;0;Units;C;ECB concertation time 14:15 CET;2018-11-14;11.0272
B;Business;GBP;Pound sterling;NOK;Norwegian krone;SP;Spot;4;false;0;Units;C;ECB concertation time 14:15 CET;2018-11-15;10.8666
B;Business;GBP;Pound sterling;NOK;Norwegian krone;SP;Spot;4;false;0;Units;C;ECB concertation time 14:15 CET;2018-11-16;10.8792
B;Business;GBP;Pound sterling;NOK;Norwegian krone;SP;Spot;4;false;0;Units;C;ECB concertation time 14:15 CET;2018-11-19;10.8318
B;Business;GBP;Pound sterling;NOK;Norwegian krone;SP;Spot;4;false;0;Units;C;ECB concertation time 14:15 CET;2018-11-20;10.9253
B;Business;GBP;Pound sterling;NOK;Norwegian krone;SP;Spot;4;false;0;Units;C;ECB concertation time 14:15 CET;2018-11-21;10.9182
B;Business;GBP;Pound sterling;NOK;Norwegian krone;SP;Spot;4;false;0;Units;C;ECB concertation time 14:15 CET;2018-11-22;10.9933
B;Business;GBP;Pound sterling;NOK;Norwegian krone;SP;Spot;4;false;0;Units;C;ECB concertation time 14:15 CET;2018-11-23;11.0042
B;Business;GBP;Pound sterling;NOK;Norwegian krone;SP;Spot;4;false;0;Units;C;ECB concertation time 14:15 CET;2018-11-26;11.0007
B;Business;GBP;Pound sterling;NOK;Norwegian krone;SP;Spot;4;false;0;Units;C;ECB concertation time 14:15 CET;2018-11-27;10.9664
B;Business;GBP;Pound sterling;NOK;Norwegian krone;SP;Spot;4;false;0;Units;C;ECB concertation time 14:15 CET;2018-11-28;11.0018
B;Business;GBP;Pound sterling;NOK;Norwegian krone;SP;Spot;4;false;0;Units;C;ECB concertation time 14:15 CET;2018-11-29;10.918
B;Business;GBP;Pound sterling;NOK;Norwegian krone;SP;Spot;4;false;0;Units;C;ECB concertation time 14:15 CET;2018-11-30;10.9355
B;Business;GBP;Pound sterling;NOK;Norwegian krone;SP;Spot;4;false;0;Units;C;ECB concertation time 14:15 CET;2018-12-03;10.8685
B;Business;GBP;Pound sterling;NOK;Norwegian krone;SP;Spot;4;false;0;Units;C;ECB concertation time 14:15 CET;2018-12-04;10.8326
B;Business;GBP;Pound sterling;NOK;Norwegian krone;SP;Spot;4;false;0;Units;C;ECB concertation time 14:15 CET;2018-12-05;10.8545
B;Business;GBP;Pound sterling;NOK;Norwegian krone;SP;Spot;4;false;0;Units;C;ECB concertation time 14:15 CET;2018-12-06;10.9106
B;Business;GBP;Pound sterling;NOK;Norwegian krone;SP;Spot;4;false;0;Units;C;ECB concertation time 14:15 CET;2018-12-07;10.8851
B;Business;GBP;Pound sterling;NOK;Norwegian krone;SP;Spot;4;false;0;Units;C;ECB concertation time 14:15 CET;2018-12-10;10.7358
B;Business;GBP;Pound sterling;NOK;Norwegian krone;SP;Spot;4;false;0;Units;C;ECB concertation time 14:15 CET;2018-12-11;10.7548
B;Business;GBP;Pound sterling;NOK;Norwegian krone;SP;Spot;4;false;0;Units;C;ECB concertation time 14:15 CET;2018-12-12;10.791
B;Business;GBP;Pound sterling;NOK;Norwegian krone;SP;Spot;4;false;0;Units;C;ECB concertation time 14:15 CET;2018-12-13;10.8392
B;Business;GBP;Pound sterling;NOK;Norwegian krone;SP;Spot;4;false;0;Units;C;ECB concertation time 14:15 CET;2018-12-14;10.8237
B;Business;GBP;Pound sterling;NOK;Norwegian krone;SP;Spot;4;false;0;Units;C;ECB concertation time 14:15 CET;2018-12-17;10.8842
B;Business;GBP;Pound sterling;NOK;Norwegian krone;SP;Spot;4;false;0;Units;C;ECB concertation time 14:15 CET;2018-12-18;11.0166
B;Business;GBP;Pound sterling;NOK;Norwegian krone;SP;Spot;4;false;0;Units;C;ECB concertation time 14:15 CET;2018-12-19;11.0028
B;Business;GBP;Pound sterling;NOK;Norwegian krone;SP;Spot;4;false;0;Units;C;ECB concertation time 14:15 CET;2018-12-20;10.9559
B;Business;GBP;Pound sterling;NOK;Norwegian krone;SP;Spot;4;false;0;Units;C;ECB concertation time 14:15 CET;2018-12-21;11.0212
B;Business;GBP;Pound sterling;NOK;Norwegian krone;SP;Spot;4;false;0;Units;C;ECB concertation time 14:15 CET;2018-12-27;11.0686
B;Business;GBP;Pound sterling;NOK;Norwegian krone;SP;Spot;4;false;0;Units;C;ECB concertation time 14:15 CET;2018-12-28;11.0485
B;Business;GBP;Pound sterling;NOK;Norwegian krone;SP;Spot;4;false;0;Units;C;ECB concertation time 14:15 CET;2018-12-31;11.1213
B;Business;GBP;Pound sterling;NOK;Norwegian krone;SP;Spot;4;false;0;Units;C;ECB concertation time 14:15 CET;2019-01-02;10.9918
B;Business;GBP;Pound sterling;NOK;Norwegian krone;SP;Spot;4;false;0;Units;C;ECB concertation time 14:15 CET;2019-01-03;10.9745
B;Business;GBP;Pound sterling;NOK;Norwegian krone;SP;Spot;4;false;0;Units;C;ECB concertation time 14:15 CET;2019-01-04;10.9624
B;Business;GBP;Pound sterling;NOK;Norwegian krone;SP;Spot;4;false;0;Units;C;ECB concertation time 14:15 CET;2019-01-07;10.9249
B;Business;GBP;Pound sterling;NOK;Norwegian krone;SP;Spot;4;false;0;Units;C;ECB concertation time 14:15 CET;2019-01-08;10.8922
B;Business;GBP;Pound sterling;NOK;Norwegian krone;SP;Spot;4;false;0;Units;C;ECB concertation time 14:15 CET;2019-01-09;10.8625
B;Business;GBP;Pound sterling;NOK;Norwegian krone;SP;Spot;4;false;0;Units;C;ECB concertation time 14:15 CET;2019-01-10;10.7819
B;Business;GBP;Pound sterling;NOK;Norwegian krone;SP;Spot;4;false;0;Units;C;ECB concertation time 14:15 CET;2019-01-11;10.8402
B;Business;GBP;Pound sterling;NOK;Norwegian krone;SP;Spot;4;false;0;Units;C;ECB concertation time 14:15 CET;2019-01-14;10.964
B;Business;GBP;Pound sterling;NOK;Norwegian krone;SP;Spot;4;false;0;Units;C;ECB concertation time 14:15 CET;2019-01-15;10.9649
B;Business;GBP;Pound sterling;NOK;Norwegian krone;SP;Spot;4;false;0;Units;C;ECB concertation time 14:15 CET;2019-01-16;10.9897
B;Business;GBP;Pound sterling;NOK;Norwegian krone;SP;Spot;4;false;0;Units;C;ECB concertation time 14:15 CET;2019-01-17;11.056
B;Business;GBP;Pound sterling;NOK;Norwegian krone;SP;Spot;4;false;0;Units;C;ECB concertation time 14:15 CET;2019-01-18;11.0318
B;Business;GBP;Pound sterling;NOK;Norwegian krone;SP;Spot;4;false;0;Units;C;ECB concertation time 14:15 CET;2019-01-21;11.0345
B;Business;GBP;Pound sterling;NOK;Norwegian krone;SP;Spot;4;false;0;Units;C;ECB concertation time 14:15 CET;2019-01-22;11.0941
B;Business;GBP;Pound sterling;NOK;Norwegian krone;SP;Spot;4;false;0;Units;C;ECB concertation time 14:15 CET;2019-01-23;11.1867
B;Business;GBP;Pound sterling;NOK;Norwegian krone;SP;Spot;4;false;0;Units;C;ECB concertation time 14:15 CET;2019-01-24;11.1705
B;Business;GBP;Pound sterling;NOK;Norwegian krone;SP;Spot;4;false;0;Units;C;ECB concertation time 14:15 CET;2019-01-25;11.2087
B;Business;GBP;Pound sterling;NOK;Norwegian krone;SP;Spot;4;false;0;Units;C;ECB concertation time 14:15 CET;2019-01-28;11.2006
B;Business;GBP;Pound sterling;NOK;Norwegian krone;SP;Spot;4;false;0;Units;C;ECB concertation time 14:15 CET;2019-01-29;11.1875
B;Business;GBP;Pound sterling;NOK;Norwegian krone;SP;Spot;4;false;0;Units;C;ECB concertation time 14:15 CET;2019-01-30;11.0988
B;Business;GBP;Pound sterling;NOK;Norwegian krone;SP;Spot;4;false;0;Units;C;ECB concertation time 14:15 CET;2019-01-31;11.0328
B;Business;GBP;Pound sterling;NOK;Norwegian krone;SP;Spot;4;false;0;Units;C;ECB concertation time 14:15 CET;2019-02-01;11.0009
B;Business;GBP;Pound sterling;NOK;Norwegian krone;SP;Spot;4;false;0;Units;C;ECB concertation time 14:15 CET;2019-02-04;11.0666
B;Business;GBP;Pound sterling;NOK;Norwegian krone;SP;Spot;4;false;0;Units;C;ECB concertation time 14:15 CET;2019-02-05;11.0227
B;Business;GBP;Pound sterling;NOK;Norwegian krone;SP;Spot;4;false;0;Units;C;ECB concertation time 14:15 CET;2019-02-06;11.0297
B;Business;GBP;Pound sterling;NOK;Norwegian krone;SP;Spot;4;false;0;Units;C;ECB concertation time 14:15 CET;2019-02-07;11.083
B;Business;GBP;Pound sterling;NOK;Norwegian krone;SP;Spot;4;false;0;Units;C;ECB concertation time 14:15 CET;2019-02-08;11.1662
B;Business;GBP;Pound sterling;NOK;Norwegian krone;SP;Spot;4;false;0;Units;C;ECB concertation time 14:15 CET;2019-02-11;11.207
B;Business;GBP;Pound sterling;NOK;Norwegian krone;SP;Spot;4;false;0;Units;C;ECB concertation time 14:15 CET;2019-02-12;11.1681
B;Business;GBP;Pound sterling;NOK;Norwegian krone;SP;Spot;4;false;0;Units;C;ECB concertation time 14:15 CET;2019-02-13;11.1487
B;Business;GBP;Pound sterling;NOK;Norwegian krone;SP;Spot;4;false;0;Units;C;ECB concertation time 14:15 CET;2019-02-14;11.0961
B;Business;GBP;Pound sterling;NOK;Norwegian krone;SP;Spot;4;false;0;Units;C;ECB concertation time 14:15 CET;2019-02-15;11.109
B;Business;GBP;Pound sterling;NOK;Norwegian krone;SP;Spot;4;false;0;Units;C;ECB concertation time 14:15 CET;2019-02-18;11.1285
B;Business;GBP;Pound sterling;NOK;Norwegian krone;SP;Spot;4;false;0;Units;C;ECB concertation time 14:15 CET;2019-02-19;11.1785
B;Business;GBP;Pound sterling;NOK;Norwegian krone;SP;Spot;4;false;0;Units;C;ECB concertation time 14:15 CET;2019-02-20;11.195
B;Business;GBP;Pound sterling;NOK;Norwegian krone;SP;Spot;4;false;0;Units;C;ECB concertation time 14:15 CET;2019-02-21;11.2676
B;Business;GBP;Pound sterling;NOK;Norwegian krone;SP;Spot;4;false;0;Units;C;ECB concertation time 14:15 CET;2019-02-22;11.1895
B;Business;GBP;Pound sterling;NOK;Norwegian krone;SP;Spot;4;false;0;Units;C;ECB concertation time 14:15 CET;2019-02-25;11.2429
B;Business;GBP;Pound sterling;NOK;Norwegian krone;SP;Spot;4;false;0;Units;C;ECB concertation time 14:15 CET;2019-02-26;11.3561
B;Business;GBP;Pound sterling;NOK;Norwegian krone;SP;Spot;4;false;0;Units;C;ECB concertation time 14:15 CET;2019-02-27;11.359
B;Business;GBP;Pound sterling;NOK;Norwegian krone;SP;Spot;4;false;0;Units;C;ECB concertation time 14:15 CET;2019-02-28;11.332
B;Business;GBP;Pound sterling;NOK;Norwegian krone;SP;Spot;4;false;0;Units;C;ECB concertation time 14:15 CET;2019-03-01;11.3144
B;Business;GBP;Pound sterling;NOK;Norwegian krone;SP;Spot;4;false;0;Units;C;ECB concertation time 14:15 CET;2019-03-04;11.3825
B;Business;GBP;Pound sterling;NOK;Norwegian krone;SP;Spot;4;false;0;Units;C;ECB concertation time 14:15 CET;2019-03-05;11.3508
B;Business;GBP;Pound sterling;NOK;Norwegian krone;SP;Spot;4;false;0;Units;C;ECB concertation time 14:15 CET;2019-03-06;11.404
B;Business;GBP;Pound sterling;NOK;Norwegian krone;SP;Spot;4;false;0;Units;C;ECB concertation time 14:15 CET;2019-03-07;11.395
B;Business;GBP;Pound sterling;NOK;Norwegian krone;SP;Spot;4;false;0;Units;C;ECB concertation time 14:15 CET;2019-03-08;11.4933
B;Business;GBP;Pound sterling;NOK;Norwegian krone;SP;Spot;4;false;0;Units;C;ECB concertation time 14:15 CET;2019-03-11;11.3288
B;Business;GBP;Pound sterling;NOK;Norwegian krone;SP;Spot;4;false;0;Units;C;ECB concertation time 14:15 CET;2019-03-12;11.3025
B;Business;GBP;Pound sterling;NOK;Norwegian krone;SP;Spot;4;false;0;Units;C;ECB concertation time 14:15 CET;2019-03-13;11.3234
B;Business;GBP;Pound sterling;NOK;Norwegian krone;SP;Spot;4;false;0;Units;C;ECB concertation time 14:15 CET;2019-03-14;11.3994
B;Business;GBP;Pound sterling;NOK;Norwegian krone;SP;Spot;4;false;0;Units;C;ECB concertation time 14:15 CET;2019-03-15;11.3423
B;Business;GBP;Pound sterling;NOK;Norwegian krone;SP;Spot;4;false;0;Units;C;ECB concertation time 14:15 CET;2019-03-18;11.2912
B;Business;GBP;Pound sterling;NOK;Norwegian krone;SP;Spot;4;false;0;Units;C;ECB concertation time 14:15 CET;2019-03-19;11.3089
B;Business;GBP;Pound sterling;NOK;Norwegian krone;SP;Spot;4;false;0;Units;C;ECB concertation time 14:15 CET;2019-03-20;11.2326
B;Business;GBP;Pound sterling;NOK;Norwegian krone;SP;Spot;4;false;0;Units;C;ECB concertation time 14:15 CET;2019-03-21;11.0996
B;Business;GBP;Pound sterling;NOK;Norwegian krone;SP;Spot;4;false;0;Units;C;ECB concertation time 14:15 CET;2019-03-22;11.2263
B;Business;GBP;Pound sterling;NOK;Norwegian krone;SP;Spot;4;false;0;Units;C;ECB concertation time 14:15 CET;2019-03-25;11.2789
B;Business;GBP;Pound sterling;NOK;Norwegian krone;SP;Spot;4;false;0;Units;C;ECB concertation time 14:15 CET;2019-03-26;11.2971
B;Business;GBP;Pound sterling;NOK;Norwegian krone;SP;Spot;4;false;0;Units;C;ECB concertation time 14:15 CET;2019-03-27;11.3901
B;Business;GBP;Pound sterling;NOK;Norwegian krone;SP;Spot;4;false;0;Units;C;ECB concertation time 14:15 CET;2019-03-28;11.3822
B;Business;GBP;Pound sterling;NOK;Norwegian krone;SP;Spot;4;false;0;Units;C;ECB concertation time 14:15 CET;2019-03-29;11.2536
B;Business;GBP;Pound sterling;NOK;Norwegian krone;SP;Spot;4;false;0;Units;C;ECB concertation time 14:15 CET;2019-04-01;11.2517
B;Business;GBP;Pound sterling;NOK;Norwegian krone;SP;Spot;4;false;0;Units;C;ECB concertation time 14:15 CET;2019-04-02;11.2145
B;Business;GBP;Pound sterling;NOK;Norwegian krone;SP;Spot;4;false;0;Units;C;ECB concertation time 14:15 CET;2019-04-03;11.2681
B;Business;GBP;Pound sterling;NOK;Norwegian krone;SP;Spot;4;false;0;Units;C;ECB concertation time 14:15 CET;2019-04-04;11.2749
B;Business;GBP;Pound sterling;NOK;Norwegian krone;SP;Spot;4;false;0;Units;C;ECB concertation time 14:15 CET;2019-04-05;11.2418
B;Business;GBP;Pound sterling;NOK;Norwegian krone;SP;Spot;4;false;0;Units;C;ECB concertation time 14:15 CET;2019-04-08;11.1745
B;Business;GBP;Pound sterling;NOK;Norwegian krone;SP;Spot;4;false;0;Units;C;ECB concertation time 14:15 CET;2019-04-09;11.1415
B;Business;GBP;Pound sterling;NOK;Norwegian krone;SP;Spot;4;false;0;Units;C;ECB concertation time 14:15 CET;2019-04-10;11.1398
B;Business;GBP;Pound sterling;NOK;Norwegian krone;SP;Spot;4;false;0;Units;C;ECB concertation time 14:15 CET;2019-04-11;11.1277
B;Business;GBP;Pound sterling;NOK;Norwegian krone;SP;Spot;4;false;0;Units;C;ECB concertation time 14:15 CET;2019-04-12;11.1276
B;Business;GBP;Pound sterling;NOK;Norwegian krone;SP;Spot;4;false;0;Units;C;ECB concertation time 14:15 CET;2019-04-15;11.1254
B;Business;GBP;Pound sterling;NOK;Norwegian krone;SP;Spot;4;false;0;Units;C;ECB concertation time 14:15 CET;2019-04-16;11.0972
B;Business;GBP;Pound sterling;NOK;Norwegian krone;SP;Spot;4;false;0;Units;C;ECB concertation time 14:15 CET;2019-04-17;11.0607
B;Business;GBP;Pound sterling;NOK;Norwegian krone;SP;Spot;4;false;0;Units;C;ECB concertation time 14:15 CET;2019-04-23;11.0868
B;Business;GBP;Pound sterling;NOK;Norwegian krone;SP;Spot;4;false;0;Units;C;ECB concertation time 14:15 CET;2019-04-24;11.1006
B;Business;GBP;Pound sterling;NOK;Norwegian krone;SP;Spot;4;false;0;Units;C;ECB concertation time 14:15 CET;2019-04-25;11.1804
B;Business;GBP;Pound sterling;NOK;Norwegian krone;SP;Spot;4;false;0;Units;C;ECB concertation time 14:15 CET;2019-04-26;11.1945
B;Business;GBP;Pound sterling;NOK;Norwegian krone;SP;Spot;4;false;0;Units;C;ECB concertation time 14:15 CET;2019-04-29;11.2211
B;Business;GBP;Pound sterling;NOK;Norwegian krone;SP;Spot;4;false;0;Units;C;ECB concertation time 14:15 CET;2019-04-30;11.2093
B;Business;GBP;Pound sterling;NOK;Norwegian krone;SP;Spot;4;false;0;Units;C;ECB concertation time 14:15 CET;2019-05-02;11.3406
B;Business;GBP;Pound sterling;NOK;Norwegian krone;SP;Spot;4;false;0;Units;C;ECB concertation time 14:15 CET;2019-05-03;11.3986
B;Business;GBP;Pound sterling;NOK;Norwegian krone;SP;Spot;4;false;0;Units;C;ECB concertation time 14:15 CET;2019-05-06;11.4549
B;Business;GBP;Pound sterling;NOK;Norwegian krone;SP;Spot;4;false;0;Units;C;ECB concertation time 14:15 CET;2019-05-07;11.3965
B;Business;GBP;Pound sterling;NOK;Norwegian krone;SP;Spot;4;false;0;Units;C;ECB concertation time 14:15 CET;2019-05-08;11.4159
B;Business;GBP;Pound sterling;NOK;Norwegian krone;SP;Spot;4;false;0;Units;C;ECB concertation time 14:15 CET;2019-05-09;11.3874
B;Business;GBP;Pound sterling;NOK;Norwegian krone;SP;Spot;4;false;0;Units;C;ECB concertation time 14:15 CET;2019-05-10;11.3847
B;Business;GBP;Pound sterling;NOK;Norwegian krone;SP;Spot;4;false;0;Units;C;ECB concertation time 14:15 CET;2019-05-13;11.3663
B;Business;GBP;Pound sterling;NOK;Norwegian krone;SP;Spot;4;false;0;Units;C;ECB concertation time 14:15 CET;2019-05-14;11.2992
B;Business;GBP;Pound sterling;NOK;Norwegian krone;SP;Spot;4;false;0;Units;C;ECB concertation time 14:15 CET;2019-05-15;11.2881
B;Business;GBP;Pound sterling;NOK;Norwegian krone;SP;Spot;4;false;0;Units;C;ECB concertation time 14:15 CET;2019-05-16;11.1491
B;Business;GBP;Pound sterling;NOK;Norwegian krone;SP;Spot;4;false;0;Units;C;ECB concertation time 14:15 CET;2019-05-20;11.1822
B;Business;GBP;Pound sterling;NOK;Norwegian krone;SP;Spot;4;false;0;Units;C;ECB concertation time 14:15 CET;2019-05-21;11.176
B;Business;GBP;Pound sterling;NOK;Norwegian krone;SP;Spot;4;false;0;Units;C;ECB concertation time 14:15 CET;2019-05-22;11.0555
B;Business;GBP;Pound sterling;NOK;Norwegian krone;SP;Spot;4;false;0;Units;C;ECB concertation time 14:15 CET;2019-05-23;11.0719
B;Business;GBP;Pound sterling;NOK;Norwegian krone;SP;Spot;4;false;0;Units;C;ECB concertation time 14:15 CET;2019-05-24;11.0462
B;Business;GBP;Pound sterling;NOK;Norwegian krone;SP;Spot;4;false;0;Units;C;ECB concertation time 14:15 CET;2019-05-27;11.0539
B;Business;GBP;Pound sterling;NOK;Norwegian krone;SP;Spot;4;false;0;Units;C;ECB concertation time 14:15 CET;2019-05-28;10.9949
B;Business;GBP;Pound sterling;NOK;Norwegian krone;SP;Spot;4;false;0;Units;C;ECB concertation time 14:15 CET;2019-05-29;11.0774
B;Business;GBP;Pound sterling;NOK;Norwegian krone;SP;Spot;4;false;0;Units;C;ECB concertation time 14:15 CET;2019-05-31;11.0398
B;Business;GBP;Pound sterling;NOK;Norwegian krone;SP;Spot;4;false;0;Units;C;ECB concertation time 14:15 CET;2019-06-03;11.0337
B;Business;GBP;Pound sterling;NOK;Norwegian krone;SP;Spot;4;false;0;Units;C;ECB concertation time 14:15 CET;2019-06-04;11.028
B;Business;GBP;Pound sterling;NOK;Norwegian krone;SP;Spot;4;false;0;Units;C;ECB concertation time 14:15 CET;2019-06-05;11.0275
B;Business;GBP;Pound sterling;NOK;Norwegian krone;SP;Spot;4;false;0;Units;C;ECB concertation time 14:15 CET;2019-06-06;11.0756
B;Business;GBP;Pound sterling;NOK;Norwegian krone;SP;Spot;4;false;0;Units;C;ECB concertation time 14:15 CET;2019-06-07;11.0474
B;Business;GBP;Pound sterling;NOK;Norwegian krone;SP;Spot;4;false;0;Units;C;ECB concertation time 14:15 CET;2019-06-11;10.9671
B;Business;GBP;Pound sterling;NOK;Norwegian krone;SP;Spot;4;false;0;Units;C;ECB concertation time 14:15 CET;2019-06-12;11.0151
B;Business;GBP;Pound sterling;NOK;Norwegian krone;SP;Spot;4;false;0;Units;C;ECB concertation time 14:15 CET;2019-06-13;10.9862
B;Business;GBP;Pound sterling;NOK;Norwegian krone;SP;Spot;4;false;0;Units;C;ECB concertation time 14:15 CET;2019-06-14;10.9692
B;Business;GBP;Pound sterling;NOK;Norwegian krone;SP;Spot;4;false;0;Units;C;ECB concertation time 14:15 CET;2019-06-17;10.9786
B;Business;GBP;Pound sterling;NOK;Norwegian krone;SP;Spot;4;false;0;Units;C;ECB concertation time 14:15 CET;2019-06-18;10.9387
B;Business;GBP;Pound sterling;NOK;Norwegian krone;SP;Spot;4;false;0;Units;C;ECB concertation time 14:15 CET;2019-06-19;10.988
B;Business;GBP;Pound sterling;NOK;Norwegian krone;SP;Spot;4;false;0;Units;C;ECB concertation time 14:15 CET;2019-06-20;10.8438
B;Business;GBP;Pound sterling;NOK;Norwegian krone;SP;Spot;4;false;0;Units;C;ECB concertation time 14:15 CET;2019-06-21;10.8314
B;Business;GBP;Pound sterling;NOK;Norwegian krone;SP;Spot;4;false;0;Units;C;ECB concertation time 14:15 CET;2019-06-24;10.8144
B;Business;GBP;Pound sterling;NOK;Norwegian krone;SP;Spot;4;false;0;Units;C;ECB concertation time 14:15 CET;2019-06-25;10.8236
B;Business;GBP;Pound sterling;NOK;Norwegian krone;SP;Spot;4;false;0;Units;C;ECB concertation time 14:15 CET;2019-06-26;10.7957
B;Business;GBP;Pound sterling;NOK;Norwegian krone;SP;Spot;4;false;0;Units;C;ECB concertation time 14:15 CET;2019-06-27;10.8292
B;Business;GBP;Pound sterling;NOK;Norwegian krone;SP;Spot;4;false;0;Units;C;ECB concertation time 14:15 CET;2019-06-28;10.8123
B;Business;GBP;Pound sterling;NOK;Norwegian krone;SP;Spot;4;false;0;Units;C;ECB concertation time 14:15 CET;2019-07-01;10.7947
B;Business;GBP;Pound sterling;NOK;Norwegian krone;SP;Spot;4;false;0;Units;C;ECB concertation time 14:15 CET;2019-07-02;10.813
B;Business;GBP;Pound sterling;NOK;Norwegian krone;SP;Spot;4;false;0;Units;C;ECB concertation time 14:15 CET;2019-07-03;10.7625
B;Business;GBP;Pound sterling;NOK;Norwegian krone;SP;Spot;4;false;0;Units;C;ECB concertation time 14:15 CET;2019-07-04;10.732
B;Business;GBP;Pound sterling;NOK;Norwegian krone;SP;Spot;4;false;0;Units;C;ECB concertation time 14:15 CET;2019-07-05;10.7382
B;Business;GBP;Pound sterling;NOK;Norwegian krone;SP;Spot;4;false;0;Units;C;ECB concertation time 14:15 CET;2019-07-08;10.805
B;Business;GBP;Pound sterling;NOK;Norwegian krone;SP;Spot;4;false;0;Units;C;ECB concertation time 14:15 CET;2019-07-09;10.7789
B;Business;GBP;Pound sterling;NOK;Norwegian krone;SP;Spot;4;false;0;Units;C;ECB concertation time 14:15 CET;2019-07-10;10.7786
B;Business;GBP;Pound sterling;NOK;Norwegian krone;SP;Spot;4;false;0;Units;C;ECB concertation time 14:15 CET;2019-07-11;10.7276
B;Business;GBP;Pound sterling;NOK;Norwegian krone;SP;Spot;4;false;0;Units;C;ECB concertation time 14:15 CET;2019-07-12;10.715
B;Business;GBP;Pound sterling;NOK;Norwegian krone;SP;Spot;4;false;0;Units;C;ECB concertation time 14:15 CET;2019-07-15;10.7066
B;Business;GBP;Pound sterling;NOK;Norwegian krone;SP;Spot;4;false;0;Units;C;ECB concertation time 14:15 CET;2019-07-16;10.6285
B;Business;GBP;Pound sterling;NOK;Norwegian krone;SP;Spot;4;false;0;Units;C;ECB concertation time 14:15 CET;2019-07-17;10.6509
B;Business;GBP;Pound sterling;NOK;Norwegian krone;SP;Spot;4;false;0;Units;C;ECB concertation time 14:15 CET;2019-07-18;10.7329
B;Business;GBP;Pound sterling;NOK;Norwegian krone;SP;Spot;4;false;0;Units;C;ECB concertation time 14:15 CET;2019-07-19;10.7255
B;Business;GBP;Pound sterling;NOK;Norwegian krone;SP;Spot;4;false;0;Units;C;ECB concertation time 14:15 CET;2019-07-22;10.701
B;Business;GBP;Pound sterling;NOK;Norwegian krone;SP;Spot;4;false;0;Units;C;ECB concertation time 14:15 CET;2019-07-23;10.777
B;Business;GBP;Pound sterling;NOK;Norwegian krone;SP;Spot;4;false;0;Units;C;ECB concertation time 14:15 CET;2019-07-24;10.809
B;Business;GBP;Pound sterling;NOK;Norwegian krone;SP;Spot;4;false;0;Units;C;ECB concertation time 14:15 CET;2019-07-25;10.7975
B;Business;GBP;Pound sterling;NOK;Norwegian krone;SP;Spot;4;false;0;Units;C;ECB concertation time 14:15 CET;2019-07-26;10.8122
B;Business;GBP;Pound sterling;NOK;Norwegian krone;SP;Spot;4;false;0;Units;C;ECB concertation time 14:15 CET;2019-07-29;10.7178
B;Business;GBP;Pound sterling;NOK;Norwegian krone;SP;Spot;4;false;0;Units;C;ECB concertation time 14:15 CET;2019-07-30;10.6235
B;Business;GBP;Pound sterling;NOK;Norwegian krone;SP;Spot;4;false;0;Units;C;ECB concertation time 14:15 CET;2019-07-31;10.6718
B;Business;GBP;Pound sterling;NOK;Norwegian krone;SP;Spot;4;false;0;Units;C;ECB concertation time 14:15 CET;2019-08-01;10.7647
B;Business;GBP;Pound sterling;NOK;Norwegian krone;SP;Spot;4;false;0;Units;C;ECB concertation time 14:15 CET;2019-08-02;10.8306
B;Business;GBP;Pound sterling;NOK;Norwegian krone;SP;Spot;4;false;0;Units;C;ECB concertation time 14:15 CET;2019-08-05;10.8533
B;Business;GBP;Pound sterling;NOK;Norwegian krone;SP;Spot;4;false;0;Units;C;ECB concertation time 14:15 CET;2019-08-06;10.8401
B;Business;GBP;Pound sterling;NOK;Norwegian krone;SP;Spot;4;false;0;Units;C;ECB concertation time 14:15 CET;2019-08-07;10.8237
B;Business;GBP;Pound sterling;NOK;Norwegian krone;SP;Spot;4;false;0;Units;C;ECB concertation time 14:15 CET;2019-08-08;10.8755
B;Business;GBP;Pound sterling;NOK;Norwegian krone;SP;Spot;4;false;0;Units;C;ECB concertation time 14:15 CET;2019-08-09;10.7292
B;Business;GBP;Pound sterling;NOK;Norwegian krone;SP;Spot;4;false;0;Units;C;ECB concertation time 14:15 CET;2019-08-12;10.7977
B;Business;GBP;Pound sterling;NOK;Norwegian krone;SP;Spot;4;false;0;Units;C;ECB concertation time 14:15 CET;2019-08-13;10.7808
B;Business;GBP;Pound sterling;NOK;Norwegian krone;SP;Spot;4;false;0;Units;C;ECB concertation time 14:15 CET;2019-08-14;10.7944
B;Business;GBP;Pound sterling;NOK;Norwegian krone;SP;Spot;4;false;0;Units;C;ECB concertation time 14:15 CET;2019-08-15;10.9016
B;Business;GBP;Pound sterling;NOK;Norwegian krone;SP;Spot;4;false;0;Units;C;ECB concertation time 14:15 CET;2019-08-16;10.9469
B;Business;GBP;Pound sterling;NOK;Norwegian krone;SP;Spot;4;false;0;Units;C;ECB concertation time 14:15 CET;2019-08-19;10.8817
B;Business;GBP;Pound sterling;NOK;Norwegian krone;SP;Spot;4;false;0;Units;C;ECB concertation time 14:15 CET;2019-08-20;10.8748
B;Business;GBP;Pound sterling;NOK;Norwegian krone;SP;Spot;4;false;0;Units;C;ECB concertation time 14:15 CET;2019-08-21;10.8431
B;Business;GBP;Pound sterling;NOK;Norwegian krone;SP;Spot;4;false;0;Units;C;ECB concertation time 14:15 CET;2019-08-22;10.904
B;Business;GBP;Pound sterling;NOK;Norwegian krone;SP;Spot;4;false;0;Units;C;ECB concertation time 14:15 CET;2019-08-23;11.0105
B;Business;GBP;Pound sterling;NOK;Norwegian krone;SP;Spot;4;false;0;Units;C;ECB concertation time 14:15 CET;2019-08-26;10.9983
B;Business;GBP;Pound sterling;NOK;Norwegian krone;SP;Spot;4;false;0;Units;C;ECB concertation time 14:15 CET;2019-08-27;11.0488
B;Business;GBP;Pound sterling;NOK;Norwegian krone;SP;Spot;4;false;0;Units;C;ECB concertation time 14:15 CET;2019-08-28;11.0225
B;Business;GBP;Pound sterling;NOK;Norwegian krone;SP;Spot;4;false;0;Units;C;ECB concertation time 14:15 CET;2019-08-29;11.0863
B;Business;GBP;Pound sterling;NOK;Norwegian krone;SP;Spot;4;false;0;Units;C;ECB concertation time 14:15 CET;2019-08-30;11.0838
B;Business;GBP;Pound sterling;NOK;Norwegian krone;SP;Spot;4;false;0;Units;C;ECB concertation time 14:15 CET;2019-09-02;10.9874
B;Business;GBP;Pound sterling;NOK;Norwegian krone;SP;Spot;4;false;0;Units;C;ECB concertation time 14:15 CET;2019-09-03;11.0238
B;Business;GBP;Pound sterling;NOK;Norwegian krone;SP;Spot;4;false;0;Units;C;ECB concertation time 14:15 CET;2019-09-04;11.0618
B;Business;GBP;Pound sterling;NOK;Norwegian krone;SP;Spot;4;false;0;Units;C;ECB concertation time 14:15 CET;2019-09-05;11.0886
B;Business;GBP;Pound sterling;NOK;Norwegian krone;SP;Spot;4;false;0;Units;C;ECB concertation time 14:15 CET;2019-09-06;11.0705
B;Business;GBP;Pound sterling;NOK;Norwegian krone;SP;Spot;4;false;0;Units;C;ECB concertation time 14:15 CET;2019-09-09;11.0516
B;Business;GBP;Pound sterling;NOK;Norwegian krone;SP;Spot;4;false;0;Units;C;ECB concertation time 14:15 CET;2019-09-10;11.1002
B;Business;GBP;Pound sterling;NOK;Norwegian krone;SP;Spot;4;false;0;Units;C;ECB concertation time 14:15 CET;2019-09-11;11.0784
B;Business;GBP;Pound sterling;NOK;Norwegian krone;SP;Spot;4;false;0;Units;C;ECB concertation time 14:15 CET;2019-09-12;11.0822
B;Business;GBP;Pound sterling;NOK;Norwegian krone;SP;Spot;4;false;0;Units;C;ECB concertation time 14:15 CET;2019-09-13;11.1359
B;Business;GBP;Pound sterling;NOK;Norwegian krone;SP;Spot;4;false;0;Units;C;ECB concertation time 14:15 CET;2019-09-16;11.19
B;Business;GBP;Pound sterling;NOK;Norwegian krone;SP;Spot;4;false;0;Units;C;ECB concertation time 14:15 CET;2019-09-17;11.1149
B;Business;GBP;Pound sterling;NOK;Norwegian krone;SP;Spot;4;false;0;Units;C;ECB concertation time 14:15 CET;2019-09-18;11.148
B;Business;GBP;Pound sterling;NOK;Norwegian krone;SP;Spot;4;false;0;Units;C;ECB concertation time 14:15 CET;2019-09-19;11.1461
B;Business;GBP;Pound sterling;NOK;Norwegian krone;SP;Spot;4;false;0;Units;C;ECB concertation time 14:15 CET;2019-09-20;11.2686
B;Business;GBP;Pound sterling;NOK;Norwegian krone;SP;Spot;4;false;0;Units;C;ECB concertation time 14:15 CET;2019-09-23;11.2882
B;Business;GBP;Pound sterling;NOK;Norwegian krone;SP;Spot;4;false;0;Units;C;ECB concertation time 14:15 CET;2019-09-24;11.256
B;Business;GBP;Pound sterling;NOK;Norwegian krone;SP;Spot;4;false;0;Units;C;ECB concertation time 14:15 CET;2019-09-25;11.2002
B;Business;GBP;Pound sterling;NOK;Norwegian krone;SP;Spot;4;false;0;Units;C;ECB concertation time 14:15 CET;2019-09-26;11.2124
B;Business;GBP;Pound sterling;NOK;Norwegian krone;SP;Spot;4;false;0;Units;C;ECB concertation time 14:15 CET;2019-09-27;11.1689
B;Business;GBP;Pound sterling;NOK;Norwegian krone;SP;Spot;4;false;0;Units;C;ECB concertation time 14:15 CET;2019-09-30;11.1719
B;Business;GBP;Pound sterling;NOK;Norwegian krone;SP;Spot;4;false;0;Units;C;ECB concertation time 14:15 CET;2019-10-01;11.1813
B;Business;GBP;Pound sterling;NOK;Norwegian krone;SP;Spot;4;false;0;Units;C;ECB concertation time 14:15 CET;2019-10-02;11.2319
B;Business;GBP;Pound sterling;NOK;Norwegian krone;SP;Spot;4;false;0;Units;C;ECB concertation time 14:15 CET;2019-10-03;11.2811
B;Business;GBP;Pound sterling;NOK;Norwegian krone;SP;Spot;4;false;0;Units;C;ECB concertation time 14:15 CET;2019-10-04;11.2207
B;Business;GBP;Pound sterling;NOK;Norwegian krone;SP;Spot;4;false;0;Units;C;ECB concertation time 14:15 CET;2019-10-07;11.2599
B;Business;GBP;Pound sterling;NOK;Norwegian krone;SP;Spot;4;false;0;Units;C;ECB concertation time 14:15 CET;2019-10-08;11.1866
B;Business;GBP;Pound sterling;NOK;Norwegian krone;SP;Spot;4;false;0;Units;C;ECB concertation time 14:15 CET;2019-10-09;11.1884
B;Business;GBP;Pound sterling;NOK;Norwegian krone;SP;Spot;4;false;0;Units;C;ECB concertation time 14:15 CET;2019-10-10;11.1514
B;Business;GBP;Pound sterling;NOK;Norwegian krone;SP;Spot;4;false;0;Units;C;ECB concertation time 14:15 CET;2019-10-11;11.4691
B;Business;GBP;Pound sterling;NOK;Norwegian krone;SP;Spot;4;false;0;Units;C;ECB concertation time 14:15 CET;2019-10-14;11.4185
B;Business;GBP;Pound sterling;NOK;Norwegian krone;SP;Spot;4;false;0;Units;C;ECB concertation time 14:15 CET;2019-10-15;11.5616
B;Business;GBP;Pound sterling;NOK;Norwegian krone;SP;Spot;4;false;0;Units;C;ECB concertation time 14:15 CET;2019-10-16;11.7219
B;Business;GBP;Pound sterling;NOK;Norwegian krone;SP;Spot;4;false;0;Units;C;ECB concertation time 14:15 CET;2019-10-17;11.7371
B;Business;GBP;Pound sterling;NOK;Norwegian krone;SP;Spot;4;false;0;Units;C;ECB concertation time 14:15 CET;2019-10-18;11.8237
B;Business;GBP;Pound sterling;NOK;Norwegian krone;SP;Spot;4;false;0;Units;C;ECB concertation time 14:15 CET;2019-10-21;11.828
B;Business;GBP;Pound sterling;NOK;Norwegian krone;SP;Spot;4;false;0;Units;C;ECB concertation time 14:15 CET;2019-10-22;11.8321
B;Business;GBP;Pound sterling;NOK;Norwegian krone;SP;Spot;4;false;0;Units;C;ECB concertation time 14:15 CET;2019-10-23;11.7784
B;Business;GBP;Pound sterling;NOK;Norwegian krone;SP;Spot;4;false;0;Units;C;ECB concertation time 14:15 CET;2019-10-24;11.7476
B;Business;GBP;Pound sterling;NOK;Norwegian krone;SP;Spot;4;false;0;Units;C;ECB concertation time 14:15 CET;2019-10-25;11.763
B;Business;GBP;Pound sterling;NOK;Norwegian krone;SP;Spot;4;false;0;Units;C;ECB concertation time 14:15 CET;2019-10-28;11.8276
B;Business;GBP;Pound sterling;NOK;Norwegian krone;SP;Spot;4;false;0;Units;C;ECB concertation time 14:15 CET;2019-10-29;11.902
B;Business;GBP;Pound sterling;NOK;Norwegian krone;SP;Spot;4;false;0;Units;C;ECB concertation time 14:15 CET;2019-10-30;11.8896
B;Business;GBP;Pound sterling;NOK;Norwegian krone;SP;Spot;4;false;0;Units;C;ECB concertation time 14:15 CET;2019-10-31;11.9025
B;Business;GBP;Pound sterling;NOK;Norwegian krone;SP;Spot;4;false;0;Units;C;ECB concertation time 14:15 CET;2019-11-01;11.8173
B;Business;GBP;Pound sterling;NOK;Norwegian krone;SP;Spot;4;false;0;Units;C;ECB concertation time 14:15 CET;2019-11-04;11.7715
B;Business;GBP;Pound sterling;NOK;Norwegian krone;SP;Spot;4;false;0;Units;C;ECB concertation time 14:15 CET;2019-11-05;11.7897
B;Business;GBP;Pound sterling;NOK;Norwegian krone;SP;Spot;4;false;0;Units;C;ECB concertation time 14:15 CET;2019-11-06;11.7699
B;Business;GBP;Pound sterling;NOK;Norwegian krone;SP;Spot;4;false;0;Units;C;ECB concertation time 14:15 CET;2019-11-07;11.6512
B;Business;GBP;Pound sterling;NOK;Norwegian krone;SP;Spot;4;false;0;Units;C;ECB concertation time 14:15 CET;2019-11-08;11.7102
B;Business;GBP;Pound sterling;NOK;Norwegian krone;SP;Spot;4;false;0;Units;C;ECB concertation time 14:15 CET;2019-11-11;11.7689
B;Business;GBP;Pound sterling;NOK;Norwegian krone;SP;Spot;4;false;0;Units;C;ECB concertation time 14:15 CET;2019-11-12;11.7453
B;Business;GBP;Pound sterling;NOK;Norwegian krone;SP;Spot;4;false;0;Units;C;ECB concertation time 14:15 CET;2019-11-13;11.8225
B;Business;GBP;Pound sterling;NOK;Norwegian krone;SP;Spot;4;false;0;Units;C;ECB concertation time 14:15 CET;2019-11-14;11.8163
B;Business;GBP;Pound sterling;NOK;Norwegian krone;SP;Spot;4;false;0;Units;C;ECB concertation time 14:15 CET;2019-11-15;11.7143
B;Business;GBP;Pound sterling;NOK;Norwegian krone;SP;Spot;4;false;0;Units;C;ECB concertation time 14:15 CET;2019-11-18;11.82
B;Business;GBP;Pound sterling;NOK;Norwegian krone;SP;Spot;4;false;0;Units;C;ECB concertation time 14:15 CET;2019-11-19;11.7856
B;Business;GBP;Pound sterling;NOK;Norwegian krone;SP;Spot;4;false;0;Units;C;ECB concertation time 14:15 CET;2019-11-20;11.8363
B;Business;GBP;Pound sterling;NOK;Norwegian krone;SP;Spot;4;false;0;Units;C;ECB concertation time 14:15 CET;2019-11-21;11.8083
B;Business;GBP;Pound sterling;NOK;Norwegian krone;SP;Spot;4;false;0;Units;C;ECB concertation time 14:15 CET;2019-11-22;11.7566
B;Business;GBP;Pound sterling;NOK;Norwegian krone;SP;Spot;4;false;0;Units;C;ECB concertation time 14:15 CET;2019-11-25;11.8184
B;Business;GBP;Pound sterling;NOK;Norwegian krone;SP;Spot;4;false;0;Units;C;ECB concertation time 14:15 CET;2019-11-26;11.7795
B;Business;GBP;Pound sterling;NOK;Norwegian krone;SP;Spot;4;false;0;Units;C;ECB concertation time 14:15 CET;2019-11-27;11.8221
B;Business;GBP;Pound sterling;NOK;Norwegian krone;SP;Spot;4;false;0;Units;C;ECB concertation time 14:15 CET;2019-11-28;11.8725
B;Business;GBP;Pound sterling;NOK;Norwegian krone;SP;Spot;4;false;0;Units;C;ECB concertation time 14:15 CET;2019-11-29;11.8563
B;Business;GBP;Pound sterling;NOK;Norwegian krone;SP;Spot;4;false;0;Units;C;ECB concertation time 14:15 CET;2019-12-02;11.8934
B;Business;GBP;Pound sterling;NOK;Norwegian krone;SP;Spot;4;false;0;Units;C;ECB concertation time 14:15 CET;2019-12-03;11.9329
B;Business;GBP;Pound sterling;NOK;Norwegian krone;SP;Spot;4;false;0;Units;C;ECB concertation time 14:15 CET;2019-12-04;12.0226
B;Business;GBP;Pound sterling;NOK;Norwegian krone;SP;Spot;4;false;0;Units;C;ECB concertation time 14:15 CET;2019-12-05;12.0295
B;Business;GBP;Pound sterling;NOK;Norwegian krone;SP;Spot;4;false;0;Units;C;ECB concertation time 14:15 CET;2019-12-06;11.9871
B;Business;GBP;Pound sterling;NOK;Norwegian krone;SP;Spot;4;false;0;Units;C;ECB concertation time 14:15 CET;2019-12-09;12.0242
B;Business;GBP;Pound sterling;NOK;Norwegian krone;SP;Spot;4;false;0;Units;C;ECB concertation time 14:15 CET;2019-12-10;12.1113
B;Business;GBP;Pound sterling;NOK;Norwegian krone;SP;Spot;4;false;0;Units;C;ECB concertation time 14:15 CET;2019-12-11;12.0476
B;Business;GBP;Pound sterling;NOK;Norwegian krone;SP;Spot;4;false;0;Units;C;ECB concertation time 14:15 CET;2019-12-12;11.9856
B;Business;GBP;Pound sterling;NOK;Norwegian krone;SP;Spot;4;false;0;Units;C;ECB concertation time 14:15 CET;2019-12-13;12.0503
B;Business;GBP;Pound sterling;NOK;Norwegian krone;SP;Spot;4;false;0;Units;C;ECB concertation time 14:15 CET;2019-12-16;12.0218
B;Business;GBP;Pound sterling;NOK;Norwegian krone;SP;Spot;4;false;0;Units;C;ECB concertation time 14:15 CET;2019-12-17;11.8762
B;Business;GBP;Pound sterling;NOK;Norwegian krone;SP;Spot;4;false;0;Units;C;ECB concertation time 14:15 CET;2019-12-18;11.7986
B;Business;GBP;Pound sterling;NOK;Norwegian krone;SP;Spot;4;false;0;Units;C;ECB concertation time 14:15 CET;2019-12-19;11.7293
B;Business;GBP;Pound sterling;NOK;Norwegian krone;SP;Spot;4;false;0;Units;C;ECB concertation time 14:15 CET;2019-12-20;11.6832
B;Business;GBP;Pound sterling;NOK;Norwegian krone;SP;Spot;4;false;0;Units;C;ECB concertation time 14:15 CET;2019-12-23;11.566
B;Business;GBP;Pound sterling;NOK;Norwegian krone;SP;Spot;4;false;0;Units;C;ECB concertation time 14:15 CET;2019-12-27;11.5797
B;Business;GBP;Pound sterling;NOK;Norwegian krone;SP;Spot;4;false;0;Units;C;ECB concertation time 14:15 CET;2019-12-30;11.5553
B;Business;GBP;Pound sterling;NOK;Norwegian krone;SP;Spot;4;false;0;Units;C;ECB concertation time 14:15 CET;2019-12-31;11.5936
B;Business;GBP;Pound sterling;NOK;Norwegian krone;SP;Spot;4;false;0;Units;C;ECB concertation time 14:15 CET;2020-01-02;11.6009
B;Business;GBP;Pound sterling;NOK;Norwegian krone;SP;Spot;4;false;0;Units;C;ECB concertation time 14:15 CET;2020-01-03;11.5508
B;Business;GBP;Pound sterling;NOK;Norwegian krone;SP;Spot;4;false;0;Units;C;ECB concertation time 14:15 CET;2020-01-06;11.5576
B;Business;GBP;Pound sterling;NOK;Norwegian krone;SP;Spot;4;false;0;Units;C;ECB concertation time 14:15 CET;2020-01-07;11.569
B;Business;GBP;Pound sterling;NOK;Norwegian krone;SP;Spot;4;false;0;Units;C;ECB concertation time 14:15 CET;2020-01-08;11.6072
B;Business;GBP;Pound sterling;NOK;Norwegian krone;SP;Spot;4;false;0;Units;C;ECB concertation time 14:15 CET;2020-01-09;11.5689
B;Business;GBP;Pound sterling;NOK;Norwegian krone;SP;Spot;4;false;0;Units;C;ECB concertation time 14:15 CET;2020-01-10;11.6431
B;Business;GBP;Pound sterling;NOK;Norwegian krone;SP;Spot;4;false;0;Units;C;ECB concertation time 14:15 CET;2020-01-13;11.5386
B;Business;GBP;Pound sterling;NOK;Norwegian krone;SP;Spot;4;false;0;Units;C;ECB concertation time 14:15 CET;2020-01-14;11.5536
B;Business;GBP;Pound sterling;NOK;Norwegian krone;SP;Spot;4;false;0;Units;C;ECB concertation time 14:15 CET;2020-01-15;11.5332
B;Business;GBP;Pound sterling;NOK;Norwegian krone;SP;Spot;4;false;0;Units;C;ECB concertation time 14:15 CET;2020-01-16;11.5898
B;Business;GBP;Pound sterling;NOK;Norwegian krone;SP;Spot;4;false;0;Units;C;ECB concertation time 14:15 CET;2020-01-17;11.6198
B;Business;GBP;Pound sterling;NOK;Norwegian krone;SP;Spot;4;false;0;Units;C;ECB concertation time 14:15 CET;2020-01-20;11.5878
B;Business;GBP;Pound sterling;NOK;Norwegian krone;SP;Spot;4;false;0;Units;C;ECB concertation time 14:15 CET;2020-01-21;11.6853
B;Business;GBP;Pound sterling;NOK;Norwegian krone;SP;Spot;4;false;0;Units;C;ECB concertation time 14:15 CET;2020-01-22;11.7935
B;Business;GBP;Pound sterling;NOK;Norwegian krone;SP;Spot;4;false;0;Units;C;ECB concertation time 14:15 CET;2020-01-23;11.7965
B;Business;GBP;Pound sterling;NOK;Norwegian krone;SP;Spot;4;false;0;Units;C;ECB concertation time 14:15 CET;2020-01-24;11.7864
B;Business;GBP;Pound sterling;NOK;Norwegian krone;SP;Spot;4;false;0;Units;C;ECB concertation time 14:15 CET;2020-01-27;11.8973
B;Business;GBP;Pound sterling;NOK;Norwegian krone;SP;Spot;4;false;0;Units;C;ECB concertation time 14:15 CET;2020-01-28;11.9095
B;Business;GBP;Pound sterling;NOK;Norwegian krone;SP;Spot;4;false;0;Units;C;ECB concertation time 14:15 CET;2020-01-29;11.8897
B;Business;GBP;Pound sterling;NOK;Norwegian krone;SP;Spot;4;false;0;Units;C;ECB concertation time 14:15 CET;2020-01-30;12.0853
B;Business;GBP;Pound sterling;NOK;Norwegian krone;SP;Spot;4;false;0;Units;C;ECB concertation time 14:15 CET;2020-01-31;12.1049
B;Business;GBP;Pound sterling;NOK;Norwegian krone;SP;Spot;4;false;0;Units;C;ECB concertation time 14:15 CET;2020-02-03;12.1014
B;Business;GBP;Pound sterling;NOK;Norwegian krone;SP;Spot;4;false;0;Units;C;ECB concertation time 14:15 CET;2020-02-04;12.0108
B;Business;GBP;Pound sterling;NOK;Norwegian krone;SP;Spot;4;false;0;Units;C;ECB concertation time 14:15 CET;2020-02-05;11.9811
B;Business;GBP;Pound sterling;NOK;Norwegian krone;SP;Spot;4;false;0;Units;C;ECB concertation time 14:15 CET;2020-02-06;11.9394
B;Business;GBP;Pound sterling;NOK;Norwegian krone;SP;Spot;4;false;0;Units;C;ECB concertation time 14:15 CET;2020-02-07;12.0011
B;Business;GBP;Pound sterling;NOK;Norwegian krone;SP;Spot;4;false;0;Units;C;ECB concertation time 14:15 CET;2020-02-10;11.9568
B;Business;GBP;Pound sterling;NOK;Norwegian krone;SP;Spot;4;false;0;Units;C;ECB concertation time 14:15 CET;2020-02-11;11.9719
B;Business;GBP;Pound sterling;NOK;Norwegian krone;SP;Spot;4;false;0;Units;C;ECB concertation time 14:15 CET;2020-02-12;11.9495
B;Business;GBP;Pound sterling;NOK;Norwegian krone;SP;Spot;4;false;0;Units;C;ECB concertation time 14:15 CET;2020-02-13;12.0438
B;Business;GBP;Pound sterling;NOK;Norwegian krone;SP;Spot;4;false;0;Units;C;ECB concertation time 14:15 CET;2020-02-14;12.0491
B;Business;GBP;Pound sterling;NOK;Norwegian krone;SP;Spot;4;false;0;Units;C;ECB concertation time 14:15 CET;2020-02-17;12.0586
B;Business;GBP;Pound sterling;NOK;Norwegian krone;SP;Spot;4;false;0;Units;C;ECB concertation time 14:15 CET;2020-02-18;12.1568
B;Business;GBP;Pound sterling;NOK;Norwegian krone;SP;Spot;4;false;0;Units;C;ECB concertation time 14:15 CET;2020-02-19;12.0482
B;Business;GBP;Pound sterling;NOK;Norwegian krone;SP;Spot;4;false;0;Units;C;ECB concertation time 14:15 CET;2020-02-20;11.9818
B;Business;GBP;Pound sterling;NOK;Norwegian krone;SP;Spot;4;false;0;Units;C;ECB concertation time 14:15 CET;2020-02-21;12.0792
B;Business;GBP;Pound sterling;NOK;Norwegian krone;SP;Spot;4;false;0;Units;C;ECB concertation time 14:15 CET;2020-02-24;12.0869
B;Business;GBP;Pound sterling;NOK;Norwegian krone;SP;Spot;4;false;0;Units;C;ECB concertation time 14:15 CET;2020-02-25;12.1488
B;Business;GBP;Pound sterling;NOK;Norwegian krone;SP;Spot;4;false;0;Units;C;ECB concertation time 14:15 CET;2020-02-26;12.1346
B;Business;GBP;Pound sterling;NOK;Norwegian krone;SP;Spot;4;false;0;Units;C;ECB concertation time 14:15 CET;2020-02-27;12.1087
B;Business;GBP;Pound sterling;NOK;Norwegian krone;SP;Spot;4;false;0;Units;C;ECB concertation time 14:15 CET;2020-02-28;12.177
B;Business;GBP;Pound sterling;NOK;Norwegian krone;SP;Spot;4;false;0;Units;C;ECB concertation time 14:15 CET;2020-03-02;11.9435
B;Business;GBP;Pound sterling;NOK;Norwegian krone;SP;Spot;4;false;0;Units;C;ECB concertation time 14:15 CET;2020-03-03;11.8754
B;Business;GBP;Pound sterling;NOK;Norwegian krone;SP;Spot;4;false;0;Units;C;ECB concertation time 14:15 CET;2020-03-04;11.8654
B;Business;GBP;Pound sterling;NOK;Norwegian krone;SP;Spot;4;false;0;Units;C;ECB concertation time 14:15 CET;2020-03-05;11.9661
B;Business;GBP;Pound sterling;NOK;Norwegian krone;SP;Spot;4;false;0;Units;C;ECB concertation time 14:15 CET;2020-03-06;12.0442
B;Business;GBP;Pound sterling;NOK;Norwegian krone;SP;Spot;4;false;0;Units;C;ECB concertation time 14:15 CET;2020-03-09;12.4624
B;Business;GBP;Pound sterling;NOK;Norwegian krone;SP;Spot;4;false;0;Units;C;ECB concertation time 14:15 CET;2020-03-10;12.4087
B;Business;GBP;Pound sterling;NOK;Norwegian krone;SP;Spot;4;false;0;Units;C;ECB concertation time 14:15 CET;2020-03-11;12.3797
B;Business;GBP;Pound sterling;NOK;Norwegian krone;SP;Spot;4;false;0;Units;C;ECB concertation time 14:15 CET;2020-03-12;12.8276
B;Business;GBP;Pound sterling;NOK;Norwegian krone;SP;Spot;4;false;0;Units;C;ECB concertation time 14:15 CET;2020-03-13;12.4583
B;Business;GBP;Pound sterling;NOK;Norwegian krone;SP;Spot;4;false;0;Units;C;ECB concertation time 14:15 CET;2020-03-16;12.6229
B;Business;GBP;Pound sterling;NOK;Norwegian krone;SP;Spot;4;false;0;Units;C;ECB concertation time 14:15 CET;2020-03-17;12.6689
B;Business;GBP;Pound sterling;NOK;Norwegian krone;SP;Spot;4;false;0;Units;C;ECB concertation time 14:15 CET;2020-03-18;12.6923
B;Business;GBP;Pound sterling;NOK;Norwegian krone;SP;Spot;4;false;0;Units;C;ECB concertation time 14:15 CET;2020-03-19;13.2457
B;Business;GBP;Pound sterling;NOK;Norwegian krone;SP;Spot;4;false;0;Units;C;ECB concertation time 14:15 CET;2020-03-20;13.3162
B;Business;GBP;Pound sterling;NOK;Norwegian krone;SP;Spot;4;false;0;Units;C;ECB concertation time 14:15 CET;2020-03-23;13.1836
B;Business;GBP;Pound sterling;NOK;Norwegian krone;SP;Spot;4;false;0;Units;C;ECB concertation time 14:15 CET;2020-03-24;13.0016
B;Business;GBP;Pound sterling;NOK;Norwegian krone;SP;Spot;4;false;0;Units;C;ECB concertation time 14:15 CET;2020-03-25;12.8679
B;Business;GBP;Pound sterling;NOK;Norwegian krone;SP;Spot;4;false;0;Units;C;ECB concertation time 14:15 CET;2020-03-26;12.6191
B;Business;GBP;Pound sterling;NOK;Norwegian krone;SP;Spot;4;false;0;Units;C;ECB concertation time 14:15 CET;2020-03-27;12.988
B;Business;GBP;Pound sterling;NOK;Norwegian krone;SP;Spot;4;false;0;Units;C;ECB concertation time 14:15 CET;2020-03-30;13.1483
B;Business;GBP;Pound sterling;NOK;Norwegian krone;SP;Spot;4;false;0;Units;C;ECB concertation time 14:15 CET;2020-03-31;12.9847
B;Business;GBP;Pound sterling;NOK;Norwegian krone;SP;Spot;4;false;0;Units;C;ECB concertation time 14:15 CET;2020-04-01;12.7385
B;Business;GBP;Pound sterling;NOK;Norwegian krone;SP;Spot;4;false;0;Units;C;ECB concertation time 14:15 CET;2020-04-02;12.8046
B;Business;GBP;Pound sterling;NOK;Norwegian krone;SP;Spot;4;false;0;Units;C;ECB concertation time 14:15 CET;2020-04-03;12.8205
B;Business;GBP;Pound sterling;NOK;Norwegian krone;SP;Spot;4;false;0;Units;C;ECB concertation time 14:15 CET;2020-04-06;12.9698
B;Business;GBP;Pound sterling;NOK;Norwegian krone;SP;Spot;4;false;0;Units;C;ECB concertation time 14:15 CET;2020-04-07;12.5941
B;Business;GBP;Pound sterling;NOK;Norwegian krone;SP;Spot;4;false;0;Units;C;ECB concertation time 14:15 CET;2020-04-08;12.728
B;Business;GBP;Pound sterling;NOK;Norwegian krone;SP;Spot;4;false;0;Units;C;ECB concertation time 14:15 CET;2020-04-14;12.9644
B;Business;GBP;Pound sterling;NOK;Norwegian krone;SP;Spot;4;false;0;Units;C;ECB concertation time 14:15 CET;2020-04-15;13.1033
B;Business;GBP;Pound sterling;NOK;Norwegian krone;SP;Spot;4;false;0;Units;C;ECB concertation time 14:15 CET;2020-04-16;13.0956
B;Business;GBP;Pound sterling;NOK;Norwegian krone;SP;Spot;4;false;0;Units;C;ECB concertation time 14:15 CET;2020-04-17;12.974
B;Business;GBP;Pound sterling;NOK;Norwegian krone;SP;Spot;4;false;0;Units;C;ECB concertation time 14:15 CET;2020-04-20;12.9029
B;Business;GBP;Pound sterling;NOK;Norwegian krone;SP;Spot;4;false;0;Units;C;ECB concertation time 14:15 CET;2020-04-21;13.0326
B;Business;GBP;Pound sterling;NOK;Norwegian krone;SP;Spot;4;false;0;Units;C;ECB concertation time 14:15 CET;2020-04-22;13.282
B;Business;GBP;Pound sterling;NOK;Norwegian krone;SP;Spot;4;false;0;Units;C;ECB concertation time 14:15 CET;2020-04-23;13.207
B;Business;GBP;Pound sterling;NOK;Norwegian krone;SP;Spot;4;false;0;Units;C;ECB concertation time 14:15 CET;2020-04-24;13.1186
B;Business;GBP;Pound sterling;NOK;Norwegian krone;SP;Spot;4;false;0;Units;C;ECB concertation time 14:15 CET;2020-04-27;13.1227
B;Business;GBP;Pound sterling;NOK;Norwegian krone;SP;Spot;4;false;0;Units;C;ECB concertation time 14:15 CET;2020-04-28;12.952
B;Business;GBP;Pound sterling;NOK;Norwegian krone;SP;Spot;4;false;0;Units;C;ECB concertation time 14:15 CET;2020-04-29;12.9012
B;Business;GBP;Pound sterling;NOK;Norwegian krone;SP;Spot;4;false;0;Units;C;ECB concertation time 14:15 CET;2020-04-30;12.8692
B;Business;GBP;Pound sterling;NOK;Norwegian krone;SP;Spot;4;false;0;Units;C;ECB concertation time 14:15 CET;2020-05-04;12.8877
B;Business;GBP;Pound sterling;NOK;Norwegian krone;SP;Spot;4;false;0;Units;C;ECB concertation time 14:15 CET;2020-05-05;12.8337
B;Business;GBP;Pound sterling;NOK;Norwegian krone;SP;Spot;4;false;0;Units;C;ECB concertation time 14:15 CET;2020-05-06;12.7102
B;Business;GBP;Pound sterling;NOK;Norwegian krone;SP;Spot;4;false;0;Units;C;ECB concertation time 14:15 CET;2020-05-07;12.6209
B;Business;GBP;Pound sterling;NOK;Norwegian krone;SP;Spot;4;false;0;Units;C;ECB concertation time 14:15 CET;2020-05-08;12.6458
B;Business;GBP;Pound sterling;NOK;Norwegian krone;SP;Spot;4;false;0;Units;C;ECB concertation time 14:15 CET;2020-05-11;12.5701
B;Business;GBP;Pound sterling;NOK;Norwegian krone;SP;Spot;4;false;0;Units;C;ECB concertation time 14:15 CET;2020-05-12;12.5913
B;Business;GBP;Pound sterling;NOK;Norwegian krone;SP;Spot;4;false;0;Units;C;ECB concertation time 14:15 CET;2020-05-13;12.395
B;Business;GBP;Pound sterling;NOK;Norwegian krone;SP;Spot;4;false;0;Units;C;ECB concertation time 14:15 CET;2020-05-14;12.4977
B;Business;GBP;Pound sterling;NOK;Norwegian krone;SP;Spot;4;false;0;Units;C;ECB concertation time 14:15 CET;2020-05-15;12.4601
B;Business;GBP;Pound sterling;NOK;Norwegian krone;SP;Spot;4;false;0;Units;C;ECB concertation time 14:15 CET;2020-05-18;12.3005
B;Business;GBP;Pound sterling;NOK;Norwegian krone;SP;Spot;4;false;0;Units;C;ECB concertation time 14:15 CET;2020-05-19;12.1911
B;Business;GBP;Pound sterling;NOK;Norwegian krone;SP;Spot;4;false;0;Units;C;ECB concertation time 14:15 CET;2020-05-20;12.1718
B;Business;GBP;Pound sterling;NOK;Norwegian krone;SP;Spot;4;false;0;Units;C;ECB concertation time 14:15 CET;2020-05-22;12.1789
B;Business;GBP;Pound sterling;NOK;Norwegian krone;SP;Spot;4;false;0;Units;C;ECB concertation time 14:15 CET;2020-05-25;12.2167
B;Business;GBP;Pound sterling;NOK;Norwegian krone;SP;Spot;4;false;0;Units;C;ECB concertation time 14:15 CET;2020-05-26;12.2576
B;Business;GBP;Pound sterling;NOK;Norwegian krone;SP;Spot;4;false;0;Units;C;ECB concertation time 14:15 CET;2020-05-27;12.0858
B;Business;GBP;Pound sterling;NOK;Norwegian krone;SP;Spot;4;false;0;Units;C;ECB concertation time 14:15 CET;2020-05-28;12.098
B;Business;GBP;Pound sterling;NOK;Norwegian krone;SP;Spot;4;false;0;Units;C;ECB concertation time 14:15 CET;2020-05-29;11.975
B;Business;GBP;Pound sterling;NOK;Norwegian krone;SP;Spot;4;false;0;Units;C;ECB concertation time 14:15 CET;2020-06-02;11.9886
B;Business;GBP;Pound sterling;NOK;Norwegian krone;SP;Spot;4;false;0;Units;C;ECB concertation time 14:15 CET;2020-06-03;11.9887
B;Business;GBP;Pound sterling;NOK;Norwegian krone;SP;Spot;4;false;0;Units;C;ECB concertation time 14:15 CET;2020-06-04;11.8245
B;Business;GBP;Pound sterling;NOK;Norwegian krone;SP;Spot;4;false;0;Units;C;ECB concertation time 14:15 CET;2020-06-05;11.7837
B;Business;GBP;Pound sterling;NOK;Norwegian krone;SP;Spot;4;false;0;Units;C;ECB concertation time 14:15 CET;2020-06-08;11.7303
B;Business;GBP;Pound sterling;NOK;Norwegian krone;SP;Spot;4;false;0;Units;C;ECB concertation time 14:15 CET;2020-06-09;11.8288
B;Business;GBP;Pound sterling;NOK;Norwegian krone;SP;Spot;4;false;0;Units;C;ECB concertation time 14:15 CET;2020-06-10;11.8457
B;Business;GBP;Pound sterling;NOK;Norwegian krone;SP;Spot;4;false;0;Units;C;ECB concertation time 14:15 CET;2020-06-11;11.9556
B;Business;GBP;Pound sterling;NOK;Norwegian krone;SP;Spot;4;false;0;Units;C;ECB concertation time 14:15 CET;2020-06-12;12.0994
B;Business;GBP;Pound sterling;NOK;Norwegian krone;SP;Spot;4;false;0;Units;C;ECB concertation time 14:15 CET;2020-06-15;12.1468
B;Business;GBP;Pound sterling;NOK;Norwegian krone;SP;Spot;4;false;0;Units;C;ECB concertation time 14:15 CET;2020-06-16;12.0162
B;Business;GBP;Pound sterling;NOK;Norwegian krone;SP;Spot;4;false;0;Units;C;ECB concertation time 14:15 CET;2020-06-17;11.9678
B;Business;GBP;Pound sterling;NOK;Norwegian krone;SP;Spot;4;false;0;Units;C;ECB concertation time 14:15 CET;2020-06-18;11.8944
B;Business;GBP;Pound sterling;NOK;Norwegian krone;SP;Spot;4;false;0;Units;C;ECB concertation time 14:15 CET;2020-06-19;11.8375
B;Business;GBP;Pound sterling;NOK;Norwegian krone;SP;Spot;4;false;0;Units;C;ECB concertation time 14:15 CET;2020-06-22;11.9548
B;Business;GBP;Pound sterling;NOK;Norwegian krone;SP;Spot;4;false;0;Units;C;ECB concertation time 14:15 CET;2020-06-23;11.8443
B;Business;GBP;Pound sterling;NOK;Norwegian krone;SP;Spot;4;false;0;Units;C;ECB concertation time 14:15 CET;2020-06-24;11.9498
B;Business;GBP;Pound sterling;NOK;Norwegian krone;SP;Spot;4;false;0;Units;C;ECB concertation time 14:15 CET;2020-06-25;12.0653
B;Business;GBP;Pound sterling;NOK;Norwegian krone;SP;Spot;4;false;0;Units;C;ECB concertation time 14:15 CET;2020-06-26;12.0177
B;Business;GBP;Pound sterling;NOK;Norwegian krone;SP;Spot;4;false;0;Units;C;ECB concertation time 14:15 CET;2020-06-29;11.9088
B;Business;GBP;Pound sterling;NOK;Norwegian krone;SP;Spot;4;false;0;Units;C;ECB concertation time 14:15 CET;2020-06-30;11.9593
B;Business;GBP;Pound sterling;NOK;Norwegian krone;SP;Spot;4;false;0;Units;C;ECB concertation time 14:15 CET;2020-07-01;11.9137
B;Business;GBP;Pound sterling;NOK;Norwegian krone;SP;Spot;4;false;0;Units;C;ECB concertation time 14:15 CET;2020-07-02;11.8452
B;Business;GBP;Pound sterling;NOK;Norwegian krone;SP;Spot;4;false;0;Units;C;ECB concertation time 14:15 CET;2020-07-03;11.8481
B;Business;GBP;Pound sterling;NOK;Norwegian krone;SP;Spot;4;false;0;Units;C;ECB concertation time 14:15 CET;2020-07-06;11.7361
B;Business;GBP;Pound sterling;NOK;Norwegian krone;SP;Spot;4;false;0;Units;C;ECB concertation time 14:15 CET;2020-07-07;11.8057
B;Business;GBP;Pound sterling;NOK;Norwegian krone;SP;Spot;4;false;0;Units;C;ECB concertation time 14:15 CET;2020-07-08;11.8863
B;Business;GBP;Pound sterling;NOK;Norwegian krone;SP;Spot;4;false;0;Units;C;ECB concertation time 14:15 CET;2020-07-09;11.8424
B;Business;GBP;Pound sterling;NOK;Norwegian krone;SP;Spot;4;false;0;Units;C;ECB concertation time 14:15 CET;2020-07-10;11.9642
B;Business;GBP;Pound sterling;NOK;Norwegian krone;SP;Spot;4;false;0;Units;C;ECB concertation time 14:15 CET;2020-07-13;11.8582
B;Business;GBP;Pound sterling;NOK;Norwegian krone;SP;Spot;4;false;0;Units;C;ECB concertation time 14:15 CET;2020-07-14;11.7991
B;Business;GBP;Pound sterling;NOK;Norwegian krone;SP;Spot;4;false;0;Units;C;ECB concertation time 14:15 CET;2020-07-15;11.7379
B;Business;GBP;Pound sterling;NOK;Norwegian krone;SP;Spot;4;false;0;Units;C;ECB concertation time 14:15 CET;2020-07-16;11.6807
B;Business;GBP;Pound sterling;NOK;Norwegian krone;SP;Spot;4;false;0;Units;C;ECB concertation time 14:15 CET;2020-07-17;11.6378
B;Business;GBP;Pound sterling;NOK;Norwegian krone;SP;Spot;4;false;0;Units;C;ECB concertation time 14:15 CET;2020-07-20;11.7096
B;Business;GBP;Pound sterling;NOK;Norwegian krone;SP;Spot;4;false;0;Units;C;ECB concertation time 14:15 CET;2020-07-21;11.6521
B;Business;GBP;Pound sterling;NOK;Norwegian krone;SP;Spot;4;false;0;Units;C;ECB concertation time 14:15 CET;2020-07-22;11.5605
B;Business;GBP;Pound sterling;NOK;Norwegian krone;SP;Spot;4;false;0;Units;C;ECB concertation time 14:15 CET;2020-07-23;11.6314
B;Business;GBP;Pound sterling;NOK;Norwegian krone;SP;Spot;4;false;0;Units;C;ECB concertation time 14:15 CET;2020-07-24;11.755
B;Business;GBP;Pound sterling;NOK;Norwegian krone;SP;Spot;4;false;0;Units;C;ECB concertation time 14:15 CET;2020-07-27;11.6798
B;Business;GBP;Pound sterling;NOK;Norwegian krone;SP;Spot;4;false;0;Units;C;ECB concertation time 14:15 CET;2020-07-28;11.7558
B;Business;GBP;Pound sterling;NOK;Norwegian krone;SP;Spot;4;false;0;Units;C;ECB concertation time 14:15 CET;2020-07-29;11.791
B;Business;GBP;Pound sterling;NOK;Norwegian krone;SP;Spot;4;false;0;Units;C;ECB concertation time 14:15 CET;2020-07-30;11.8772
B;Business;GBP;Pound sterling;NOK;Norwegian krone;SP;Spot;4;false;0;Units;C;ECB concertation time 14:15 CET;2020-07-31;11.9178
B;Business;GBP;Pound sterling;NOK;Norwegian krone;SP;Spot;4;false;0;Units;C;ECB concertation time 14:15 CET;2020-08-03;11.9081
B;Business;GBP;Pound sterling;NOK;Norwegian krone;SP;Spot;4;false;0;Units;C;ECB concertation time 14:15 CET;2020-08-04;11.9077
B;Business;GBP;Pound sterling;NOK;Norwegian krone;SP;Spot;4;false;0;Units;C;ECB concertation time 14:15 CET;2020-08-05;11.808
B;Business;GBP;Pound sterling;NOK;Norwegian krone;SP;Spot;4;false;0;Units;C;ECB concertation time 14:15 CET;2020-08-06;11.8332
B;Business;GBP;Pound sterling;NOK;Norwegian krone;SP;Spot;4;false;0;Units;C;ECB concertation time 14:15 CET;2020-08-07;11.7771
B;Business;GBP;Pound sterling;NOK;Norwegian krone;SP;Spot;4;false;0;Units;C;ECB concertation time 14:15 CET;2020-08-10;11.7897
B;Business;GBP;Pound sterling;NOK;Norwegian krone;SP;Spot;4;false;0;Units;C;ECB concertation time 14:15 CET;2020-08-11;11.7603
B;Business;GBP;Pound sterling;NOK;Norwegian krone;SP;Spot;4;false;0;Units;C;ECB concertation time 14:15 CET;2020-08-12;11.6566
B;Business;GBP;Pound sterling;NOK;Norwegian krone;SP;Spot;4;false;0;Units;C;ECB concertation time 14:15 CET;2020-08-13;11.6349
B;Business;GBP;Pound sterling;NOK;Norwegian krone;SP;Spot;4;false;0;Units;C;ECB concertation time 14:15 CET;2020-08-14;11.689
B;Business;GBP;Pound sterling;NOK;Norwegian krone;SP;Spot;4;false;0;Units;C;ECB concertation time 14:15 CET;2020-08-17;11.5994
B;Business;GBP;Pound sterling;NOK;Norwegian krone;SP;Spot;4;false;0;Units;C;ECB concertation time 14:15 CET;2020-08-18;11.6194
B;Business;GBP;Pound sterling;NOK;Norwegian krone;SP;Spot;4;false;0;Units;C;ECB concertation time 14:15 CET;2020-08-19;11.6725
B;Business;GBP;Pound sterling;NOK;Norwegian krone;SP;Spot;4;false;0;Units;C;ECB concertation time 14:15 CET;2020-08-20;11.7627
B;Business;GBP;Pound sterling;NOK;Norwegian krone;SP;Spot;4;false;0;Units;C;ECB concertation time 14:15 CET;2020-08-21;11.8002
B;Business;GBP;Pound sterling;NOK;Norwegian krone;SP;Spot;4;false;0;Units;C;ECB concertation time 14:15 CET;2020-08-24;11.7758
B;Business;GBP;Pound sterling;NOK;Norwegian krone;SP;Spot;4;false;0;Units;C;ECB concertation time 14:15 CET;2020-08-25;11.7503
B;Business;GBP;Pound sterling;NOK;Norwegian krone;SP;Spot;4;false;0;Units;C;ECB concertation time 14:15 CET;2020-08-26;11.7742
B;Business;GBP;Pound sterling;NOK;Norwegian krone;SP;Spot;4;false;0;Units;C;ECB concertation time 14:15 CET;2020-08-27;11.7511
B;Business;GBP;Pound sterling;NOK;Norwegian krone;SP;Spot;4;false;0;Units;C;ECB concertation time 14:15 CET;2020-08-28;11.7025
B;Business;GBP;Pound sterling;NOK;Norwegian krone;SP;Spot;4;false;0;Units;C;ECB concertation time 14:15 CET;2020-08-31;11.6679
B;Business;GBP;Pound sterling;NOK;Norwegian krone;SP;Spot;4;false;0;Units;C;ECB concertation time 14:15 CET;2020-09-01;11.7312
B;Business;GBP;Pound sterling;NOK;Norwegian krone;SP;Spot;4;false;0;Units;C;ECB concertation time 14:15 CET;2020-09-02;11.7132
B;Business;GBP;Pound sterling;NOK;Norwegian krone;SP;Spot;4;false;0;Units;C;ECB concertation time 14:15 CET;2020-09-03;11.8152
B;Business;GBP;Pound sterling;NOK;Norwegian krone;SP;Spot;4;false;0;Units;C;ECB concertation time 14:15 CET;2020-09-04;11.8408
B;Business;GBP;Pound sterling;NOK;Norwegian krone;SP;Spot;4;false;0;Units;C;ECB concertation time 14:15 CET;2020-09-07;11.7385
B;Business;GBP;Pound sterling;NOK;Norwegian krone;SP;Spot;4;false;0;Units;C;ECB concertation time 14:15 CET;2020-09-08;11.7976
B;Business;GBP;Pound sterling;NOK;Norwegian krone;SP;Spot;4;false;0;Units;C;ECB concertation time 14:15 CET;2020-09-09;11.7472
B;Business;GBP;Pound sterling;NOK;Norwegian krone;SP;Spot;4;false;0;Units;C;ECB concertation time 14:15 CET;2020-09-10;11.6683
B;Business;GBP;Pound sterling;NOK;Norwegian krone;SP;Spot;4;false;0;Units;C;ECB concertation time 14:15 CET;2020-09-11;11.5821
B;Business;GBP;Pound sterling;NOK;Norwegian krone;SP;Spot;4;false;0;Units;C;ECB concertation time 14:15 CET;2020-09-14;11.5992
B;Business;GBP;Pound sterling;NOK;Norwegian krone;SP;Spot;4;false;0;Units;C;ECB concertation time 14:15 CET;2020-09-15;11.6144
B;Business;GBP;Pound sterling;NOK;Norwegian krone;SP;Spot;4;false;0;Units;C;ECB concertation time 14:15 CET;2020-09-16;11.661
B;Business;GBP;Pound sterling;NOK;Norwegian krone;SP;Spot;4;false;0;Units;C;ECB concertation time 14:15 CET;2020-09-17;11.7162
B;Business;GBP;Pound sterling;NOK;Norwegian krone;SP;Spot;4;false;0;Units;C;ECB concertation time 14:15 CET;2020-09-18;11.7762
B;Business;GBP;Pound sterling;NOK;Norwegian krone;SP;Spot;4;false;0;Units;C;ECB concertation time 14:15 CET;2020-09-21;11.8811
B;Business;GBP;Pound sterling;NOK;Norwegian krone;SP;Spot;4;false;0;Units;C;ECB concertation time 14:15 CET;2020-09-22;11.9386
B;Business;GBP;Pound sterling;NOK;Norwegian krone;SP;Spot;4;false;0;Units;C;ECB concertation time 14:15 CET;2020-09-23;11.9647
B;Business;GBP;Pound sterling;NOK;Norwegian krone;SP;Spot;4;false;0;Units;C;ECB concertation time 14:15 CET;2020-09-24;12.1698
B;Business;GBP;Pound sterling;NOK;Norwegian krone;SP;Spot;4;false;0;Units;C;ECB concertation time 14:15 CET;2020-09-25;12.2007
B;Business;GBP;Pound sterling;NOK;Norwegian krone;SP;Spot;4;false;0;Units;C;ECB concertation time 14:15 CET;2020-09-28;12.2177
B;Business;GBP;Pound sterling;NOK;Norwegian krone;SP;Spot;4;false;0;Units;C;ECB concertation time 14:15 CET;2020-09-29;12.1525
B;Business;GBP;Pound sterling;NOK;Norwegian krone;SP;Spot;4;false;0;Units;C;ECB concertation time 14:15 CET;2020-09-30;12.1673
B;Business;GBP;Pound sterling;NOK;Norwegian krone;SP;Spot;4;false;0;Units;C;ECB concertation time 14:15 CET;2020-10-01;12.0226
B;Business;GBP;Pound sterling;NOK;Norwegian krone;SP;Spot;4;false;0;Units;C;ECB concertation time 14:15 CET;2020-10-02;12.0256
B;Business;GBP;Pound sterling;NOK;Norwegian krone;SP;Spot;4;false;0;Units;C;ECB concertation time 14:15 CET;2020-10-05;11.9871
B;Business;GBP;Pound sterling;NOK;Norwegian krone;SP;Spot;4;false;0;Units;C;ECB concertation time 14:15 CET;2020-10-06;11.9268
B;Business;GBP;Pound sterling;NOK;Norwegian krone;SP;Spot;4;false;0;Units;C;ECB concertation time 14:15 CET;2020-10-07;11.9581
B;Business;GBP;Pound sterling;NOK;Norwegian krone;SP;Spot;4;false;0;Units;C;ECB concertation time 14:15 CET;2020-10-08;11.9776
B;Business;GBP;Pound sterling;NOK;Norwegian krone;SP;Spot;4;false;0;Units;C;ECB concertation time 14:15 CET;2020-10-09;11.9147
B;Business;GBP;Pound sterling;NOK;Norwegian krone;SP;Spot;4;false;0;Units;C;ECB concertation time 14:15 CET;2020-10-12;11.9125
B;Business;GBP;Pound sterling;NOK;Norwegian krone;SP;Spot;4;false;0;Units;C;ECB concertation time 14:15 CET;2020-10-13;11.9132
B;Business;GBP;Pound sterling;NOK;Norwegian krone;SP;Spot;4;false;0;Units;C;ECB concertation time 14:15 CET;2020-10-14;11.9717
B;Business;GBP;Pound sterling;NOK;Norwegian krone;SP;Spot;4;false;0;Units;C;ECB concertation time 14:15 CET;2020-10-15;12.1144
B;Business;GBP;Pound sterling;NOK;Norwegian krone;SP;Spot;4;false;0;Units;C;ECB concertation time 14:15 CET;2020-10-16;12.0519
B;Business;GBP;Pound sterling;NOK;Norwegian krone;SP;Spot;4;false;0;Units;C;ECB concertation time 14:15 CET;2020-10-19;12.0844
B;Business;GBP;Pound sterling;NOK;Norwegian krone;SP;Spot;4;false;0;Units;C;ECB concertation time 14:15 CET;2020-10-20;12.0113
B;Business;GBP;Pound sterling;NOK;Norwegian krone;SP;Spot;4;false;0;Units;C;ECB concertation time 14:15 CET;2020-10-21;12.0452
B;Business;GBP;Pound sterling;NOK;Norwegian krone;SP;Spot;4;false;0;Units;C;ECB concertation time 14:15 CET;2020-10-22;12.1105
B;Business;GBP;Pound sterling;NOK;Norwegian krone;SP;Spot;4;false;0;Units;C;ECB concertation time 14:15 CET;2020-10-23;12.0406
B;Business;GBP;Pound sterling;NOK;Norwegian krone;SP;Spot;4;false;0;Units;C;ECB concertation time 14:15 CET;2020-10-26;12.0616
B;Business;GBP;Pound sterling;NOK;Norwegian krone;SP;Spot;4;false;0;Units;C;ECB concertation time 14:15 CET;2020-10-27;11.9489
B;Business;GBP;Pound sterling;NOK;Norwegian krone;SP;Spot;4;false;0;Units;C;ECB concertation time 14:15 CET;2020-10-28;12.0991
B;Business;GBP;Pound sterling;NOK;Norwegian krone;SP;Spot;4;false;0;Units;C;ECB concertation time 14:15 CET;2020-10-29;12.3294
B;Business;GBP;Pound sterling;NOK;Norwegian krone;SP;Spot;4;false;0;Units;C;ECB concertation time 14:15 CET;2020-10-30;12.2982
B;Business;GBP;Pound sterling;NOK;Norwegian krone;SP;Spot;4;false;0;Units;C;ECB concertation time 14:15 CET;2020-11-02;12.3403
B;Business;GBP;Pound sterling;NOK;Norwegian krone;SP;Spot;4;false;0;Units;C;ECB concertation time 14:15 CET;2020-11-03;12.228
B;Business;GBP;Pound sterling;NOK;Norwegian krone;SP;Spot;4;false;0;Units;C;ECB concertation time 14:15 CET;2020-11-04;12.1821
B;Business;GBP;Pound sterling;NOK;Norwegian krone;SP;Spot;4;false;0;Units;C;ECB concertation time 14:15 CET;2020-11-05;11.9956
B;Business;GBP;Pound sterling;NOK;Norwegian krone;SP;Spot;4;false;0;Units;C;ECB concertation time 14:15 CET;2020-11-06;12.076
B;Business;GBP;Pound sterling;NOK;Norwegian krone;SP;Spot;4;false;0;Units;C;ECB concertation time 14:15 CET;2020-11-09;11.8706
B;Business;GBP;Pound sterling;NOK;Norwegian krone;SP;Spot;4;false;0;Units;C;ECB concertation time 14:15 CET;2020-11-10;11.955
B;Business;GBP;Pound sterling;NOK;Norwegian krone;SP;Spot;4;false;0;Units;C;ECB concertation time 14:15 CET;2020-11-11;12.0057
B;Business;GBP;Pound sterling;NOK;Norwegian krone;SP;Spot;4;false;0;Units;C;ECB concertation time 14:15 CET;2020-11-12;11.9933
B;Business;GBP;Pound sterling;NOK;Norwegian krone;SP;Spot;4;false;0;Units;C;ECB concertation time 14:15 CET;2020-11-13;12.0561
B;Business;GBP;Pound sterling;NOK;Norwegian krone;SP;Spot;4;false;0;Units;C;ECB concertation time 14:15 CET;2020-11-16;11.9474
B;Business;GBP;Pound sterling;NOK;Norwegian krone;SP;Spot;4;false;0;Units;C;ECB concertation time 14:15 CET;2020-11-17;12.0202
B;Business;GBP;Pound sterling;NOK;Norwegian krone;SP;Spot;4;false;0;Units;C;ECB concertation time 14:15 CET;2020-11-18;11.9852
B;Business;GBP;Pound sterling;NOK;Norwegian krone;SP;Spot;4;false;0;Units;C;ECB concertation time 14:15 CET;2020-11-19;11.9604
B;Business;GBP;Pound sterling;NOK;Norwegian krone;SP;Spot;4;false;0;Units;C;ECB concertation time 14:15 CET;2020-11-20;11.9263
B;Business;GBP;Pound sterling;NOK;Norwegian krone;SP;Spot;4;false;0;Units;C;ECB concertation time 14:15 CET;2020-11-23;12.0267
B;Business;GBP;Pound sterling;NOK;Norwegian krone;SP;Spot;4;false;0;Units;C;ECB concertation time 14:15 CET;2020-11-24;11.9948
B;Business;GBP;Pound sterling;NOK;Norwegian krone;SP;Spot;4;false;0;Units;C;ECB concertation time 14:15 CET;2020-11-25;11.8354
B;Business;GBP;Pound sterling;NOK;Norwegian krone;SP;Spot;4;false;0;Units;C;ECB concertation time 14:15 CET;2020-11-26;11.8598
B;Business;GBP;Pound sterling;NOK;Norwegian krone;SP;Spot;4;false;0;Units;C;ECB concertation time 14:15 CET;2020-11-27;11.8099
B;Business;GBP;Pound sterling;NOK;Norwegian krone;SP;Spot;4;false;0;Units;C;ECB concertation time 14:15 CET;2020-11-30;11.7547
B;Business;GBP;Pound sterling;NOK;Norwegian krone;SP;Spot;4;false;0;Units;C;ECB concertation time 14:15 CET;2020-12-01;11.8074
B;Business;GBP;Pound sterling;NOK;Norwegian krone;SP;Spot;4;false;0;Units;C;ECB concertation time 14:15 CET;2020-12-02;11.8248
B;Business;GBP;Pound sterling;NOK;Norwegian krone;SP;Spot;4;false;0;Units;C;ECB concertation time 14:15 CET;2020-12-03;11.8495
B;Business;GBP;Pound sterling;NOK;Norwegian krone;SP;Spot;4;false;0;Units;C;ECB concertation time 14:15 CET;2020-12-04;11.8072
B;Business;GBP;Pound sterling;NOK;Norwegian krone;SP;Spot;4;false;0;Units;C;ECB concertation time 14:15 CET;2020-12-07;11.6569
B;Business;GBP;Pound sterling;NOK;Norwegian krone;SP;Spot;4;false;0;Units;C;ECB concertation time 14:15 CET;2020-12-08;11.6611
B;Business;GBP;Pound sterling;NOK;Norwegian krone;SP;Spot;4;false;0;Units;C;ECB concertation time 14:15 CET;2020-12-09;11.7514
B;Business;GBP;Pound sterling;NOK;Norwegian krone;SP;Spot;4;false;0;Units;C;ECB concertation time 14:15 CET;2020-12-10;11.7453
B;Business;GBP;Pound sterling;NOK;Norwegian krone;SP;Spot;4;false;0;Units;C;ECB concertation time 14:15 CET;2020-12-11;11.5899
B;Business;GBP;Pound sterling;NOK;Norwegian krone;SP;Spot;4;false;0;Units;C;ECB concertation time 14:15 CET;2020-12-14;11.6685
B;Business;GBP;Pound sterling;NOK;Norwegian krone;SP;Spot;4;false;0;Units;C;ECB concertation time 14:15 CET;2020-12-15;11.6901
B;Business;GBP;Pound sterling;NOK;Norwegian krone;SP;Spot;4;false;0;Units;C;ECB concertation time 14:15 CET;2020-12-16;11.7608
B;Business;GBP;Pound sterling;NOK;Norwegian krone;SP;Spot;4;false;0;Units;C;ECB concertation time 14:15 CET;2020-12-17;11.6619
B;Business;GBP;Pound sterling;NOK;Norwegian krone;SP;Spot;4;false;0;Units;C;ECB concertation time 14:15 CET;2020-12-18;11.5783
B;Business;GBP;Pound sterling;NOK;Norwegian krone;SP;Spot;4;false;0;Units;C;ECB concertation time 14:15 CET;2020-12-21;11.6273
B;Business;GBP;Pound sterling;NOK;Norwegian krone;SP;Spot;4;false;0;Units;C;ECB concertation time 14:15 CET;2020-12-22;11.6226
B;Business;GBP;Pound sterling;NOK;Norwegian krone;SP;Spot;4;false;0;Units;C;ECB concertation time 14:15 CET;2020-12-23;11.7131
B;Business;GBP;Pound sterling;NOK;Norwegian krone;SP;Spot;4;false;0;Units;C;ECB concertation time 14:15 CET;2020-12-28;11.6929
B;Business;GBP;Pound sterling;NOK;Norwegian krone;SP;Spot;4;false;0;Units;C;ECB concertation time 14:15 CET;2020-12-29;11.6109
B;Business;GBP;Pound sterling;NOK;Norwegian krone;SP;Spot;4;false;0;Units;C;ECB concertation time 14:15 CET;2020-12-30;11.6791
B;Business;GBP;Pound sterling;NOK;Norwegian krone;SP;Spot;4;false;0;Units;C;ECB concertation time 14:15 CET;2020-12-31;11.6462
B;Business;GBP;Pound sterling;NOK;Norwegian krone;SP;Spot;4;false;0;Units;C;ECB concertation time 14:15 CET;2021-01-04;11.5839
B;Business;GBP;Pound sterling;NOK;Norwegian krone;SP;Spot;4;false;0;Units;C;ECB concertation time 14:15 CET;2021-01-05;11.5919
B;Business;GBP;Pound sterling;NOK;Norwegian krone;SP;Spot;4;false;0;Units;C;ECB concertation time 14:15 CET;2021-01-06;11.4536
B;Business;GBP;Pound sterling;NOK;Norwegian krone;SP;Spot;4;false;0;Units;C;ECB concertation time 14:15 CET;2021-01-07;11.4686
B;Business;GBP;Pound sterling;NOK;Norwegian krone;SP;Spot;4;false;0;Units;C;ECB concertation time 14:15 CET;2021-01-08;11.413
B;Business;GBP;Pound sterling;NOK;Norwegian krone;SP;Spot;4;false;0;Units;C;ECB concertation time 14:15 CET;2021-01-11;11.49
B;Business;GBP;Pound sterling;NOK;Norwegian krone;SP;Spot;4;false;0;Units;C;ECB concertation time 14:15 CET;2021-01-12;11.6016
B;Business;GBP;Pound sterling;NOK;Norwegian krone;SP;Spot;4;false;0;Units;C;ECB concertation time 14:15 CET;2021-01-13;11.6191
B;Business;GBP;Pound sterling;NOK;Norwegian krone;SP;Spot;4;false;0;Units;C;ECB concertation time 14:15 CET;2021-01-14;11.5926
B;Business;GBP;Pound sterling;NOK;Norwegian krone;SP;Spot;4;false;0;Units;C;ECB concertation time 14:15 CET;2021-01-15;11.5885
B;Business;GBP;Pound sterling;NOK;Norwegian krone;SP;Spot;4;false;0;Units;C;ECB concertation time 14:15 CET;2021-01-18;11.6599
B;Business;GBP;Pound sterling;NOK;Norwegian krone;SP;Spot;4;false;0;Units;C;ECB concertation time 14:15 CET;2021-01-19;11.6075
B;Business;GBP;Pound sterling;NOK;Norwegian krone;SP;Spot;4;false;0;Units;C;ECB concertation time 14:15 CET;2021-01-20;11.6561
B;Business;GBP;Pound sterling;NOK;Norwegian krone;SP;Spot;4;false;0;Units;C;ECB concertation time 14:15 CET;2021-01-21;11.5671
B;Business;GBP;Pound sterling;NOK;Norwegian krone;SP;Spot;4;false;0;Units;C;ECB concertation time 14:15 CET;2021-01-22;11.6018
B;Business;GBP;Pound sterling;NOK;Norwegian krone;SP;Spot;4;false;0;Units;C;ECB concertation time 14:15 CET;2021-01-25;11.6529
B;Business;GBP;Pound sterling;NOK;Norwegian krone;SP;Spot;4;false;0;Units;C;ECB concertation time 14:15 CET;2021-01-26;11.7109
B;Business;GBP;Pound sterling;NOK;Norwegian krone;SP;Spot;4;false;0;Units;C;ECB concertation time 14:15 CET;2021-01-27;11.8282
B;Business;GBP;Pound sterling;NOK;Norwegian krone;SP;Spot;4;false;0;Units;C;ECB concertation time 14:15 CET;2021-01-28;11.8738
B;Business;GBP;Pound sterling;NOK;Norwegian krone;SP;Spot;4;false;0;Units;C;ECB concertation time 14:15 CET;2021-01-29;11.7025
B;Business;GBP;Pound sterling;NOK;Norwegian krone;SP;Spot;4;false;0;Units;C;ECB concertation time 14:15 CET;2021-02-01;11.7789
B;Business;GBP;Pound sterling;NOK;Norwegian krone;SP;Spot;4;false;0;Units;C;ECB concertation time 14:15 CET;2021-02-02;11.7471
B;Business;GBP;Pound sterling;NOK;Norwegian krone;SP;Spot;4;false;0;Units;C;ECB concertation time 14:15 CET;2021-02-03;11.7466
B;Business;GBP;Pound sterling;NOK;Norwegian krone;SP;Spot;4;false;0;Units;C;ECB concertation time 14:15 CET;2021-02-04;11.7889
B;Business;GBP;Pound sterling;NOK;Norwegian krone;SP;Spot;4;false;0;Units;C;ECB concertation time 14:15 CET;2021-02-05;11.7741
B;Business;GBP;Pound sterling;NOK;Norwegian krone;SP;Spot;4;false;0;Units;C;ECB concertation time 14:15 CET;2021-02-08;11.6955
B;Business;GBP;Pound sterling;NOK;Norwegian krone;SP;Spot;4;false;0;Units;C;ECB concertation time 14:15 CET;2021-02-09;11.6806
B;Business;GBP;Pound sterling;NOK;Norwegian krone;SP;Spot;4;false;0;Units;C;ECB concertation time 14:15 CET;2021-02-10;11.6691
B;Business;GBP;Pound sterling;NOK;Norwegian krone;SP;Spot;4;false;0;Units;C;ECB concertation time 14:15 CET;2021-02-11;11.6911
B;Business;GBP;Pound sterling;NOK;Norwegian krone;SP;Spot;4;false;0;Units;C;ECB concertation time 14:15 CET;2021-02-12;11.7204
B;Business;GBP;Pound sterling;NOK;Norwegian krone;SP;Spot;4;false;0;Units;C;ECB concertation time 14:15 CET;2021-02-15;11.6897
B;Business;GBP;Pound sterling;NOK;Norwegian krone;SP;Spot;4;false;0;Units;C;ECB concertation time 14:15 CET;2021-02-16;11.6723
B;Business;GBP;Pound sterling;NOK;Norwegian krone;SP;Spot;4;false;0;Units;C;ECB concertation time 14:15 CET;2021-02-17;11.7425
B;Business;GBP;Pound sterling;NOK;Norwegian krone;SP;Spot;4;false;0;Units;C;ECB concertation time 14:15 CET;2021-02-18;11.807
B;Business;GBP;Pound sterling;NOK;Norwegian krone;SP;Spot;4;false;0;Units;C;ECB concertation time 14:15 CET;2021-02-19;11.8018
B;Business;GBP;Pound sterling;NOK;Norwegian krone;SP;Spot;4;false;0;Units;C;ECB concertation time 14:15 CET;2021-02-22;11.9248
B;Business;GBP;Pound sterling;NOK;Norwegian krone;SP;Spot;4;false;0;Units;C;ECB concertation time 14:15 CET;2021-02-23;11.956
B;Business;GBP;Pound sterling;NOK;Norwegian krone;SP;Spot;4;false;0;Units;C;ECB concertation time 14:15 CET;2021-02-24;11.9125
B;Business;GBP;Pound sterling;NOK;Norwegian krone;SP;Spot;4;false;0;Units;C;ECB concertation time 14:15 CET;2021-02-25;11.8363
B;Business;GBP;Pound sterling;NOK;Norwegian krone;SP;Spot;4;false;0;Units;C;ECB concertation time 14:15 CET;2021-02-26;11.9481
B;Business;GBP;Pound sterling;NOK;Norwegian krone;SP;Spot;4;false;0;Units;C;ECB concertation time 14:15 CET;2021-03-01;11.9689
B;Business;GBP;Pound sterling;NOK;Norwegian krone;SP;Spot;4;false;0;Units;C;ECB concertation time 14:15 CET;2021-03-02;11.8653
B;Business;GBP;Pound sterling;NOK;Norwegian krone;SP;Spot;4;false;0;Units;C;ECB concertation time 14:15 CET;2021-03-03;11.8645
B;Business;GBP;Pound sterling;NOK;Norwegian krone;SP;Spot;4;false;0;Units;C;ECB concertation time 14:15 CET;2021-03-04;11.8923
B;Business;GBP;Pound sterling;NOK;Norwegian krone;SP;Spot;4;false;0;Units;C;ECB concertation time 14:15 CET;2021-03-05;11.832
B;Business;GBP;Pound sterling;NOK;Norwegian krone;SP;Spot;4;false;0;Units;C;ECB concertation time 14:15 CET;2021-03-08;11.873
B;Business;GBP;Pound sterling;NOK;Norwegian krone;SP;Spot;4;false;0;Units;C;ECB concertation time 14:15 CET;2021-03-09;11.7658
B;Business;GBP;Pound sterling;NOK;Norwegian krone;SP;Spot;4;false;0;Units;C;ECB concertation time 14:15 CET;2021-03-10;11.7697
B;Business;GBP;Pound sterling;NOK;Norwegian krone;SP;Spot;4;false;0;Units;C;ECB concertation time 14:15 CET;2021-03-11;11.7789
B;Business;GBP;Pound sterling;NOK;Norwegian krone;SP;Spot;4;false;0;Units;C;ECB concertation time 14:15 CET;2021-03-12;11.7508
B;Business;GBP;Pound sterling;NOK;Norwegian krone;SP;Spot;4;false;0;Units;C;ECB concertation time 14:15 CET;2021-03-15;11.788
B;Business;GBP;Pound sterling;NOK;Norwegian krone;SP;Spot;4;false;0;Units;C;ECB concertation time 14:15 CET;2021-03-16;11.755
B;Business;GBP;Pound sterling;NOK;Norwegian krone;SP;Spot;4;false;0;Units;C;ECB concertation time 14:15 CET;2021-03-17;11.8146
B;Business;GBP;Pound sterling;NOK;Norwegian krone;SP;Spot;4;false;0;Units;C;ECB concertation time 14:15 CET;2021-03-18;11.8093
B;Business;GBP;Pound sterling;NOK;Norwegian krone;SP;Spot;4;false;0;Units;C;ECB concertation time 14:15 CET;2021-03-19;11.8953
B;Business;GBP;Pound sterling;NOK;Norwegian krone;SP;Spot;4;false;0;Units;C;ECB concertation time 14:15 CET;2021-03-22;11.758
B;Business;GBP;Pound sterling;NOK;Norwegian krone;SP;Spot;4;false;0;Units;C;ECB concertation time 14:15 CET;2021-03-23;11.808
B;Business;GBP;Pound sterling;NOK;Norwegian krone;SP;Spot;4;false;0;Units;C;ECB concertation time 14:15 CET;2021-03-24;11.7754
B;Business;GBP;Pound sterling;NOK;Norwegian krone;SP;Spot;4;false;0;Units;C;ECB concertation time 14:15 CET;2021-03-25;11.8108
B;Business;GBP;Pound sterling;NOK;Norwegian krone;SP;Spot;4;false;0;Units;C;ECB concertation time 14:15 CET;2021-03-26;11.8426
B;Business;GBP;Pound sterling;NOK;Norwegian krone;SP;Spot;4;false;0;Units;C;ECB concertation time 14:15 CET;2021-03-29;11.8348
B;Business;GBP;Pound sterling;NOK;Norwegian krone;SP;Spot;4;false;0;Units;C;ECB concertation time 14:15 CET;2021-03-30;11.7844
B;Business;GBP;Pound sterling;NOK;Norwegian krone;SP;Spot;4;false;0;Units;C;ECB concertation time 14:15 CET;2021-03-31;11.7306
B;Business;GBP;Pound sterling;NOK;Norwegian krone;SP;Spot;4;false;0;Units;C;ECB concertation time 14:15 CET;2021-04-06;11.8053
B;Business;GBP;Pound sterling;NOK;Norwegian krone;SP;Spot;4;false;0;Units;C;ECB concertation time 14:15 CET;2021-04-07;11.6813
B;Business;GBP;Pound sterling;NOK;Norwegian krone;SP;Spot;4;false;0;Units;C;ECB concertation time 14:15 CET;2021-04-08;11.6792
B;Business;GBP;Pound sterling;NOK;Norwegian krone;SP;Spot;4;false;0;Units;C;ECB concertation time 14:15 CET;2021-04-09;11.67
B;Business;GBP;Pound sterling;NOK;Norwegian krone;SP;Spot;4;false;0;Units;C;ECB concertation time 14:15 CET;2021-04-12;11.6669
B;Business;GBP;Pound sterling;NOK;Norwegian krone;SP;Spot;4;false;0;Units;C;ECB concertation time 14:15 CET;2021-04-13;11.7275
B;Business;GBP;Pound sterling;NOK;Norwegian krone;SP;Spot;4;false;0;Units;C;ECB concertation time 14:15 CET;2021-04-14;11.5908
B;Business;GBP;Pound sterling;NOK;Norwegian krone;SP;Spot;4;false;0;Units;C;ECB concertation time 14:15 CET;2021-04-15;11.5769
B;Business;GBP;Pound sterling;NOK;Norwegian krone;SP;Spot;4;false;0;Units;C;ECB concertation time 14:15 CET;2021-04-16;11.5424
B;Business;GBP;Pound sterling;NOK;Norwegian krone;SP;Spot;4;false;0;Units;C;ECB concertation time 14:15 CET;2021-04-19;11.5492
B;Business;GBP;Pound sterling;NOK;Norwegian krone;SP;Spot;4;false;0;Units;C;ECB concertation time 14:15 CET;2021-04-20;11.5841
B;Business;GBP;Pound sterling;NOK;Norwegian krone;SP;Spot;4;false;0;Units;C;ECB concertation time 14:15 CET;2021-04-21;11.6432
B;Business;GBP;Pound sterling;NOK;Norwegian krone;SP;Spot;4;false;0;Units;C;ECB concertation time 14:15 CET;2021-04-22;11.5681
B;Business;GBP;Pound sterling;NOK;Norwegian krone;SP;Spot;4;false;0;Units;C;ECB concertation time 14:15 CET;2021-04-23;11.5563
B;Business;GBP;Pound sterling;NOK;Norwegian krone;SP;Spot;4;false;0;Units;C;ECB concertation time 14:15 CET;2021-04-26;11.5387
B;Business;GBP;Pound sterling;NOK;Norwegian krone;SP;Spot;4;false;0;Units;C;ECB concertation time 14:15 CET;2021-04-27;11.5165
B;Business;GBP;Pound sterling;NOK;Norwegian krone;SP;Spot;4;false;0;Units;C;ECB concertation time 14:15 CET;2021-04-28;11.4723
B;Business;GBP;Pound sterling;NOK;Norwegian krone;SP;Spot;4;false;0;Units;C;ECB concertation time 14:15 CET;2021-04-29;11.4078
B;Business;GBP;Pound sterling;NOK;Norwegian krone;SP;Spot;4;false;0;Units;C;ECB concertation time 14:15 CET;2021-04-30;11.4586
B;Business;GBP;Pound sterling;NOK;Norwegian krone;SP;Spot;4;false;0;Units;C;ECB concertation time 14:15 CET;2021-05-03;11.5341
B;Business;GBP;Pound sterling;NOK;Norwegian krone;SP;Spot;4;false;0;Units;C;ECB concertation time 14:15 CET;2021-05-04;11.5389
B;Business;GBP;Pound sterling;NOK;Norwegian krone;SP;Spot;4;false;0;Units;C;ECB concertation time 14:15 CET;2021-05-05;11.5734
B;Business;GBP;Pound sterling;NOK;Norwegian krone;SP;Spot;4;false;0;Units;C;ECB concertation time 14:15 CET;2021-05-06;11.5973
B;Business;GBP;Pound sterling;NOK;Norwegian krone;SP;Spot;4;false;0;Units;C;ECB concertation time 14:15 CET;2021-05-07;11.5338
B;Business;GBP;Pound sterling;NOK;Norwegian krone;SP;Spot;4;false;0;Units;C;ECB concertation time 14:15 CET;2021-05-10;11.6025
B;Business;GBP;Pound sterling;NOK;Norwegian krone;SP;Spot;4;false;0;Units;C;ECB concertation time 14:15 CET;2021-05-11;11.6634
B;Business;GBP;Pound sterling;NOK;Norwegian krone;SP;Spot;4;false;0;Units;C;ECB concertation time 14:15 CET;2021-05-12;11.6859
B;Business;GBP;Pound sterling;NOK;Norwegian krone;SP;Spot;4;false;0;Units;C;ECB concertation time 14:15 CET;2021-05-14;11.6253
B;Business;GBP;Pound sterling;NOK;Norwegian krone;SP;Spot;4;false;0;Units;C;ECB concertation time 14:15 CET;2021-05-18;11.6427
B;Business;GBP;Pound sterling;NOK;Norwegian krone;SP;Spot;4;false;0;Units;C;ECB concertation time 14:15 CET;2021-05-19;11.7192
B;Business;GBP;Pound sterling;NOK;Norwegian krone;SP;Spot;4;false;0;Units;C;ECB concertation time 14:15 CET;2021-05-20;11.7795
B;Business;GBP;Pound sterling;NOK;Norwegian krone;SP;Spot;4;false;0;Units;C;ECB concertation time 14:15 CET;2021-05-21;11.8109
B;Business;GBP;Pound sterling;NOK;Norwegian krone;SP;Spot;4;false;0;Units;C;ECB concertation time 14:15 CET;2021-05-25;11.7779
B;Business;GBP;Pound sterling;NOK;Norwegian krone;SP;Spot;4;false;0;Units;C;ECB concertation time 14:15 CET;2021-05-26;11.7896
B;Business;GBP;Pound sterling;NOK;Norwegian krone;SP;Spot;4;false;0;Units;C;ECB concertation time 14:15 CET;2021-05-27;11.8456
B;Business;GBP;Pound sterling;NOK;Norwegian krone;SP;Spot;4;false;0;Units;C;ECB concertation time 14:15 CET;2021-05-28;11.8685
B;Business;GBP;Pound sterling;NOK;Norwegian krone;SP;Spot;4;false;0;Units;C;ECB concertation time 14:15 CET;2021-05-31;11.8799
B;Business;GBP;Pound sterling;NOK;Norwegian krone;SP;Spot;4;false;0;Units;C;ECB concertation time 14:15 CET;2021-06-01;11.7185
B;Business;GBP;Pound sterling;NOK;Norwegian krone;SP;Spot;4;false;0;Units;C;ECB concertation time 14:15 CET;2021-06-02;11.7728
B;Business;GBP;Pound sterling;NOK;Norwegian krone;SP;Spot;4;false;0;Units;C;ECB concertation time 14:15 CET;2021-06-03;11.8086
B;Business;GBP;Pound sterling;NOK;Norwegian krone;SP;Spot;4;false;0;Units;C;ECB concertation time 14:15 CET;2021-06-04;11.852
B;Business;GBP;Pound sterling;NOK;Norwegian krone;SP;Spot;4;false;0;Units;C;ECB concertation time 14:15 CET;2021-06-07;11.7079
B;Business;GBP;Pound sterling;NOK;Norwegian krone;SP;Spot;4;false;0;Units;C;ECB concertation time 14:15 CET;2021-06-08;11.6702
B;Business;GBP;Pound sterling;NOK;Norwegian krone;SP;Spot;4;false;0;Units;C;ECB concertation time 14:15 CET;2021-06-09;11.6809
B;Business;GBP;Pound sterling;NOK;Norwegian krone;SP;Spot;4;false;0;Units;C;ECB concertation time 14:15 CET;2021-06-10;11.718
B;Business;GBP;Pound sterling;NOK;Norwegian krone;SP;Spot;4;false;0;Units;C;ECB concertation time 14:15 CET;2021-06-11;11.7639
B;Business;GBP;Pound sterling;NOK;Norwegian krone;SP;Spot;4;false;0;Units;C;ECB concertation time 14:15 CET;2021-06-14;11.7381
B;Business;GBP;Pound sterling;NOK;Norwegian krone;SP;Spot;4;false;0;Units;C;ECB concertation time 14:15 CET;2021-06-15;11.7032
B;Business;GBP;Pound sterling;NOK;Norwegian krone;SP;Spot;4;false;0;Units;C;ECB concertation time 14:15 CET;2021-06-16;11.7917
B;Business;GBP;Pound sterling;NOK;Norwegian krone;SP;Spot;4;false;0;Units;C;ECB concertation time 14:15 CET;2021-06-17;11.9232
B;Business;GBP;Pound sterling;NOK;Norwegian krone;SP;Spot;4;false;0;Units;C;ECB concertation time 14:15 CET;2021-06-18;11.9914
B;Business;GBP;Pound sterling;NOK;Norwegian krone;SP;Spot;4;false;0;Units;C;ECB concertation time 14:15 CET;2021-06-21;11.9847
B;Business;GBP;Pound sterling;NOK;Norwegian krone;SP;Spot;4;false;0;Units;C;ECB concertation time 14:15 CET;2021-06-22;11.9446
B;Business;GBP;Pound sterling;NOK;Norwegian krone;SP;Spot;4;false;0;Units;C;ECB concertation time 14:15 CET;2021-06-23;11.9067
B;Business;GBP;Pound sterling;NOK;Norwegian krone;SP;Spot;4;false;0;Units;C;ECB concertation time 14:15 CET;2021-06-24;11.8463
B;Business;GBP;Pound sterling;NOK;Norwegian krone;SP;Spot;4;false;0;Units;C;ECB concertation time 14:15 CET;2021-06-25;11.7929
B;Business;GBP;Pound sterling;NOK;Norwegian krone;SP;Spot;4;false;0;Units;C;ECB concertation time 14:15 CET;2021-06-28;11.8729
B;Business;GBP;Pound sterling;NOK;Norwegian krone;SP;Spot;4;false;0;Units;C;ECB concertation time 14:15 CET;2021-06-29;11.8552
B;Business;GBP;Pound sterling;NOK;Norwegian krone;SP;Spot;4;false;0;Units;C;ECB concertation time 14:15 CET;2021-06-30;11.8544
B;Business;GBP;Pound sterling;NOK;Norwegian krone;SP;Spot;4;false;0;Units;C;ECB concertation time 14:15 CET;2021-07-01;11.8681
B;Business;GBP;Pound sterling;NOK;Norwegian krone;SP;Spot;4;false;0;Units;C;ECB concertation time 14:15 CET;2021-07-02;11.9037
B;Business;GBP;Pound sterling;NOK;Norwegian krone;SP;Spot;4;false;0;Units;C;ECB concertation time 14:15 CET;2021-07-05;11.8809
B;Business;GBP;Pound sterling;NOK;Norwegian krone;SP;Spot;4;false;0;Units;C;ECB concertation time 14:15 CET;2021-07-06;11.9544
B;Business;GBP;Pound sterling;NOK;Norwegian krone;SP;Spot;4;false;0;Units;C;ECB concertation time 14:15 CET;2021-07-07;11.9854
B;Business;GBP;Pound sterling;NOK;Norwegian krone;SP;Spot;4;false;0;Units;C;ECB concertation time 14:15 CET;2021-07-08;12.0904
B;Business;GBP;Pound sterling;NOK;Norwegian krone;SP;Spot;4;false;0;Units;C;ECB concertation time 14:15 CET;2021-07-09;12.0519
B;Business;GBP;Pound sterling;NOK;Norwegian krone;SP;Spot;4;false;0;Units;C;ECB concertation time 14:15 CET;2021-07-12;12.0697
B;Business;GBP;Pound sterling;NOK;Norwegian krone;SP;Spot;4;false;0;Units;C;ECB concertation time 14:15 CET;2021-07-13;12.0542
B;Business;GBP;Pound sterling;NOK;Norwegian krone;SP;Spot;4;false;0;Units;C;ECB concertation time 14:15 CET;2021-07-14;12.1327
B;Business;GBP;Pound sterling;NOK;Norwegian krone;SP;Spot;4;false;0;Units;C;ECB concertation time 14:15 CET;2021-07-15;12.1852
B;Business;GBP;Pound sterling;NOK;Norwegian krone;SP;Spot;4;false;0;Units;C;ECB concertation time 14:15 CET;2021-07-16;12.1782
B;Business;GBP;Pound sterling;NOK;Norwegian krone;SP;Spot;4;false;0;Units;C;ECB concertation time 14:15 CET;2021-07-19;12.2659
B;Business;GBP;Pound sterling;NOK;Norwegian krone;SP;Spot;4;false;0;Units;C;ECB concertation time 14:15 CET;2021-07-20;12.2676
B;Business;GBP;Pound sterling;NOK;Norwegian krone;SP;Spot;4;false;0;Units;C;ECB concertation time 14:15 CET;2021-07-21;12.2515
B;Business;GBP;Pound sterling;NOK;Norwegian krone;SP;Spot;4;false;0;Units;C;ECB concertation time 14:15 CET;2021-07-22;12.1308
B;Business;GBP;Pound sterling;NOK;Norwegian krone;SP;Spot;4;false;0;Units;C;ECB concertation time 14:15 CET;2021-07-23;12.1652
B;Business;GBP;Pound sterling;NOK;Norwegian krone;SP;Spot;4;false;0;Units;C;ECB concertation time 14:15 CET;2021-07-26;12.1999
B;Business;GBP;Pound sterling;NOK;Norwegian krone;SP;Spot;4;false;0;Units;C;ECB concertation time 14:15 CET;2021-07-27;12.2128
B;Business;GBP;Pound sterling;NOK;Norwegian krone;SP;Spot;4;false;0;Units;C;ECB concertation time 14:15 CET;2021-07-28;12.3189
B;Business;GBP;Pound sterling;NOK;Norwegian krone;SP;Spot;4;false;0;Units;C;ECB concertation time 14:15 CET;2021-07-29;12.223
B;Business;GBP;Pound sterling;NOK;Norwegian krone;SP;Spot;4;false;0;Units;C;ECB concertation time 14:15 CET;2021-07-30;12.2627
B;Business;GBP;Pound sterling;NOK;Norwegian krone;SP;Spot;4;false;0;Units;C;ECB concertation time 14:15 CET;2021-08-02;12.2143
B;Business;GBP;Pound sterling;NOK;Norwegian krone;SP;Spot;4;false;0;Units;C;ECB concertation time 14:15 CET;2021-08-03;12.2246
B;Business;GBP;Pound sterling;NOK;Norwegian krone;SP;Spot;4;false;0;Units;C;ECB concertation time 14:15 CET;2021-08-04;12.2779
B;Business;GBP;Pound sterling;NOK;Norwegian krone;SP;Spot;4;false;0;Units;C;ECB concertation time 14:15 CET;2021-08-05;12.2749
B;Business;GBP;Pound sterling;NOK;Norwegian krone;SP;Spot;4;false;0;Units;C;ECB concertation time 14:15 CET;2021-08-06;12.2855
B;Business;GBP;Pound sterling;NOK;Norwegian krone;SP;Spot;4;false;0;Units;C;ECB concertation time 14:15 CET;2021-08-09;12.3765
B;Business;GBP;Pound sterling;NOK;Norwegian krone;SP;Spot;4;false;0;Units;C;ECB concertation time 14:15 CET;2021-08-10;12.3782
B;Business;GBP;Pound sterling;NOK;Norwegian krone;SP;Spot;4;false;0;Units;C;ECB concertation time 14:15 CET;2021-08-11;12.3436
B;Business;GBP;Pound sterling;NOK;Norwegian krone;SP;Spot;4;false;0;Units;C;ECB concertation time 14:15 CET;2021-08-12;12.2435
B;Business;GBP;Pound sterling;NOK;Norwegian krone;SP;Spot;4;false;0;Units;C;ECB concertation time 14:15 CET;2021-08-13;12.1929
B;Business;GBP;Pound sterling;NOK;Norwegian krone;SP;Spot;4;false;0;Units;C;ECB concertation time 14:15 CET;2021-08-16;12.2593
B;Business;GBP;Pound sterling;NOK;Norwegian krone;SP;Spot;4;false;0;Units;C;ECB concertation time 14:15 CET;2021-08-17;12.187
B;Business;GBP;Pound sterling;NOK;Norwegian krone;SP;Spot;4;false;0;Units;C;ECB concertation time 14:15 CET;2021-08-18;12.2348
B;Business;GBP;Pound sterling;NOK;Norwegian krone;SP;Spot;4;false;0;Units;C;ECB concertation time 14:15 CET;2021-08-19;12.33
B;Business;GBP;Pound sterling;NOK;Norwegian krone;SP;Spot;4;false;0;Units;C;ECB concertation time 14:15 CET;2021-08-20;12.3615
B;Business;GBP;Pound sterling;NOK;Norwegian krone;SP;Spot;4;false;0;Units;C;ECB concertation time 14:15 CET;2021-08-23;12.2462
B;Business;GBP;Pound sterling;NOK;Norwegian krone;SP;Spot;4;false;0;Units;C;ECB concertation time 14:15 CET;2021-08-24;12.153
B;Business;GBP;Pound sterling;NOK;Norwegian krone;SP;Spot;4;false;0;Units;C;ECB concertation time 14:15 CET;2021-08-25;12.1349
B;Business;GBP;Pound sterling;NOK;Norwegian krone;SP;Spot;4;false;0;Units;C;ECB concertation time 14:15 CET;2021-08-26;12.0879
B;Business;GBP;Pound sterling;NOK;Norwegian krone;SP;Spot;4;false;0;Units;C;ECB concertation time 14:15 CET;2021-08-27;12.0853
B;Business;GBP;Pound sterling;NOK;Norwegian krone;SP;Spot;4;false;0;Units;C;ECB concertation time 14:15 CET;2021-08-30;11.9414
B;Business;GBP;Pound sterling;NOK;Norwegian krone;SP;Spot;4;false;0;Units;C;ECB concertation time 14:15 CET;2021-08-31;11.9476
B;Business;GBP;Pound sterling;NOK;Norwegian krone;SP;Spot;4;false;0;Units;C;ECB concertation time 14:15 CET;2021-09-01;11.9531
B;Business;GBP;Pound sterling;NOK;Norwegian krone;SP;Spot;4;false;0;Units;C;ECB concertation time 14:15 CET;2021-09-02;11.9814
B;Business;GBP;Pound sterling;NOK;Norwegian krone;SP;Spot;4;false;0;Units;C;ECB concertation time 14:15 CET;2021-09-03;11.9685
B;Business;GBP;Pound sterling;NOK;Norwegian krone;SP;Spot;4;false;0;Units;C;ECB concertation time 14:15 CET;2021-09-06;11.9855
B;Business;GBP;Pound sterling;NOK;Norwegian krone;SP;Spot;4;false;0;Units;C;ECB concertation time 14:15 CET;2021-09-07;11.9596
B;Business;GBP;Pound sterling;NOK;Norwegian krone;SP;Spot;4;false;0;Units;C;ECB concertation time 14:15 CET;2021-09-08;11.9537
B;Business;GBP;Pound sterling;NOK;Norwegian krone;SP;Spot;4;false;0;Units;C;ECB concertation time 14:15 CET;2021-09-09;11.9979
B;Business;GBP;Pound sterling;NOK;Norwegian krone;SP;Spot;4;false;0;Units;C;ECB concertation time 14:15 CET;2021-09-10;11.9667
B;Business;GBP;Pound sterling;NOK;Norwegian krone;SP;Spot;4;false;0;Units;C;ECB concertation time 14:15 CET;2021-09-13;11.9696
B;Business;GBP;Pound sterling;NOK;Norwegian krone;SP;Spot;4;false;0;Units;C;ECB concertation time 14:15 CET;2021-09-14;11.9335
B;Business;GBP;Pound sterling;NOK;Norwegian krone;SP;Spot;4;false;0;Units;C;ECB concertation time 14:15 CET;2021-09-15;11.8604
B;Business;GBP;Pound sterling;NOK;Norwegian krone;SP;Spot;4;false;0;Units;C;ECB concertation time 14:15 CET;2021-09-16;11.9133
B;Business;GBP;Pound sterling;NOK;Norwegian krone;SP;Spot;4;false;0;Units;C;ECB concertation time 14:15 CET;2021-09-17;11.8562
B;Business;GBP;Pound sterling;NOK;Norwegian krone;SP;Spot;4;false;0;Units;C;ECB concertation time 14:15 CET;2021-09-20;11.9515
B;Business;GBP;Pound sterling;NOK;Norwegian krone;SP;Spot;4;false;0;Units;C;ECB concertation time 14:15 CET;2021-09-21;11.8605
B;Business;GBP;Pound sterling;NOK;Norwegian krone;SP;Spot;4;false;0;Units;C;ECB concertation time 14:15 CET;2021-09-22;11.7753
B;Business;GBP;Pound sterling;NOK;Norwegian krone;SP;Spot;4;false;0;Units;C;ECB concertation time 14:15 CET;2021-09-23;11.7972
B;Business;GBP;Pound sterling;NOK;Norwegian krone;SP;Spot;4;false;0;Units;C;ECB concertation time 14:15 CET;2021-09-24;11.7721
B;Business;GBP;Pound sterling;NOK;Norwegian krone;SP;Spot;4;false;0;Units;C;ECB concertation time 14:15 CET;2021-09-27;11.7835
B;Business;GBP;Pound sterling;NOK;Norwegian krone;SP;Spot;4;false;0;Units;C;ECB concertation time 14:15 CET;2021-09-28;11.7533
B;Business;GBP;Pound sterling;NOK;Norwegian krone;SP;Spot;4;false;0;Units;C;ECB concertation time 14:15 CET;2021-09-29;11.7337
B;Business;GBP;Pound sterling;NOK;Norwegian krone;SP;Spot;4;false;0;Units;C;ECB concertation time 14:15 CET;2021-09-30;11.8125
B;Business;GBP;Pound sterling;NOK;Norwegian krone;SP;Spot;4;false;0;Units;C;ECB concertation time 14:15 CET;2021-10-01;11.6988
B;Business;GBP;Pound sterling;NOK;Norwegian krone;SP;Spot;4;false;0;Units;C;ECB concertation time 14:15 CET;2021-10-04;11.6649
B;Business;GBP;Pound sterling;NOK;Norwegian krone;SP;Spot;4;false;0;Units;C;ECB concertation time 14:15 CET;2021-10-05;11.6416
B;Business;GBP;Pound sterling;NOK;Norwegian krone;SP;Spot;4;false;0;Units;C;ECB concertation time 14:15 CET;2021-10-06;11.6782
B;Business;GBP;Pound sterling;NOK;Norwegian krone;SP;Spot;4;false;0;Units;C;ECB concertation time 14:15 CET;2021-10-07;11.6895
B;Business;GBP;Pound sterling;NOK;Norwegian krone;SP;Spot;4;false;0;Units;C;ECB concertation time 14:15 CET;2021-10-08;11.6451
B;Business;GBP;Pound sterling;NOK;Norwegian krone;SP;Spot;4;false;0;Units;C;ECB concertation time 14:15 CET;2021-10-11;11.6497
B;Business;GBP;Pound sterling;NOK;Norwegian krone;SP;Spot;4;false;0;Units;C;ECB concertation time 14:15 CET;2021-10-12;11.6345
B;Business;GBP;Pound sterling;NOK;Norwegian krone;SP;Spot;4;false;0;Units;C;ECB concertation time 14:15 CET;2021-10-13;11.6086
B;Business;GBP;Pound sterling;NOK;Norwegian krone;SP;Spot;4;false;0;Units;C;ECB concertation time 14:15 CET;2021-10-14;11.573
B;Business;GBP;Pound sterling;NOK;Norwegian krone;SP;Spot;4;false;0;Units;C;ECB concertation time 14:15 CET;2021-10-15;11.5713
B;Business;GBP;Pound sterling;NOK;Norwegian krone;SP;Spot;4;false;0;Units;C;ECB concertation time 14:15 CET;2021-10-18;11.5639
B;Business;GBP;Pound sterling;NOK;Norwegian krone;SP;Spot;4;false;0;Units;C;ECB concertation time 14:15 CET;2021-10-19;11.5503
B;Business;GBP;Pound sterling;NOK;Norwegian krone;SP;Spot;4;false;0;Units;C;ECB concertation time 14:15 CET;2021-10-20;11.5304
B;Business;GBP;Pound sterling;NOK;Norwegian krone;SP;Spot;4;false;0;Units;C;ECB concertation time 14:15 CET;2021-10-21;11.5156
B;Business;GBP;Pound sterling;NOK;Norwegian krone;SP;Spot;4;false;0;Units;C;ECB concertation time 14:15 CET;2021-10-22;11.5059
B;Business;GBP;Pound sterling;NOK;Norwegian krone;SP;Spot;4;false;0;Units;C;ECB concertation time 14:15 CET;2021-10-25;11.5072
B;Business;GBP;Pound sterling;NOK;Norwegian krone;SP;Spot;4;false;0;Units;C;ECB concertation time 14:15 CET;2021-10-26;11.5028
B;Business;GBP;Pound sterling;NOK;Norwegian krone;SP;Spot;4;false;0;Units;C;ECB concertation time 14:15 CET;2021-10-27;11.5188
B;Business;GBP;Pound sterling;NOK;Norwegian krone;SP;Spot;4;false;0;Units;C;ECB concertation time 14:15 CET;2021-10-28;11.552
B;Business;GBP;Pound sterling;NOK;Norwegian krone;SP;Spot;4;false;0;Units;C;ECB concertation time 14:15 CET;2021-10-29;11.5392
B;Business;GBP;Pound sterling;NOK;Norwegian krone;SP;Spot;4;false;0;Units;C;ECB concertation time 14:15 CET;2021-11-01;11.5126
B;Business;GBP;Pound sterling;NOK;Norwegian krone;SP;Spot;4;false;0;Units;C;ECB concertation time 14:15 CET;2021-11-02;11.5261
B;Business;GBP;Pound sterling;NOK;Norwegian krone;SP;Spot;4;false;0;Units;C;ECB concertation time 14:15 CET;2021-11-03;11.6254
B;Business;GBP;Pound sterling;NOK;Norwegian krone;SP;Spot;4;false;0;Units;C;ECB concertation time 14:15 CET;2021-11-04;11.5513
B;Business;GBP;Pound sterling;NOK;Norwegian krone;SP;Spot;4;false;0;Units;C;ECB concertation time 14:15 CET;2021-11-05;11.5586
B;Business;GBP;Pound sterling;NOK;Norwegian krone;SP;Spot;4;false;0;Units;C;ECB concertation time 14:15 CET;2021-11-08;11.5521
B;Business;GBP;Pound sterling;NOK;Norwegian krone;SP;Spot;4;false;0;Units;C;ECB concertation time 14:15 CET;2021-11-09;11.5431
B;Business;GBP;Pound sterling;NOK;Norwegian krone;SP;Spot;4;false;0;Units;C;ECB concertation time 14:15 CET;2021-11-10;11.5547
B;Business;GBP;Pound sterling;NOK;Norwegian krone;SP;Spot;4;false;0;Units;C;ECB concertation time 14:15 CET;2021-11-11;11.6551
B;Business;GBP;Pound sterling;NOK;Norwegian krone;SP;Spot;4;false;0;Units;C;ECB concertation time 14:15 CET;2021-11-12;11.6377
B;Business;GBP;Pound sterling;NOK;Norwegian krone;SP;Spot;4;false;0;Units;C;ECB concertation time 14:15 CET;2021-11-15;11.6448
B;Business;GBP;Pound sterling;NOK;Norwegian krone;SP;Spot;4;false;0;Units;C;ECB concertation time 14:15 CET;2021-11-16;11.6952
B;Business;GBP;Pound sterling;NOK;Norwegian krone;SP;Spot;4;false;0;Units;C;ECB concertation time 14:15 CET;2021-11-17;11.7606
B;Business;GBP;Pound sterling;NOK;Norwegian krone;SP;Spot;4;false;0;Units;C;ECB concertation time 14:15 CET;2021-11-18;11.8236
B;Business;GBP;Pound sterling;NOK;Norwegian krone;SP;Spot;4;false;0;Units;C;ECB concertation time 14:15 CET;2021-11-19;11.9725
B;Business;GBP;Pound sterling;NOK;Norwegian krone;SP;Spot;4;false;0;Units;C;ECB concertation time 14:15 CET;2021-11-22;12.0009
B;Business;GBP;Pound sterling;NOK;Norwegian krone;SP;Spot;4;false;0;Units;C;ECB concertation time 14:15 CET;2021-11-23;11.9629
B;Business;GBP;Pound sterling;NOK;Norwegian krone;SP;Spot;4;false;0;Units;C;ECB concertation time 14:15 CET;2021-11-24;11.945
B;Business;GBP;Pound sterling;NOK;Norwegian krone;SP;Spot;4;false;0;Units;C;ECB concertation time 14:15 CET;2021-11-25;11.9408
B;Business;GBP;Pound sterling;NOK;Norwegian krone;SP;Spot;4;false;0;Units;C;ECB concertation time 14:15 CET;2021-11-26;12.0082
B;Business;GBP;Pound sterling;NOK;Norwegian krone;SP;Spot;4;false;0;Units;C;ECB concertation time 14:15 CET;2021-11-29;12.0757
B;Business;GBP;Pound sterling;NOK;Norwegian krone;SP;Spot;4;false;0;Units;C;ECB concertation time 14:15 CET;2021-11-30;12.069
B;Business;GBP;Pound sterling;NOK;Norwegian krone;SP;Spot;4;false;0;Units;C;ECB concertation time 14:15 CET;2021-12-01;12.0229
B;Business;GBP;Pound sterling;NOK;Norwegian krone;SP;Spot;4;false;0;Units;C;ECB concertation time 14:15 CET;2021-12-02;12.094
B;Business;GBP;Pound sterling;NOK;Norwegian krone;SP;Spot;4;false;0;Units;C;ECB concertation time 14:15 CET;2021-12-03;12.0961
B;Business;GBP;Pound sterling;NOK;Norwegian krone;SP;Spot;4;false;0;Units;C;ECB concertation time 14:15 CET;2021-12-06;12.0927
B;Business;GBP;Pound sterling;NOK;Norwegian krone;SP;Spot;4;false;0;Units;C;ECB concertation time 14:15 CET;2021-12-07;11.9977
B;Business;GBP;Pound sterling;NOK;Norwegian krone;SP;Spot;4;false;0;Units;C;ECB concertation time 14:15 CET;2021-12-08;11.794
B;Business;GBP;Pound sterling;NOK;Norwegian krone;SP;Spot;4;false;0;Units;C;ECB concertation time 14:15 CET;2021-12-09;11.8439
B;Business;GBP;Pound sterling;NOK;Norwegian krone;SP;Spot;4;false;0;Units;C;ECB concertation time 14:15 CET;2021-12-10;11.8722
B;Business;GBP;Pound sterling;NOK;Norwegian krone;SP;Spot;4;false;0;Units;C;ECB concertation time 14:15 CET;2021-12-13;11.9305
B;Business;GBP;Pound sterling;NOK;Norwegian krone;SP;Spot;4;false;0;Units;C;ECB concertation time 14:15 CET;2021-12-14;12.0071
B;Business;GBP;Pound sterling;NOK;Norwegian krone;SP;Spot;4;false;0;Units;C;ECB concertation time 14:15 CET;2021-12-15;12.0355
B;Business;GBP;Pound sterling;NOK;Norwegian krone;SP;Spot;4;false;0;Units;C;ECB concertation time 14:15 CET;2021-12-16;11.9595
B;Business;GBP;Pound sterling;NOK;Norwegian krone;SP;Spot;4;false;0;Units;C;ECB concertation time 14:15 CET;2021-12-17;11.9452
B;Business;GBP;Pound sterling;NOK;Norwegian krone;SP;Spot;4;false;0;Units;C;ECB concertation time 14:15 CET;2021-12-20;11.9612
B;Business;GBP;Pound sterling;NOK;Norwegian krone;SP;Spot;4;false;0;Units;C;ECB concertation time 14:15 CET;2021-12-21;11.9006
B;Business;GBP;Pound sterling;NOK;Norwegian krone;SP;Spot;4;false;0;Units;C;ECB concertation time 14:15 CET;2021-12-22;11.8508
B;Business;GBP;Pound sterling;NOK;Norwegian krone;SP;Spot;4;false;0;Units;C;ECB concertation time 14:15 CET;2021-12-23;11.886
B;Business;GBP;Pound sterling;NOK;Norwegian krone;SP;Spot;4;false;0;Units;C;ECB concertation time 14:15 CET;2021-12-27;11.9062
B;Business;GBP;Pound sterling;NOK;Norwegian krone;SP;Spot;4;false;0;Units;C;ECB concertation time 14:15 CET;2021-12-28;11.8374
B;Business;GBP;Pound sterling;NOK;Norwegian krone;SP;Spot;4;false;0;Units;C;ECB concertation time 14:15 CET;2021-12-29;11.8746
B;Business;GBP;Pound sterling;NOK;Norwegian krone;SP;Spot;4;false;0;Units;C;ECB concertation time 14:15 CET;2021-12-30;11.8793
B;Business;GBP;Pound sterling;NOK;Norwegian krone;SP;Spot;4;false;0;Units;C;ECB concertation time 14:15 CET;2021-12-31;11.8875
B;Business;GBP;Pound sterling;NOK;Norwegian krone;SP;Spot;4;false;0;Units;C;ECB concertation time 14:15 CET;2022-01-03;11.8872
B;Business;GBP;Pound sterling;NOK;Norwegian krone;SP;Spot;4;false;0;Units;C;ECB concertation time 14:15 CET;2022-01-04;11.9757
B;Business;GBP;Pound sterling;NOK;Norwegian krone;SP;Spot;4;false;0;Units;C;ECB concertation time 14:15 CET;2022-01-05;11.9302
B;Business;GBP;Pound sterling;NOK;Norwegian krone;SP;Spot;4;false;0;Units;C;ECB concertation time 14:15 CET;2022-01-06;12.0046
B;Business;GBP;Pound sterling;NOK;Norwegian krone;SP;Spot;4;false;0;Units;C;ECB concertation time 14:15 CET;2022-01-07;12.0206
B;Business;GBP;Pound sterling;NOK;Norwegian krone;SP;Spot;4;false;0;Units;C;ECB concertation time 14:15 CET;2022-01-10;12.021
B;Business;GBP;Pound sterling;NOK;Norwegian krone;SP;Spot;4;false;0;Units;C;ECB concertation time 14:15 CET;2022-01-11;11.9994
B;Business;GBP;Pound sterling;NOK;Norwegian krone;SP;Spot;4;false;0;Units;C;ECB concertation time 14:15 CET;2022-01-12;11.9117
B;Business;GBP;Pound sterling;NOK;Norwegian krone;SP;Spot;4;false;0;Units;C;ECB concertation time 14:15 CET;2022-01-13;11.8898
B;Business;GBP;Pound sterling;NOK;Norwegian krone;SP;Spot;4;false;0;Units;C;ECB concertation time 14:15 CET;2022-01-14;11.9585
B;Business;GBP;Pound sterling;NOK;Norwegian krone;SP;Spot;4;false;0;Units;C;ECB concertation time 14:15 CET;2022-01-17;11.9205
B;Business;GBP;Pound sterling;NOK;Norwegian krone;SP;Spot;4;false;0;Units;C;ECB concertation time 14:15 CET;2022-01-18;11.908
B;Business;GBP;Pound sterling;NOK;Norwegian krone;SP;Spot;4;false;0;Units;C;ECB concertation time 14:15 CET;2022-01-19;11.9479
B;Business;GBP;Pound sterling;NOK;Norwegian krone;SP;Spot;4;false;0;Units;C;ECB concertation time 14:15 CET;2022-01-20;11.9592
B;Business;GBP;Pound sterling;NOK;Norwegian krone;SP;Spot;4;false;0;Units;C;ECB concertation time 14:15 CET;2022-01-21;12.0195
B;Business;GBP;Pound sterling;NOK;Norwegian krone;SP;Spot;4;false;0;Units;C;ECB concertation time 14:15 CET;2022-01-24;12.1282
B;Business;GBP;Pound sterling;NOK;Norwegian krone;SP;Spot;4;false;0;Units;C;ECB concertation time 14:15 CET;2022-01-25;12.111
B;Business;GBP;Pound sterling;NOK;Norwegian krone;SP;Spot;4;false;0;Units;C;ECB concertation time 14:15 CET;2022-01-26;11.9959
B;Business;GBP;Pound sterling;NOK;Norwegian krone;SP;Spot;4;false;0;Units;C;ECB concertation time 14:15 CET;2022-01-27;11.9834
B;Business;GBP;Pound sterling;NOK;Norwegian krone;SP;Spot;4;false;0;Units;C;ECB concertation time 14:15 CET;2022-01-28;12.0537
B;Business;GBP;Pound sterling;NOK;Norwegian krone;SP;Spot;4;false;0;Units;C;ECB concertation time 14:15 CET;2022-01-31;12.0362
B;Business;GBP;Pound sterling;NOK;Norwegian krone;SP;Spot;4;false;0;Units;C;ECB concertation time 14:15 CET;2022-02-01;11.933
B;Business;GBP;Pound sterling;NOK;Norwegian krone;SP;Spot;4;false;0;Units;C;ECB concertation time 14:15 CET;2022-02-02;11.8986
B;Business;GBP;Pound sterling;NOK;Norwegian krone;SP;Spot;4;false;0;Units;C;ECB concertation time 14:15 CET;2022-02-03;11.9634
B;Business;GBP;Pound sterling;NOK;Norwegian krone;SP;Spot;4;false;0;Units;C;ECB concertation time 14:15 CET;2022-02-04;11.8784
B;Business;GBP;Pound sterling;NOK;Norwegian krone;SP;Spot;4;false;0;Units;C;ECB concertation time 14:15 CET;2022-02-07;11.8862
B;Business;GBP;Pound sterling;NOK;Norwegian krone;SP;Spot;4;false;0;Units;C;ECB concertation time 14:15 CET;2022-02-08;11.9434
B;Business;GBP;Pound sterling;NOK;Norwegian krone;SP;Spot;4;false;0;Units;C;ECB concertation time 14:15 CET;2022-02-09;11.9382
B;Business;GBP;Pound sterling;NOK;Norwegian krone;SP;Spot;4;false;0;Units;C;ECB concertation time 14:15 CET;2022-02-10;11.952
B;Business;GBP;Pound sterling;NOK;Norwegian krone;SP;Spot;4;false;0;Units;C;ECB concertation time 14:15 CET;2022-02-11;11.9979
B;Business;GBP;Pound sterling;NOK;Norwegian krone;SP;Spot;4;false;0;Units;C;ECB concertation time 14:15 CET;2022-02-14;12.0274
B;Business;GBP;Pound sterling;NOK;Norwegian krone;SP;Spot;4;false;0;Units;C;ECB concertation time 14:15 CET;2022-02-15;12.0448
B;Business;GBP;Pound sterling;NOK;Norwegian krone;SP;Spot;4;false;0;Units;C;ECB concertation time 14:15 CET;2022-02-16;12.0437
B;Business;GBP;Pound sterling;NOK;Norwegian krone;SP;Spot;4;false;0;Units;C;ECB concertation time 14:15 CET;2022-02-17;12.1238
B;Business;GBP;Pound sterling;NOK;Norwegian krone;SP;Spot;4;false;0;Units;C;ECB concertation time 14:15 CET;2022-02-18;12.1624
B;Business;GBP;Pound sterling;NOK;Norwegian krone;SP;Spot;4;false;0;Units;C;ECB concertation time 14:15 CET;2022-02-21;12.2137
B;Business;GBP;Pound sterling;NOK;Norwegian krone;SP;Spot;4;false;0;Units;C;ECB concertation time 14:15 CET;2022-02-22;12.0712
B;Business;GBP;Pound sterling;NOK;Norwegian krone;SP;Spot;4;false;0;Units;C;ECB concertation time 14:15 CET;2022-02-23;12.0215
B;Business;GBP;Pound sterling;NOK;Norwegian krone;SP;Spot;4;false;0;Units;C;ECB concertation time 14:15 CET;2022-02-24;12.0866
B;Business;GBP;Pound sterling;NOK;Norwegian krone;SP;Spot;4;false;0;Units;C;ECB concertation time 14:15 CET;2022-02-25;11.9126
B;Business;GBP;Pound sterling;NOK;Norwegian krone;SP;Spot;4;false;0;Units;C;ECB concertation time 14:15 CET;2022-02-28;11.9048
B;Business;GBP;Pound sterling;NOK;Norwegian krone;SP;Spot;4;false;0;Units;C;ECB concertation time 14:15 CET;2022-03-01;11.8379
B;Business;GBP;Pound sterling;NOK;Norwegian krone;SP;Spot;4;false;0;Units;C;ECB concertation time 14:15 CET;2022-03-02;11.8616
B;Business;GBP;Pound sterling;NOK;Norwegian krone;SP;Spot;4;false;0;Units;C;ECB concertation time 14:15 CET;2022-03-03;11.8901
B;Business;GBP;Pound sterling;NOK;Norwegian krone;SP;Spot;4;false;0;Units;C;ECB concertation time 14:15 CET;2022-03-04;11.9384
B;Business;GBP;Pound sterling;NOK;Norwegian krone;SP;Spot;4;false;0;Units;C;ECB concertation time 14:15 CET;2022-03-07;11.9002
B;Business;GBP;Pound sterling;NOK;Norwegian krone;SP;Spot;4;false;0;Units;C;ECB concertation time 14:15 CET;2022-03-08;11.772
B;Business;GBP;Pound sterling;NOK;Norwegian krone;SP;Spot;4;false;0;Units;C;ECB concertation time 14:15 CET;2022-03-09;11.7243
B;Business;GBP;Pound sterling;NOK;Norwegian krone;SP;Spot;4;false;0;Units;C;ECB concertation time 14:15 CET;2022-03-10;11.7838
B;Business;GBP;Pound sterling;NOK;Norwegian krone;SP;Spot;4;false;0;Units;C;ECB concertation time 14:15 CET;2022-03-11;11.6748
B;Business;GBP;Pound sterling;NOK;Norwegian krone;SP;Spot;4;false;0;Units;C;ECB concertation time 14:15 CET;2022-03-14;11.7486
B;Business;GBP;Pound sterling;NOK;Norwegian krone;SP;Spot;4;false;0;Units;C;ECB concertation time 14:15 CET;2022-03-15;11.7176
B;Business;GBP;Pound sterling;NOK;Norwegian krone;SP;Spot;4;false;0;Units;C;ECB concertation time 14:15 CET;2022-03-16;11.6669
B;Business;GBP;Pound sterling;NOK;Norwegian krone;SP;Spot;4;false;0;Units;C;ECB concertation time 14:15 CET;2022-03-17;11.5994
B;Business;GBP;Pound sterling;NOK;Norwegian krone;SP;Spot;4;false;0;Units;C;ECB concertation time 14:15 CET;2022-03-18;11.5508
B;Business;GBP;Pound sterling;NOK;Norwegian krone;SP;Spot;4;false;0;Units;C;ECB concertation time 14:15 CET;2022-03-21;11.5279
B;Business;GBP;Pound sterling;NOK;Norwegian krone;SP;Spot;4;false;0;Units;C;ECB concertation time 14:15 CET;2022-03-22;11.5626
B;Business;GBP;Pound sterling;NOK;Norwegian krone;SP;Spot;4;false;0;Units;C;ECB concertation time 14:15 CET;2022-03-23;11.5784
B;Business;GBP;Pound sterling;NOK;Norwegian krone;SP;Spot;4;false;0;Units;C;ECB concertation time 14:15 CET;2022-03-24;11.397
B;Business;GBP;Pound sterling;NOK;Norwegian krone;SP;Spot;4;false;0;Units;C;ECB concertation time 14:15 CET;2022-03-25;11.4182
B;Business;GBP;Pound sterling;NOK;Norwegian krone;SP;Spot;4;false;0;Units;C;ECB concertation time 14:15 CET;2022-03-28;11.3725
B;Business;GBP;Pound sterling;NOK;Norwegian krone;SP;Spot;4;false;0;Units;C;ECB concertation time 14:15 CET;2022-03-29;11.3684
B;Business;GBP;Pound sterling;NOK;Norwegian krone;SP;Spot;4;false;0;Units;C;ECB concertation time 14:15 CET;2022-03-30;11.3995
B;Business;GBP;Pound sterling;NOK;Norwegian krone;SP;Spot;4;false;0;Units;C;ECB concertation time 14:15 CET;2022-03-31;11.4794
B;Business;GBP;Pound sterling;NOK;Norwegian krone;SP;Spot;4;false;0;Units;C;ECB concertation time 14:15 CET;2022-04-01;11.4835
B;Business;GBP;Pound sterling;NOK;Norwegian krone;SP;Spot;4;false;0;Units;C;ECB concertation time 14:15 CET;2022-04-04;11.3826
B;Business;GBP;Pound sterling;NOK;Norwegian krone;SP;Spot;4;false;0;Units;C;ECB concertation time 14:15 CET;2022-04-05;11.4263
B;Business;GBP;Pound sterling;NOK;Norwegian krone;SP;Spot;4;false;0;Units;C;ECB concertation time 14:15 CET;2022-04-06;11.4436
B;Business;GBP;Pound sterling;NOK;Norwegian krone;SP;Spot;4;false;0;Units;C;ECB concertation time 14:15 CET;2022-04-07;11.4554
B;Business;GBP;Pound sterling;NOK;Norwegian krone;SP;Spot;4;false;0;Units;C;ECB concertation time 14:15 CET;2022-04-08;11.4066
B;Business;GBP;Pound sterling;NOK;Norwegian krone;SP;Spot;4;false;0;Units;C;ECB concertation time 14:15 CET;2022-04-11;11.4081
B;Business;GBP;Pound sterling;NOK;Norwegian krone;SP;Spot;4;false;0;Units;C;ECB concertation time 14:15 CET;2022-04-12;11.4307
B;Business;GBP;Pound sterling;NOK;Norwegian krone;SP;Spot;4;false;0;Units;C;ECB concertation time 14:15 CET;2022-04-13;11.4905
B;Business;GBP;Pound sterling;NOK;Norwegian krone;SP;Spot;4;false;0;Units;C;ECB concertation time 14:15 CET;2022-04-19;11.4795
B;Business;GBP;Pound sterling;NOK;Norwegian krone;SP;Spot;4;false;0;Units;C;ECB concertation time 14:15 CET;2022-04-20;11.504
B;Business;GBP;Pound sterling;NOK;Norwegian krone;SP;Spot;4;false;0;Units;C;ECB concertation time 14:15 CET;2022-04-21;11.4685
B;Business;GBP;Pound sterling;NOK;Norwegian krone;SP;Spot;4;false;0;Units;C;ECB concertation time 14:15 CET;2022-04-22;11.4692
B;Business;GBP;Pound sterling;NOK;Norwegian krone;SP;Spot;4;false;0;Units;C;ECB concertation time 14:15 CET;2022-04-25;11.5046
B;Business;GBP;Pound sterling;NOK;Norwegian krone;SP;Spot;4;false;0;Units;C;ECB concertation time 14:15 CET;2022-04-26;11.6412
B;Business;GBP;Pound sterling;NOK;Norwegian krone;SP;Spot;4;false;0;Units;C;ECB concertation time 14:15 CET;2022-04-27;11.6176
B;Business;GBP;Pound sterling;NOK;Norwegian krone;SP;Spot;4;false;0;Units;C;ECB concertation time 14:15 CET;2022-04-28;11.7356
B;Business;GBP;Pound sterling;NOK;Norwegian krone;SP;Spot;4;false;0;Units;C;ECB concertation time 14:15 CET;2022-04-29;11.6228
B;Business;GBP;Pound sterling;NOK;Norwegian krone;SP;Spot;4;false;0;Units;C;ECB concertation time 14:15 CET;2022-05-02;11.842
B;Business;GBP;Pound sterling;NOK;Norwegian krone;SP;Spot;4;false;0;Units;C;ECB concertation time 14:15 CET;2022-05-03;11.7782
B;Business;GBP;Pound sterling;NOK;Norwegian krone;SP;Spot;4;false;0;Units;C;ECB concertation time 14:15 CET;2022-05-04;11.7635
B;Business;GBP;Pound sterling;NOK;Norwegian krone;SP;Spot;4;false;0;Units;C;ECB concertation time 14:15 CET;2022-05-05;11.558
B;Business;GBP;Pound sterling;NOK;Norwegian krone;SP;Spot;4;false;0;Units;C;ECB concertation time 14:15 CET;2022-05-06;11.6564
B;Business;GBP;Pound sterling;NOK;Norwegian krone;SP;Spot;4;false;0;Units;C;ECB concertation time 14:15 CET;2022-05-09;11.8007
B;Business;GBP;Pound sterling;NOK;Norwegian krone;SP;Spot;4;false;0;Units;C;ECB concertation time 14:15 CET;2022-05-10;11.9534
B;Business;GBP;Pound sterling;NOK;Norwegian krone;SP;Spot;4;false;0;Units;C;ECB concertation time 14:15 CET;2022-05-11;11.9205
B;Business;GBP;Pound sterling;NOK;Norwegian krone;SP;Spot;4;false;0;Units;C;ECB concertation time 14:15 CET;2022-05-12;12.0641
B;Business;GBP;Pound sterling;NOK;Norwegian krone;SP;Spot;4;false;0;Units;C;ECB concertation time 14:15 CET;2022-05-13;11.9888
B;Business;GBP;Pound sterling;NOK;Norwegian krone;SP;Spot;4;false;0;Units;C;ECB concertation time 14:15 CET;2022-05-16;12.0158
B;Business;GBP;Pound sterling;NOK;Norwegian krone;SP;Spot;4;false;0;Units;C;ECB concertation time 14:15 CET;2022-05-18;12.0615
B;Business;GBP;Pound sterling;NOK;Norwegian krone;SP;Spot;4;false;0;Units;C;ECB concertation time 14:15 CET;2022-05-19;12.1686
B;Business;GBP;Pound sterling;NOK;Norwegian krone;SP;Spot;4;false;0;Units;C;ECB concertation time 14:15 CET;2022-05-20;12.0986
B;Business;GBP;Pound sterling;NOK;Norwegian krone;SP;Spot;4;false;0;Units;C;ECB concertation time 14:15 CET;2022-05-23;12.092
B;Business;GBP;Pound sterling;NOK;Norwegian krone;SP;Spot;4;false;0;Units;C;ECB concertation time 14:15 CET;2022-05-24;11.9988
B;Business;GBP;Pound sterling;NOK;Norwegian krone;SP;Spot;4;false;0;Units;C;ECB concertation time 14:15 CET;2022-05-25;12.041
B;Business;GBP;Pound sterling;NOK;Norwegian krone;SP;Spot;4;false;0;Units;C;ECB concertation time 14:15 CET;2022-05-27;11.9929
B;Business;GBP;Pound sterling;NOK;Norwegian krone;SP;Spot;4;false;0;Units;C;ECB concertation time 14:15 CET;2022-05-30;11.8915
B;Business;GBP;Pound sterling;NOK;Norwegian krone;SP;Spot;4;false;0;Units;C;ECB concertation time 14:15 CET;2022-05-31;11.8611
B;Business;GBP;Pound sterling;NOK;Norwegian krone;SP;Spot;4;false;0;Units;C;ECB concertation time 14:15 CET;2022-06-01;11.7943
B;Business;GBP;Pound sterling;NOK;Norwegian krone;SP;Spot;4;false;0;Units;C;ECB concertation time 14:15 CET;2022-06-02;11.837
B;Business;GBP;Pound sterling;NOK;Norwegian krone;SP;Spot;4;false;0;Units;C;ECB concertation time 14:15 CET;2022-06-03;11.8274
B;Business;GBP;Pound sterling;NOK;Norwegian krone;SP;Spot;4;false;0;Units;C;ECB concertation time 14:15 CET;2022-06-07;11.9303
B;Business;GBP;Pound sterling;NOK;Norwegian krone;SP;Spot;4;false;0;Units;C;ECB concertation time 14:15 CET;2022-06-08;11.8487
B;Business;GBP;Pound sterling;NOK;Norwegian krone;SP;Spot;4;false;0;Units;C;ECB concertation time 14:15 CET;2022-06-09;11.8873
B;Business;GBP;Pound sterling;NOK;Norwegian krone;SP;Spot;4;false;0;Units;C;ECB concertation time 14:15 CET;2022-06-10;11.9338
B;Business;GBP;Pound sterling;NOK;Norwegian krone;SP;Spot;4;false;0;Units;C;ECB concertation time 14:15 CET;2022-06-13;12.0235
B;Business;GBP;Pound sterling;NOK;Norwegian krone;SP;Spot;4;false;0;Units;C;ECB concertation time 14:15 CET;2022-06-14;12.0059
B;Business;GBP;Pound sterling;NOK;Norwegian krone;SP;Spot;4;false;0;Units;C;ECB concertation time 14:15 CET;2022-06-15;12.0318
B;Business;GBP;Pound sterling;NOK;Norwegian krone;SP;Spot;4;false;0;Units;C;ECB concertation time 14:15 CET;2022-06-16;12.2254
B;Business;GBP;Pound sterling;NOK;Norwegian krone;SP;Spot;4;false;0;Units;C;ECB concertation time 14:15 CET;2022-06-17;12.2251
B;Business;GBP;Pound sterling;NOK;Norwegian krone;SP;Spot;4;false;0;Units;C;ECB concertation time 14:15 CET;2022-06-20;12.1385
B;Business;GBP;Pound sterling;NOK;Norwegian krone;SP;Spot;4;false;0;Units;C;ECB concertation time 14:15 CET;2022-06-21;12.0083
B;Business;GBP;Pound sterling;NOK;Norwegian krone;SP;Spot;4;false;0;Units;C;ECB concertation time 14:15 CET;2022-06-22;12.2309
B;Business;GBP;Pound sterling;NOK;Norwegian krone;SP;Spot;4;false;0;Units;C;ECB concertation time 14:15 CET;2022-06-23;12.2061
B;Business;GBP;Pound sterling;NOK;Norwegian krone;SP;Spot;4;false;0;Units;C;ECB concertation time 14:15 CET;2022-06-24;12.1653
B;Business;GBP;Pound sterling;NOK;Norwegian krone;SP;Spot;4;false;0;Units;C;ECB concertation time 14:15 CET;2022-06-27;12.0742
B;Business;GBP;Pound sterling;NOK;Norwegian krone;SP;Spot;4;false;0;Units;C;ECB concertation time 14:15 CET;2022-06-28;11.971
B;Business;GBP;Pound sterling;NOK;Norwegian krone;SP;Spot;4;false;0;Units;C;ECB concertation time 14:15 CET;2022-06-29;11.9204
B;Business;GBP;Pound sterling;NOK;Norwegian krone;SP;Spot;4;false;0;Units;C;ECB concertation time 14:15 CET;2022-06-30;12.0584
B;Business;GBP;Pound sterling;NOK;Norwegian krone;SP;Spot;4;false;0;Units;C;ECB concertation time 14:15 CET;2022-07-01;11.9623
B;Business;GBP;Pound sterling;NOK;Norwegian krone;SP;Spot;4;false;0;Units;C;ECB concertation time 14:15 CET;2022-07-04;11.9774
B;Business;GBP;Pound sterling;NOK;Norwegian krone;SP;Spot;4;false;0;Units;C;ECB concertation time 14:15 CET;2022-07-05;11.9809
B;Business;GBP;Pound sterling;NOK;Norwegian krone;SP;Spot;4;false;0;Units;C;ECB concertation time 14:15 CET;2022-07-06;11.999
B;Business;GBP;Pound sterling;NOK;Norwegian krone;SP;Spot;4;false;0;Units;C;ECB concertation time 14:15 CET;2022-07-07;12.0921
B;Business;GBP;Pound sterling;NOK;Norwegian krone;SP;Spot;4;false;0;Units;C;ECB concertation time 14:15 CET;2022-07-08;12.1334
B;Business;GBP;Pound sterling;NOK;Norwegian krone;SP;Spot;4;false;0;Units;C;ECB concertation time 14:15 CET;2022-07-11;12.1824
B;Business;GBP;Pound sterling;NOK;Norwegian krone;SP;Spot;4;false;0;Units;C;ECB concertation time 14:15 CET;2022-07-12;12.1139
B;Business;GBP;Pound sterling;NOK;Norwegian krone;SP;Spot;4;false;0;Units;C;ECB concertation time 14:15 CET;2022-07-13;12.1402
B;Business;GBP;Pound sterling;NOK;Norwegian krone;SP;Spot;4;false;0;Units;C;ECB concertation time 14:15 CET;2022-07-14;12.1258
B;Business;GBP;Pound sterling;NOK;Norwegian krone;SP;Spot;4;false;0;Units;C;ECB concertation time 14:15 CET;2022-07-15;12.0915
B;Business;GBP;Pound sterling;NOK;Norwegian krone;SP;Spot;4;false;0;Units;C;ECB concertation time 14:15 CET;2022-07-18;12.1066
B;Business;GBP;Pound sterling;NOK;Norwegian krone;SP;Spot;4;false;0;Units;C;ECB concertation time 14:15 CET;2022-07-19;11.9292
B;Business;GBP;Pound sterling;NOK;Norwegian krone;SP;Spot;4;false;0;Units;C;ECB concertation time 14:15 CET;2022-07-20;11.8954
B;Business;GBP;Pound sterling;NOK;Norwegian krone;SP;Spot;4;false;0;Units;C;ECB concertation time 14:15 CET;2022-07-21;11.8943
B;Business;GBP;Pound sterling;NOK;Norwegian krone;SP;Spot;4;false;0;Units;C;ECB concertation time 14:15 CET;2022-07-22;11.9212
B;Business;GBP;Pound sterling;NOK;Norwegian krone;SP;Spot;4;false;0;Units;C;ECB concertation time 14:15 CET;2022-07-25;11.8737
B;Business;GBP;Pound sterling;NOK;Norwegian krone;SP;Spot;4;false;0;Units;C;ECB concertation time 14:15 CET;2022-07-26;11.8386
B;Business;GBP;Pound sterling;NOK;Norwegian krone;SP;Spot;4;false;0;Units;C;ECB concertation time 14:15 CET;2022-07-27;11.8327
B;Business;GBP;Pound sterling;NOK;Norwegian krone;SP;Spot;4;false;0;Units;C;ECB concertation time 14:15 CET;2022-07-28;11.8421
B;Business;GBP;Pound sterling;NOK;Norwegian krone;SP;Spot;4;false;0;Units;C;ECB concertation time 14:15 CET;2022-07-29;11.7601
B;Business;GBP;Pound sterling;NOK;Norwegian krone;SP;Spot;4;false;0;Units;C;ECB concertation time 14:15 CET;2022-08-01;11.7847
B;Business;GBP;Pound sterling;NOK;Norwegian krone;SP;Spot;4;false;0;Units;C;ECB concertation time 14:15 CET;2022-08-02;11.8694
B;Business;GBP;Pound sterling;NOK;Norwegian krone;SP;Spot;4;false;0;Units;C;ECB concertation time 14:15 CET;2022-08-03;11.8073
B;Business;GBP;Pound sterling;NOK;Norwegian krone;SP;Spot;4;false;0;Units;C;ECB concertation time 14:15 CET;2022-08-04;11.7611
B;Business;GBP;Pound sterling;NOK;Norwegian krone;SP;Spot;4;false;0;Units;C;ECB concertation time 14:15 CET;2022-08-05;11.8455
B;Business;GBP;Pound sterling;NOK;Norwegian krone;SP;Spot;4;false;0;Units;C;ECB concertation time 14:15 CET;2022-08-08;11.8107
B;Business;GBP;Pound sterling;NOK;Norwegian krone;SP;Spot;4;false;0;Units;C;ECB concertation time 14:15 CET;2022-08-09;11.7564
B;Business;GBP;Pound sterling;NOK;Norwegian krone;SP;Spot;4;false;0;Units;C;ECB concertation time 14:15 CET;2022-08-10;11.715
B;Business;GBP;Pound sterling;NOK;Norwegian krone;SP;Spot;4;false;0;Units;C;ECB concertation time 14:15 CET;2022-08-11;11.5921
B;Business;GBP;Pound sterling;NOK;Norwegian krone;SP;Spot;4;false;0;Units;C;ECB concertation time 14:15 CET;2022-08-12;11.5835
B;Business;GBP;Pound sterling;NOK;Norwegian krone;SP;Spot;4;false;0;Units;C;ECB concertation time 14:15 CET;2022-08-15;11.699
B;Business;GBP;Pound sterling;NOK;Norwegian krone;SP;Spot;4;false;0;Units;C;ECB concertation time 14:15 CET;2022-08-16;11.6873
B;Business;GBP;Pound sterling;NOK;Norwegian krone;SP;Spot;4;false;0;Units;C;ECB concertation time 14:15 CET;2022-08-17;11.6887
B;Business;GBP;Pound sterling;NOK;Norwegian krone;SP;Spot;4;false;0;Units;C;ECB concertation time 14:15 CET;2022-08-18;11.6461
B;Business;GBP;Pound sterling;NOK;Norwegian krone;SP;Spot;4;false;0;Units;C;ECB concertation time 14:15 CET;2022-08-19;11.587
B;Business;GBP;Pound sterling;NOK;Norwegian krone;SP;Spot;4;false;0;Units;C;ECB concertation time 14:15 CET;2022-08-22;11.5428
B;Business;GBP;Pound sterling;NOK;Norwegian krone;SP;Spot;4;false;0;Units;C;ECB concertation time 14:15 CET;2022-08-23;11.5526
B;Business;GBP;Pound sterling;NOK;Norwegian krone;SP;Spot;4;false;0;Units;C;ECB concertation time 14:15 CET;2022-08-24;11.4329
B;Business;GBP;Pound sterling;NOK;Norwegian krone;SP;Spot;4;false;0;Units;C;ECB concertation time 14:15 CET;2022-08-25;11.4363
B;Business;GBP;Pound sterling;NOK;Norwegian krone;SP;Spot;4;false;0;Units;C;ECB concertation time 14:15 CET;2022-08-26;11.4281
B;Business;GBP;Pound sterling;NOK;Norwegian krone;SP;Spot;4;false;0;Units;C;ECB concertation time 14:15 CET;2022-08-29;11.4347
B;Business;GBP;Pound sterling;NOK;Norwegian krone;SP;Spot;4;false;0;Units;C;ECB concertation time 14:15 CET;2022-08-30;11.3904
B;Business;GBP;Pound sterling;NOK;Norwegian krone;SP;Spot;4;false;0;Units;C;ECB concertation time 14:15 CET;2022-08-31;11.552
B;Business;GBP;Pound sterling;NOK;Norwegian krone;SP;Spot;4;false;0;Units;C;ECB concertation time 14:15 CET;2022-09-01;11.5793
B;Business;GBP;Pound sterling;NOK;Norwegian krone;SP;Spot;4;false;0;Units;C;ECB concertation time 14:15 CET;2022-09-02;11.5677
B;Business;GBP;Pound sterling;NOK;Norwegian krone;SP;Spot;4;false;0;Units;C;ECB concertation time 14:15 CET;2022-09-05;11.4857
B;Business;GBP;Pound sterling;NOK;Norwegian krone;SP;Spot;4;false;0;Units;C;ECB concertation time 14:15 CET;2022-09-06;11.5397
B;Business;GBP;Pound sterling;NOK;Norwegian krone;SP;Spot;4;false;0;Units;C;ECB concertation time 14:15 CET;2022-09-07;11.4996
B;Business;GBP;Pound sterling;NOK;Norwegian krone;SP;Spot;4;false;0;Units;C;ECB concertation time 14:15 CET;2022-09-08;11.6109
B;Business;GBP;Pound sterling;NOK;Norwegian krone;SP;Spot;4;false;0;Units;C;ECB concertation time 14:15 CET;2022-09-09;11.4939
B;Business;GBP;Pound sterling;NOK;Norwegian krone;SP;Spot;4;false;0;Units;C;ECB concertation time 14:15 CET;2022-09-12;11.4912
B;Business;GBP;Pound sterling;NOK;Norwegian krone;SP;Spot;4;false;0;Units;C;ECB concertation time 14:15 CET;2022-09-13;11.5203
B;Business;GBP;Pound sterling;NOK;Norwegian krone;SP;Spot;4;false;0;Units;C;ECB concertation time 14:15 CET;2022-09-14;11.691
B;Business;GBP;Pound sterling;NOK;Norwegian krone;SP;Spot;4;false;0;Units;C;ECB concertation time 14:15 CET;2022-09-15;11.6414
B;Business;GBP;Pound sterling;NOK;Norwegian krone;SP;Spot;4;false;0;Units;C;ECB concertation time 14:15 CET;2022-09-16;11.6688
B;Business;GBP;Pound sterling;NOK;Norwegian krone;SP;Spot;4;false;0;Units;C;ECB concertation time 14:15 CET;2022-09-19;11.7134
B;Business;GBP;Pound sterling;NOK;Norwegian krone;SP;Spot;4;false;0;Units;C;ECB concertation time 14:15 CET;2022-09-20;11.7547
B;Business;GBP;Pound sterling;NOK;Norwegian krone;SP;Spot;4;false;0;Units;C;ECB concertation time 14:15 CET;2022-09-21;11.7774
B;Business;GBP;Pound sterling;NOK;Norwegian krone;SP;Spot;4;false;0;Units;C;ECB concertation time 14:15 CET;2022-09-22;11.7299
B;Business;GBP;Pound sterling;NOK;Norwegian krone;SP;Spot;4;false;0;Units;C;ECB concertation time 14:15 CET;2022-09-23;11.6025
B;Business;GBP;Pound sterling;NOK;Norwegian krone;SP;Spot;4;false;0;Units;C;ECB concertation time 14:15 CET;2022-09-26;11.5862
B;Business;GBP;Pound sterling;NOK;Norwegian krone;SP;Spot;4;false;0;Units;C;ECB concertation time 14:15 CET;2022-09-27;11.5904
B;Business;GBP;Pound sterling;NOK;Norwegian krone;SP;Spot;4;false;0;Units;C;ECB concertation time 14:15 CET;2022-09-28;11.5851
B;Business;GBP;Pound sterling;NOK;Norwegian krone;SP;Spot;4;false;0;Units;C;ECB concertation time 14:15 CET;2022-09-29;11.6799
B;Business;GBP;Pound sterling;NOK;Norwegian krone;SP;Spot;4;false;0;Units;C;ECB concertation time 14:15 CET;2022-09-30;11.9862
B;Business;GBP;Pound sterling;NOK;Norwegian krone;SP;Spot;4;false;0;Units;C;ECB concertation time 14:15 CET;2022-10-03;12.1345
B;Business;GBP;Pound sterling;NOK;Norwegian krone;SP;Spot;4;false;0;Units;C;ECB concertation time 14:15 CET;2022-10-04;12.0215
B;Business;GBP;Pound sterling;NOK;Norwegian krone;SP;Spot;4;false;0;Units;C;ECB concertation time 14:15 CET;2022-10-05;12.0057
B;Business;GBP;Pound sterling;NOK;Norwegian krone;SP;Spot;4;false;0;Units;C;ECB concertation time 14:15 CET;2022-10-06;11.9062
B;Business;GBP;Pound sterling;NOK;Norwegian krone;SP;Spot;4;false;0;Units;C;ECB concertation time 14:15 CET;2022-10-07;11.9586
B;Business;GBP;Pound sterling;NOK;Norwegian krone;SP;Spot;4;false;0;Units;C;ECB concertation time 14:15 CET;2022-10-10;11.7837
B;Business;GBP;Pound sterling;NOK;Norwegian krone;SP;Spot;4;false;0;Units;C;ECB concertation time 14:15 CET;2022-10-11;11.885
B;Business;GBP;Pound sterling;NOK;Norwegian krone;SP;Spot;4;false;0;Units;C;ECB concertation time 14:15 CET;2022-10-12;11.8562
B;Business;GBP;Pound sterling;NOK;Norwegian krone;SP;Spot;4;false;0;Units;C;ECB concertation time 14:15 CET;2022-10-13;11.9664
B;Business;GBP;Pound sterling;NOK;Norwegian krone;SP;Spot;4;false;0;Units;C;ECB concertation time 14:15 CET;2022-10-14;11.9004
B;Business;GBP;Pound sterling;NOK;Norwegian krone;SP;Spot;4;false;0;Units;C;ECB concertation time 14:15 CET;2022-10-17;11.9907
B;Business;GBP;Pound sterling;NOK;Norwegian krone;SP;Spot;4;false;0;Units;C;ECB concertation time 14:15 CET;2022-10-18;11.9096
B;Business;GBP;Pound sterling;NOK;Norwegian krone;SP;Spot;4;false;0;Units;C;ECB concertation time 14:15 CET;2022-10-19;11.9346
B;Business;GBP;Pound sterling;NOK;Norwegian krone;SP;Spot;4;false;0;Units;C;ECB concertation time 14:15 CET;2022-10-20;11.921
B;Business;GBP;Pound sterling;NOK;Norwegian krone;SP;Spot;4;false;0;Units;C;ECB concertation time 14:15 CET;2022-10-21;11.8907
B;Business;GBP;Pound sterling;NOK;Norwegian krone;SP;Spot;4;false;0;Units;C;ECB concertation time 14:15 CET;2022-10-24;11.9352
B;Business;GBP;Pound sterling;NOK;Norwegian krone;SP;Spot;4;false;0;Units;C;ECB concertation time 14:15 CET;2022-10-25;11.9241
B;Business;GBP;Pound sterling;NOK;Norwegian krone;SP;Spot;4;false;0;Units;C;ECB concertation time 14:15 CET;2022-10-26;11.9405
B;Business;GBP;Pound sterling;NOK;Norwegian krone;SP;Spot;4;false;0;Units;C;ECB concertation time 14:15 CET;2022-10-27;11.9223
B;Business;GBP;Pound sterling;NOK;Norwegian krone;SP;Spot;4;false;0;Units;C;ECB concertation time 14:15 CET;2022-10-28;11.9246
B;Business;GBP;Pound sterling;NOK;Norwegian krone;SP;Spot;4;false;0;Units;C;ECB concertation time 14:15 CET;2022-10-31;11.964
B;Business;GBP;Pound sterling;NOK;Norwegian krone;SP;Spot;4;false;0;Units;C;ECB concertation time 14:15 CET;2022-11-01;11.8333
B;Business;GBP;Pound sterling;NOK;Norwegian krone;SP;Spot;4;false;0;Units;C;ECB concertation time 14:15 CET;2022-11-02;11.8918
B;Business;GBP;Pound sterling;NOK;Norwegian krone;SP;Spot;4;false;0;Units;C;ECB concertation time 14:15 CET;2022-11-03;11.8704
B;Business;GBP;Pound sterling;NOK;Norwegian krone;SP;Spot;4;false;0;Units;C;ECB concertation time 14:15 CET;2022-11-04;11.6622
B;Business;GBP;Pound sterling;NOK;Norwegian krone;SP;Spot;4;false;0;Units;C;ECB concertation time 14:15 CET;2022-11-07;11.7697
B;Business;GBP;Pound sterling;NOK;Norwegian krone;SP;Spot;4;false;0;Units;C;ECB concertation time 14:15 CET;2022-11-08;11.7644
B;Business;GBP;Pound sterling;NOK;Norwegian krone;SP;Spot;4;false;0;Units;C;ECB concertation time 14:15 CET;2022-11-09;11.7597
B;Business;GBP;Pound sterling;NOK;Norwegian krone;SP;Spot;4;false;0;Units;C;ECB concertation time 14:15 CET;2022-11-10;11.8691
B;Business;GBP;Pound sterling;NOK;Norwegian krone;SP;Spot;4;false;0;Units;C;ECB concertation time 14:15 CET;2022-11-11;11.7246
B;Business;GBP;Pound sterling;NOK;Norwegian krone;SP;Spot;4;false;0;Units;C;ECB concertation time 14:15 CET;2022-11-14;11.786
B;Business;GBP;Pound sterling;NOK;Norwegian krone;SP;Spot;4;false;0;Units;C;ECB concertation time 14:15 CET;2022-11-15;11.8427
B;Business;GBP;Pound sterling;NOK;Norwegian krone;SP;Spot;4;false;0;Units;C;ECB concertation time 14:15 CET;2022-11-16;11.8509
B;Business;GBP;Pound sterling;NOK;Norwegian krone;SP;Spot;4;false;0;Units;C;ECB concertation time 14:15 CET;2022-11-17;12.0011
B;Business;GBP;Pound sterling;NOK;Norwegian krone;SP;Spot;4;false;0;Units;C;ECB concertation time 14:15 CET;2022-11-18;12.0442
B;Business;GBP;Pound sterling;NOK;Norwegian krone;SP;Spot;4;false;0;Units;C;ECB concertation time 14:15 CET;2022-11-21;12.086
B;Business;GBP;Pound sterling;NOK;Norwegian krone;SP;Spot;4;false;0;Units;C;ECB concertation time 14:15 CET;2022-11-22;12.0944
B;Business;GBP;Pound sterling;NOK;Norwegian krone;SP;Spot;4;false;0;Units;C;ECB concertation time 14:15 CET;2022-11-23;12.0019
B;Business;GBP;Pound sterling;NOK;Norwegian krone;SP;Spot;4;false;0;Units;C;ECB concertation time 14:15 CET;2022-11-24;12.0367
B;Business;GBP;Pound sterling;NOK;Norwegian krone;SP;Spot;4;false;0;Units;C;ECB concertation time 14:15 CET;2022-11-25;11.991
B;Business;GBP;Pound sterling;NOK;Norwegian krone;SP;Spot;4;false;0;Units;C;ECB concertation time 14:15 CET;2022-11-28;11.9668
B;Business;GBP;Pound sterling;NOK;Norwegian krone;SP;Spot;4;false;0;Units;C;ECB concertation time 14:15 CET;2022-11-29;11.9828
B;Business;GBP;Pound sterling;NOK;Norwegian krone;SP;Spot;4;false;0;Units;C;ECB concertation time 14:15 CET;2022-11-30;11.8685
B;Business;GBP;Pound sterling;NOK;Norwegian krone;SP;Spot;4;false;0;Units;C;ECB concertation time 14:15 CET;2022-12-01;11.9577
B;Business;GBP;Pound sterling;NOK;Norwegian krone;SP;Spot;4;false;0;Units;C;ECB concertation time 14:15 CET;2022-12-02;11.9521
B;Business;GBP;Pound sterling;NOK;Norwegian krone;SP;Spot;4;false;0;Units;C;ECB concertation time 14:15 CET;2022-12-05;12.0074
B;Business;GBP;Pound sterling;NOK;Norwegian krone;SP;Spot;4;false;0;Units;C;ECB concertation time 14:15 CET;2022-12-06;12.1165
B;Business;GBP;Pound sterling;NOK;Norwegian krone;SP;Spot;4;false;0;Units;C;ECB concertation time 14:15 CET;2022-12-07;12.1812
B;Business;GBP;Pound sterling;NOK;Norwegian krone;SP;Spot;4;false;0;Units;C;ECB concertation time 14:15 CET;2022-12-08;12.1589
B;Business;GBP;Pound sterling;NOK;Norwegian krone;SP;Spot;4;false;0;Units;C;ECB concertation time 14:15 CET;2022-12-09;12.2565
B;Business;GBP;Pound sterling;NOK;Norwegian krone;SP;Spot;4;false;0;Units;C;ECB concertation time 14:15 CET;2022-12-12;12.2722
B;Business;GBP;Pound sterling;NOK;Norwegian krone;SP;Spot;4;false;0;Units;C;ECB concertation time 14:15 CET;2022-12-13;12.207
B;Business;GBP;Pound sterling;NOK;Norwegian krone;SP;Spot;4;false;0;Units;C;ECB concertation time 14:15 CET;2022-12-14;12.0323
B;Business;GBP;Pound sterling;NOK;Norwegian krone;SP;Spot;4;false;0;Units;C;ECB concertation time 14:15 CET;2022-12-15;12.0673
B;Business;GBP;Pound sterling;NOK;Norwegian krone;SP;Spot;4;false;0;Units;C;ECB concertation time 14:15 CET;2022-12-16;12.0176
B;Business;GBP;Pound sterling;NOK;Norwegian krone;SP;Spot;4;false;0;Units;C;ECB concertation time 14:15 CET;2022-12-19;12.0555
B;Business;GBP;Pound sterling;NOK;Norwegian krone;SP;Spot;4;false;0;Units;C;ECB concertation time 14:15 CET;2022-12-20;12.0071
B;Business;GBP;Pound sterling;NOK;Norwegian krone;SP;Spot;4;false;0;Units;C;ECB concertation time 14:15 CET;2022-12-21;11.9005
B;Business;GBP;Pound sterling;NOK;Norwegian krone;SP;Spot;4;false;0;Units;C;ECB concertation time 14:15 CET;2022-12-22;11.7996
B;Business;GBP;Pound sterling;NOK;Norwegian krone;SP;Spot;4;false;0;Units;C;ECB concertation time 14:15 CET;2022-12-23;11.865
B;Business;GBP;Pound sterling;NOK;Norwegian krone;SP;Spot;4;false;0;Units;C;ECB concertation time 14:15 CET;2022-12-27;11.875
B;Business;GBP;Pound sterling;NOK;Norwegian krone;SP;Spot;4;false;0;Units;C;ECB concertation time 14:15 CET;2022-12-28;11.8666
B;Business;GBP;Pound sterling;NOK;Norwegian krone;SP;Spot;4;false;0;Units;C;ECB concertation time 14:15 CET;2022-12-29;11.9143
B;Business;GBP;Pound sterling;NOK;Norwegian krone;SP;Spot;4;false;0;Units;C;ECB concertation time 14:15 CET;2022-12-30;11.8541
B;Business;GBP;Pound sterling;NOK;Norwegian krone;SP;Spot;4;false;0;Units;C;ECB concertation time 14:15 CET;2023-01-02;11.8622
B;Business;GBP;Pound sterling;NOK;Norwegian krone;SP;Spot;4;false;0;Units;C;ECB concertation time 14:15 CET;2023-01-03;11.9571
B;Business;GBP;Pound sterling;NOK;Norwegian krone;SP;Spot;4;false;0;Units;C;ECB concertation time 14:15 CET;2023-01-04;12.1917
B;Business;GBP;Pound sterling;NOK;Norwegian krone;SP;Spot;4;false;0;Units;C;ECB concertation time 14:15 CET;2023-01-05;12.1455
B;Business;GBP;Pound sterling;NOK;Norwegian krone;SP;Spot;4;false;0;Units;C;ECB concertation time 14:15 CET;2023-01-06;12.2147
B;Business;GBP;Pound sterling;NOK;Norwegian krone;SP;Spot;4;false;0;Units;C;ECB concertation time 14:15 CET;2023-01-09;12.0512
B;Business;GBP;Pound sterling;NOK;Norwegian krone;SP;Spot;4;false;0;Units;C;ECB concertation time 14:15 CET;2023-01-10;12.0893
B;Business;GBP;Pound sterling;NOK;Norwegian krone;SP;Spot;4;false;0;Units;C;ECB concertation time 14:15 CET;2023-01-11;12.1097
B;Business;GBP;Pound sterling;NOK;Norwegian krone;SP;Spot;4;false;0;Units;C;ECB concertation time 14:15 CET;2023-01-12;12.0902
B;Business;GBP;Pound sterling;NOK;Norwegian krone;SP;Spot;4;false;0;Units;C;ECB concertation time 14:15 CET;2023-01-13;12.0434
B;Business;GBP;Pound sterling;NOK;Norwegian krone;SP;Spot;4;false;0;Units;C;ECB concertation time 14:15 CET;2023-01-16;12.0491
B;Business;GBP;Pound sterling;NOK;Norwegian krone;SP;Spot;4;false;0;Units;C;ECB concertation time 14:15 CET;2023-01-17;12.1297
B;Business;GBP;Pound sterling;NOK;Norwegian krone;SP;Spot;4;false;0;Units;C;ECB concertation time 14:15 CET;2023-01-18;12.1733
B;Business;GBP;Pound sterling;NOK;Norwegian krone;SP;Spot;4;false;0;Units;C;ECB concertation time 14:15 CET;2023-01-19;12.2604
B;Business;GBP;Pound sterling;NOK;Norwegian krone;SP;Spot;4;false;0;Units;C;ECB concertation time 14:15 CET;2023-01-20;12.23
B;Business;GBP;Pound sterling;NOK;Norwegian krone;SP;Spot;4;false;0;Units;C;ECB concertation time 14:15 CET;2023-01-23;12.1445
B;Business;GBP;Pound sterling;NOK;Norwegian krone;SP;Spot;4;false;0;Units;C;ECB concertation time 14:15 CET;2023-01-24;12.1303
B;Business;GBP;Pound sterling;NOK;Norwegian krone;SP;Spot;4;false;0;Units;C;ECB concertation time 14:15 CET;2023-01-25;12.2265
B;Business;GBP;Pound sterling;NOK;Norwegian krone;SP;Spot;4;false;0;Units;C;ECB concertation time 14:15 CET;2023-01-26;12.2372
B;Business;GBP;Pound sterling;NOK;Norwegian krone;SP;Spot;4;false;0;Units;C;ECB concertation time 14:15 CET;2023-01-27;12.2433
B;Business;GBP;Pound sterling;NOK;Norwegian krone;SP;Spot;4;false;0;Units;C;ECB concertation time 14:15 CET;2023-01-30;12.2673
B;Business;GBP;Pound sterling;NOK;Norwegian krone;SP;Spot;4;false;0;Units;C;ECB concertation time 14:15 CET;2023-01-31;12.3855
B;Business;GBP;Pound sterling;NOK;Norwegian krone;SP;Spot;4;false;0;Units;C;ECB concertation time 14:15 CET;2023-02-01;12.2798
B;Business;GBP;Pound sterling;NOK;Norwegian krone;SP;Spot;4;false;0;Units;C;ECB concertation time 14:15 CET;2023-02-02;12.2675
B;Business;GBP;Pound sterling;NOK;Norwegian krone;SP;Spot;4;false;0;Units;C;ECB concertation time 14:15 CET;2023-02-03;12.3006
B;Business;GBP;Pound sterling;NOK;Norwegian krone;SP;Spot;4;false;0;Units;C;ECB concertation time 14:15 CET;2023-02-06;12.369
B;Business;GBP;Pound sterling;NOK;Norwegian krone;SP;Spot;4;false;0;Units;C;ECB concertation time 14:15 CET;2023-02-07;12.453
B;Business;GBP;Pound sterling;NOK;Norwegian krone;SP;Spot;4;false;0;Units;C;ECB concertation time 14:15 CET;2023-02-08;12.4167
B;Business;GBP;Pound sterling;NOK;Norwegian krone;SP;Spot;4;false;0;Units;C;ECB concertation time 14:15 CET;2023-02-09;12.3282
B;Business;GBP;Pound sterling;NOK;Norwegian krone;SP;Spot;4;false;0;Units;C;ECB concertation time 14:15 CET;2023-02-10;12.3047
B;Business;GBP;Pound sterling;NOK;Norwegian krone;SP;Spot;4;false;0;Units;C;ECB concertation time 14:15 CET;2023-02-13;12.2578
B;Business;GBP;Pound sterling;NOK;Norwegian krone;SP;Spot;4;false;0;Units;C;ECB concertation time 14:15 CET;2023-02-14;12.3436
B;Business;GBP;Pound sterling;NOK;Norwegian krone;SP;Spot;4;false;0;Units;C;ECB concertation time 14:15 CET;2023-02-15;12.293
B;Business;GBP;Pound sterling;NOK;Norwegian krone;SP;Spot;4;false;0;Units;C;ECB concertation time 14:15 CET;2023-02-16;12.321
B;Business;GBP;Pound sterling;NOK;Norwegian krone;SP;Spot;4;false;0;Units;C;ECB concertation time 14:15 CET;2023-02-17;12.392
B;Business;GBP;Pound sterling;NOK;Norwegian krone;SP;Spot;4;false;0;Units;C;ECB concertation time 14:15 CET;2023-02-20;12.3603
B;Business;GBP;Pound sterling;NOK;Norwegian krone;SP;Spot;4;false;0;Units;C;ECB concertation time 14:15 CET;2023-02-21;12.4502
B;Business;GBP;Pound sterling;NOK;Norwegian krone;SP;Spot;4;false;0;Units;C;ECB concertation time 14:15 CET;2023-02-22;12.4697
B;Business;GBP;Pound sterling;NOK;Norwegian krone;SP;Spot;4;false;0;Units;C;ECB concertation time 14:15 CET;2023-02-23;12.4285
B;Business;GBP;Pound sterling;NOK;Norwegian krone;SP;Spot;4;false;0;Units;C;ECB concertation time 14:15 CET;2023-02-24;12.3939
B;Business;GBP;Pound sterling;NOK;Norwegian krone;SP;Spot;4;false;0;Units;C;ECB concertation time 14:15 CET;2023-02-27;12.4482
B;Business;GBP;Pound sterling;NOK;Norwegian krone;SP;Spot;4;false;0;Units;C;ECB concertation time 14:15 CET;2023-02-28;12.5099
B;Business;GBP;Pound sterling;NOK;Norwegian krone;SP;Spot;4;false;0;Units;C;ECB concertation time 14:15 CET;2023-03-01;12.4602
B;Business;GBP;Pound sterling;NOK;Norwegian krone;SP;Spot;4;false;0;Units;C;ECB concertation time 14:15 CET;2023-03-02;12.4852
B;Business;GBP;Pound sterling;NOK;Norwegian krone;SP;Spot;4;false;0;Units;C;ECB concertation time 14:15 CET;2023-03-03;12.4941
B;Business;GBP;Pound sterling;NOK;Norwegian krone;SP;Spot;4;false;0;Units;C;ECB concertation time 14:15 CET;2023-03-06;12.5363
B;Business;GBP;Pound sterling;NOK;Norwegian krone;SP;Spot;4;false;0;Units;C;ECB concertation time 14:15 CET;2023-03-07;12.5815
B;Business;GBP;Pound sterling;NOK;Norwegian krone;SP;Spot;4;false;0;Units;C;ECB concertation time 14:15 CET;2023-03-08;12.5968
B;Business;GBP;Pound sterling;NOK;Norwegian krone;SP;Spot;4;false;0;Units;C;ECB concertation time 14:15 CET;2023-03-09;12.6911
B;Business;GBP;Pound sterling;NOK;Norwegian krone;SP;Spot;4;false;0;Units;C;ECB concertation time 14:15 CET;2023-03-10;12.792
B;Business;GBP;Pound sterling;NOK;Norwegian krone;SP;Spot;4;false;0;Units;C;ECB concertation time 14:15 CET;2023-03-13;12.8882
B;Business;GBP;Pound sterling;NOK;Norwegian krone;SP;Spot;4;false;0;Units;C;ECB concertation time 14:15 CET;2023-03-14;12.8728
B;Business;GBP;Pound sterling;NOK;Norwegian krone;SP;Spot;4;false;0;Units;C;ECB concertation time 14:15 CET;2023-03-15;12.9982
B;Business;GBP;Pound sterling;NOK;Norwegian krone;SP;Spot;4;false;0;Units;C;ECB concertation time 14:15 CET;2023-03-16;13.0366
B;Business;GBP;Pound sterling;NOK;Norwegian krone;SP;Spot;4;false;0;Units;C;ECB concertation time 14:15 CET;2023-03-17;13.0553
B;Business;GBP;Pound sterling;NOK;Norwegian krone;SP;Spot;4;false;0;Units;C;ECB concertation time 14:15 CET;2023-03-20;13.0436
B;Business;GBP;Pound sterling;NOK;Norwegian krone;SP;Spot;4;false;0;Units;C;ECB concertation time 14:15 CET;2023-03-21;12.8503
B;Business;GBP;Pound sterling;NOK;Norwegian krone;SP;Spot;4;false;0;Units;C;ECB concertation time 14:15 CET;2023-03-22;12.8883
B;Business;GBP;Pound sterling;NOK;Norwegian krone;SP;Spot;4;false;0;Units;C;ECB concertation time 14:15 CET;2023-03-23;12.747
B;Business;GBP;Pound sterling;NOK;Norwegian krone;SP;Spot;4;false;0;Units;C;ECB concertation time 14:15 CET;2023-03-24;12.8571
B;Business;GBP;Pound sterling;NOK;Norwegian krone;SP;Spot;4;false;0;Units;C;ECB concertation time 14:15 CET;2023-03-27;12.9108
B;Business;GBP;Pound sterling;NOK;Norwegian krone;SP;Spot;4;false;0;Units;C;ECB concertation time 14:15 CET;2023-03-28;12.8773
B;Business;GBP;Pound sterling;NOK;Norwegian krone;SP;Spot;4;false;0;Units;C;ECB concertation time 14:15 CET;2023-03-29;12.8432
B;Business;GBP;Pound sterling;NOK;Norwegian krone;SP;Spot;4;false;0;Units;C;ECB concertation time 14:15 CET;2023-03-30;12.8817
B;Business;GBP;Pound sterling;NOK;Norwegian krone;SP;Spot;4;false;0;Units;C;ECB concertation time 14:15 CET;2023-03-31;12.9595
B;Business;GBP;Pound sterling;NOK;Norwegian krone;SP;Spot;4;false;0;Units;C;ECB concertation time 14:15 CET;2023-04-03;12.8164
B;Business;GBP;Pound sterling;NOK;Norwegian krone;SP;Spot;4;false;0;Units;C;ECB concertation time 14:15 CET;2023-04-04;12.864
B;Business;GBP;Pound sterling;NOK;Norwegian krone;SP;Spot;4;false;0;Units;C;ECB concertation time 14:15 CET;2023-04-05;12.9999
B;Business;GBP;Pound sterling;NOK;Norwegian krone;SP;Spot;4;false;0;Units;C;ECB concertation time 14:15 CET;2023-04-11;13.1568
B;Business;GBP;Pound sterling;NOK;Norwegian krone;SP;Spot;4;false;0;Units;C;ECB concertation time 14:15 CET;2023-04-12;13.0336
B;Business;GBP;Pound sterling;NOK;Norwegian krone;SP;Spot;4;false;0;Units;C;ECB concertation time 14:15 CET;2023-04-13;13.0107
B;Business;GBP;Pound sterling;NOK;Norwegian krone;SP;Spot;4;false;0;Units;C;ECB concertation time 14:15 CET;2023-04-14;12.8924
B;Business;GBP;Pound sterling;NOK;Norwegian krone;SP;Spot;4;false;0;Units;C;ECB concertation time 14:15 CET;2023-04-17;12.8591
B;Business;GBP;Pound sterling;NOK;Norwegian krone;SP;Spot;4;false;0;Units;C;ECB concertation time 14:15 CET;2023-04-18;13.0101
B;Business;GBP;Pound sterling;NOK;Norwegian krone;SP;Spot;4;false;0;Units;C;ECB concertation time 14:15 CET;2023-04-19;13.0902
B;Business;GBP;Pound sterling;NOK;Norwegian krone;SP;Spot;4;false;0;Units;C;ECB concertation time 14:15 CET;2023-04-20;13.1635
B;Business;GBP;Pound sterling;NOK;Norwegian krone;SP;Spot;4;false;0;Units;C;ECB concertation time 14:15 CET;2023-04-21;13.154
B;Business;GBP;Pound sterling;NOK;Norwegian krone;SP;Spot;4;false;0;Units;C;ECB concertation time 14:15 CET;2023-04-24;13.166
B;Business;GBP;Pound sterling;NOK;Norwegian krone;SP;Spot;4;false;0;Units;C;ECB concertation time 14:15 CET;2023-04-25;13.1931
B;Business;GBP;Pound sterling;NOK;Norwegian krone;SP;Spot;4;false;0;Units;C;ECB concertation time 14:15 CET;2023-04-26;13.2362
B;Business;GBP;Pound sterling;NOK;Norwegian krone;SP;Spot;4;false;0;Units;C;ECB concertation time 14:15 CET;2023-04-27;13.2469
B;Business;GBP;Pound sterling;NOK;Norwegian krone;SP;Spot;4;false;0;Units;C;ECB concertation time 14:15 CET;2023-04-28;13.3913
B;Business;GBP;Pound sterling;NOK;Norwegian krone;SP;Spot;4;false;0;Units;C;ECB concertation time 14:15 CET;2023-05-02;13.386
B;Business;GBP;Pound sterling;NOK;Norwegian krone;SP;Spot;4;false;0;Units;C;ECB concertation time 14:15 CET;2023-05-03;13.4663
B;Business;GBP;Pound sterling;NOK;Norwegian krone;SP;Spot;4;false;0;Units;C;ECB concertation time 14:15 CET;2023-05-04;13.4388
B;Business;GBP;Pound sterling;NOK;Norwegian krone;SP;Spot;4;false;0;Units;C;ECB concertation time 14:15 CET;2023-05-05;13.3781
B;Business;GBP;Pound sterling;NOK;Norwegian krone;SP;Spot;4;false;0;Units;C;ECB concertation time 14:15 CET;2023-05-08;13.2417
B;Business;GBP;Pound sterling;NOK;Norwegian krone;SP;Spot;4;false;0;Units;C;ECB concertation time 14:15 CET;2023-05-09;13.3061
B;Business;GBP;Pound sterling;NOK;Norwegian krone;SP;Spot;4;false;0;Units;C;ECB concertation time 14:15 CET;2023-05-10;13.3027
B;Business;GBP;Pound sterling;NOK;Norwegian krone;SP;Spot;4;false;0;Units;C;ECB concertation time 14:15 CET;2023-05-11;13.2703
B;Business;GBP;Pound sterling;NOK;Norwegian krone;SP;Spot;4;false;0;Units;C;ECB concertation time 14:15 CET;2023-05-12;13.3659
B;Business;GBP;Pound sterling;NOK;Norwegian krone;SP;Spot;4;false;0;Units;C;ECB concertation time 14:15 CET;2023-05-15;13.3225
B;Business;GBP;Pound sterling;NOK;Norwegian krone;SP;Spot;4;false;0;Units;C;ECB concertation time 14:15 CET;2023-05-16;13.3578
B;Business;GBP;Pound sterling;NOK;Norwegian krone;SP;Spot;4;false;0;Units;C;ECB concertation time 14:15 CET;2023-05-19;13.4742
B;Business;GBP;Pound sterling;NOK;Norwegian krone;SP;Spot;4;false;0;Units;C;ECB concertation time 14:15 CET;2023-05-22;13.5602
B;Business;GBP;Pound sterling;NOK;Norwegian krone;SP;Spot;4;false;0;Units;C;ECB concertation time 14:15 CET;2023-05-23;13.5551
B;Business;GBP;Pound sterling;NOK;Norwegian krone;SP;Spot;4;false;0;Units;C;ECB concertation time 14:15 CET;2023-05-24;13.5844
B;Business;GBP;Pound sterling;NOK;Norwegian krone;SP;Spot;4;false;0;Units;C;ECB concertation time 14:15 CET;2023-05-25;13.5604
B;Business;GBP;Pound sterling;NOK;Norwegian krone;SP;Spot;4;false;0;Units;C;ECB concertation time 14:15 CET;2023-05-26;13.6175
B;Business;GBP;Pound sterling;NOK;Norwegian krone;SP;Spot;4;false;0;Units;C;ECB concertation time 14:15 CET;2023-05-30;13.7492
B;Business;GBP;Pound sterling;NOK;Norwegian krone;SP;Spot;4;false;0;Units;C;ECB concertation time 14:15 CET;2023-05-31;13.8933
B;Business;GBP;Pound sterling;NOK;Norwegian krone;SP;Spot;4;false;0;Units;C;ECB concertation time 14:15 CET;2023-06-01;13.9438
B;Business;GBP;Pound sterling;NOK;Norwegian krone;SP;Spot;4;false;0;Units;C;ECB concertation time 14:15 CET;2023-06-02;13.7845
B;Business;GBP;Pound sterling;NOK;Norwegian krone;SP;Spot;4;false;0;Units;C;ECB concertation time 14:15 CET;2023-06-05;13.7014
B;Business;GBP;Pound sterling;NOK;Norwegian krone;SP;Spot;4;false;0;Units;C;ECB concertation time 14:15 CET;2023-06-06;13.7945
B;Business;GBP;Pound sterling;NOK;Norwegian krone;SP;Spot;4;false;0;Units;C;ECB concertation time 14:15 CET;2023-06-07;13.7228
B;Business;GBP;Pound sterling;NOK;Norwegian krone;SP;Spot;4;false;0;Units;C;ECB concertation time 14:15 CET;2023-06-08;13.6542
B;Business;GBP;Pound sterling;NOK;Norwegian krone;SP;Spot;4;false;0;Units;C;ECB concertation time 14:15 CET;2023-06-09;13.5346
B;Business;GBP;Pound sterling;NOK;Norwegian krone;SP;Spot;4;false;0;Units;C;ECB concertation time 14:15 CET;2023-06-12;13.5787
B;Business;GBP;Pound sterling;NOK;Norwegian krone;SP;Spot;4;false;0;Units;C;ECB concertation time 14:15 CET;2023-06-13;13.5393
B;Business;GBP;Pound sterling;NOK;Norwegian krone;SP;Spot;4;false;0;Units;C;ECB concertation time 14:15 CET;2023-06-14;13.4293
B;Business;GBP;Pound sterling;NOK;Norwegian krone;SP;Spot;4;false;0;Units;C;ECB concertation time 14:15 CET;2023-06-15;13.4446
B;Business;GBP;Pound sterling;NOK;Norwegian krone;SP;Spot;4;false;0;Units;C;ECB concertation time 14:15 CET;2023-06-16;13.4815
B;Business;GBP;Pound sterling;NOK;Norwegian krone;SP;Spot;4;false;0;Units;C;ECB concertation time 14:15 CET;2023-06-19;13.6435
B;Business;GBP;Pound sterling;NOK;Norwegian krone;SP;Spot;4;false;0;Units;C;ECB concertation time 14:15 CET;2023-06-20;13.6696
B;Business;GBP;Pound sterling;NOK;Norwegian krone;SP;Spot;4;false;0;Units;C;ECB concertation time 14:15 CET;2023-06-21;13.6867
B;Business;GBP;Pound sterling;NOK;Norwegian krone;SP;Spot;4;false;0;Units;C;ECB concertation time 14:15 CET;2023-06-22;13.4692
B;Business;GBP;Pound sterling;NOK;Norwegian krone;SP;Spot;4;false;0;Units;C;ECB concertation time 14:15 CET;2023-06-23;13.8707
B;Business;GBP;Pound sterling;NOK;Norwegian krone;SP;Spot;4;false;0;Units;C;ECB concertation time 14:15 CET;2023-06-26;13.6333
B;Business;GBP;Pound sterling;NOK;Norwegian krone;SP;Spot;4;false;0;Units;C;ECB concertation time 14:15 CET;2023-06-27;13.6717
B;Business;GBP;Pound sterling;NOK;Norwegian krone;SP;Spot;4;false;0;Units;C;ECB concertation time 14:15 CET;2023-06-28;13.7
B;Business;GBP;Pound sterling;NOK;Norwegian krone;SP;Spot;4;false;0;Units;C;ECB concertation time 14:15 CET;2023-06-29;13.6163
B;Business;GBP;Pound sterling;NOK;Norwegian krone;SP;Spot;4;false;0;Units;C;ECB concertation time 14:15 CET;2023-06-30;13.6366
B;Business;GBP;Pound sterling;NOK;Norwegian krone;SP;Spot;4;false;0;Units;C;ECB concertation time 14:15 CET;2023-07-03;13.6014
B;Business;GBP;Pound sterling;NOK;Norwegian krone;SP;Spot;4;false;0;Units;C;ECB concertation time 14:15 CET;2023-07-04;13.535
B;Business;GBP;Pound sterling;NOK;Norwegian krone;SP;Spot;4;false;0;Units;C;ECB concertation time 14:15 CET;2023-07-05;13.5911
B;Business;GBP;Pound sterling;NOK;Norwegian krone;SP;Spot;4;false;0;Units;C;ECB concertation time 14:15 CET;2023-07-06;13.6408
B;Business;GBP;Pound sterling;NOK;Norwegian krone;SP;Spot;4;false;0;Units;C;ECB concertation time 14:15 CET;2023-07-07;13.7266
B;Business;GBP;Pound sterling;NOK;Norwegian krone;SP;Spot;4;false;0;Units;C;ECB concertation time 14:15 CET;2023-07-10;13.4878
B;Business;GBP;Pound sterling;NOK;Norwegian krone;SP;Spot;4;false;0;Units;C;ECB concertation time 14:15 CET;2023-07-11;13.4555
B;Business;GBP;Pound sterling;NOK;Norwegian krone;SP;Spot;4;false;0;Units;C;ECB concertation time 14:15 CET;2023-07-12;13.2716
B;Business;GBP;Pound sterling;NOK;Norwegian krone;SP;Spot;4;false;0;Units;C;ECB concertation time 14:15 CET;2023-07-13;13.1474
B;Business;GBP;Pound sterling;NOK;Norwegian krone;SP;Spot;4;false;0;Units;C;ECB concertation time 14:15 CET;2023-07-14;13.0979
B;Business;GBP;Pound sterling;NOK;Norwegian krone;SP;Spot;4;false;0;Units;C;ECB concertation time 14:15 CET;2023-07-17;13.0914
B;Business;GBP;Pound sterling;NOK;Norwegian krone;SP;Spot;4;false;0;Units;C;ECB concertation time 14:15 CET;2023-07-18;13.2103
B;Business;GBP;Pound sterling;NOK;Norwegian krone;SP;Spot;4;false;0;Units;C;ECB concertation time 14:15 CET;2023-07-19;12.9616
B;Business;GBP;Pound sterling;NOK;Norwegian krone;SP;Spot;4;false;0;Units;C;ECB concertation time 14:15 CET;2023-07-20;12.8342
B;Business;GBP;Pound sterling;NOK;Norwegian krone;SP;Spot;4;false;0;Units;C;ECB concertation time 14:15 CET;2023-07-21;12.8913
B;Business;GBP;Pound sterling;NOK;Norwegian krone;SP;Spot;4;false;0;Units;C;ECB concertation time 14:15 CET;2023-07-24;12.9618
B;Business;GBP;Pound sterling;NOK;Norwegian krone;SP;Spot;4;false;0;Units;C;ECB concertation time 14:15 CET;2023-07-25;12.955
B;Business;GBP;Pound sterling;NOK;Norwegian krone;SP;Spot;4;false;0;Units;C;ECB concertation time 14:15 CET;2023-07-26;13.0696
B;Business;GBP;Pound sterling;NOK;Norwegian krone;SP;Spot;4;false;0;Units;C;ECB concertation time 14:15 CET;2023-07-27;12.9563
B;Business;GBP;Pound sterling;NOK;Norwegian krone;SP;Spot;4;false;0;Units;C;ECB concertation time 14:15 CET;2023-07-28;13.0528
B;Business;GBP;Pound sterling;NOK;Norwegian krone;SP;Spot;4;false;0;Units;C;ECB concertation time 14:15 CET;2023-07-31;13.0362
B;Business;GBP;Pound sterling;NOK;Norwegian krone;SP;Spot;4;false;0;Units;C;ECB concertation time 14:15 CET;2023-08-01;13.0565
B;Business;GBP;Pound sterling;NOK;Norwegian krone;SP;Spot;4;false;0;Units;C;ECB concertation time 14:15 CET;2023-08-02;12.9728
B;Business;GBP;Pound sterling;NOK;Norwegian krone;SP;Spot;4;false;0;Units;C;ECB concertation time 14:15 CET;2023-08-03;13.0412
B;Business;GBP;Pound sterling;NOK;Norwegian krone;SP;Spot;4;false;0;Units;C;ECB concertation time 14:15 CET;2023-08-04;12.9776
B;Business;GBP;Pound sterling;NOK;Norwegian krone;SP;Spot;4;false;0;Units;C;ECB concertation time 14:15 CET;2023-08-07;12.9388
B;Business;GBP;Pound sterling;NOK;Norwegian krone;SP;Spot;4;false;0;Units;C;ECB concertation time 14:15 CET;2023-08-08;13.1096
B;Business;GBP;Pound sterling;NOK;Norwegian krone;SP;Spot;4;false;0;Units;C;ECB concertation time 14:15 CET;2023-08-09;13.0034
B;Business;GBP;Pound sterling;NOK;Norwegian krone;SP;Spot;4;false;0;Units;C;ECB concertation time 14:15 CET;2023-08-10;12.9511
B;Business;GBP;Pound sterling;NOK;Norwegian krone;SP;Spot;4;false;0;Units;C;ECB concertation time 14:15 CET;2023-08-11;13.2182
B;Business;GBP;Pound sterling;NOK;Norwegian krone;SP;Spot;4;false;0;Units;C;ECB concertation time 14:15 CET;2023-08-14;13.2622
B;Business;GBP;Pound sterling;NOK;Norwegian krone;SP;Spot;4;false;0;Units;C;ECB concertation time 14:15 CET;2023-08-15;13.3448
B;Business;GBP;Pound sterling;NOK;Norwegian krone;SP;Spot;4;false;0;Units;C;ECB concertation time 14:15 CET;2023-08-16;13.3726
B;Business;GBP;Pound sterling;NOK;Norwegian krone;SP;Spot;4;false;0;Units;C;ECB concertation time 14:15 CET;2023-08-17;13.4651
B;Business;GBP;Pound sterling;NOK;Norwegian krone;SP;Spot;4;false;0;Units;C;ECB concertation time 14:15 CET;2023-08-18;13.545
B;Business;GBP;Pound sterling;NOK;Norwegian krone;SP;Spot;4;false;0;Units;C;ECB concertation time 14:15 CET;2023-08-21;13.4782
B;Business;GBP;Pound sterling;NOK;Norwegian krone;SP;Spot;4;false;0;Units;C;ECB concertation time 14:15 CET;2023-08-22;13.5066
B;Business;GBP;Pound sterling;NOK;Norwegian krone;SP;Spot;4;false;0;Units;C;ECB concertation time 14:15 CET;2023-08-23;13.5115
B;Business;GBP;Pound sterling;NOK;Norwegian krone;SP;Spot;4;false;0;Units;C;ECB concertation time 14:15 CET;2023-08-24;13.5172
B;Business;GBP;Pound sterling;NOK;Norwegian krone;SP;Spot;4;false;0;Units;C;ECB concertation time 14:15 CET;2023-08-25;13.4489
B;Business;GBP;Pound sterling;NOK;Norwegian krone;SP;Spot;4;false;0;Units;C;ECB concertation time 14:15 CET;2023-08-28;13.4831
B;Business;GBP;Pound sterling;NOK;Norwegian krone;SP;Spot;4;false;0;Units;C;ECB concertation time 14:15 CET;2023-08-29;13.469
B;Business;GBP;Pound sterling;NOK;Norwegian krone;SP;Spot;4;false;0;Units;C;ECB concertation time 14:15 CET;2023-08-30;13.4381
B;Business;GBP;Pound sterling;NOK;Norwegian krone;SP;Spot;4;false;0;Units;C;ECB concertation time 14:15 CET;2023-08-31;13.5094
B;Business;GBP;Pound sterling;NOK;Norwegian krone;SP;Spot;4;false;0;Units;C;ECB concertation time 14:15 CET;2023-09-01;13.428
B;Business;GBP;Pound sterling;NOK;Norwegian krone;SP;Spot;4;false;0;Units;C;ECB concertation time 14:15 CET;2023-09-04;13.443
B;Business;GBP;Pound sterling;NOK;Norwegian krone;SP;Spot;4;false;0;Units;C;ECB concertation time 14:15 CET;2023-09-05;13.4956
B;Business;GBP;Pound sterling;NOK;Norwegian krone;SP;Spot;4;false;0;Units;C;ECB concertation time 14:15 CET;2023-09-06;13.4405
B;Business;GBP;Pound sterling;NOK;Norwegian krone;SP;Spot;4;false;0;Units;C;ECB concertation time 14:15 CET;2023-09-07;13.365
B;Business;GBP;Pound sterling;NOK;Norwegian krone;SP;Spot;4;false;0;Units;C;ECB concertation time 14:15 CET;2023-09-08;13.3224
B;Business;GBP;Pound sterling;NOK;Norwegian krone;SP;Spot;4;false;0;Units;C;ECB concertation time 14:15 CET;2023-09-11;13.338
B;Business;GBP;Pound sterling;NOK;Norwegian krone;SP;Spot;4;false;0;Units;C;ECB concertation time 14:15 CET;2023-09-12;13.3302
B;Business;GBP;Pound sterling;NOK;Norwegian krone;SP;Spot;4;false;0;Units;C;ECB concertation time 14:15 CET;2023-09-13;13.3326
B;Business;GBP;Pound sterling;NOK;Norwegian krone;SP;Spot;4;false;0;Units;C;ECB concertation time 14:15 CET;2023-09-14;13.3773
B;Business;GBP;Pound sterling;NOK;Norwegian krone;SP;Spot;4;false;0;Units;C;ECB concertation time 14:15 CET;2023-09-15;13.3003
B;Business;GBP;Pound sterling;NOK;Norwegian krone;SP;Spot;4;false;0;Units;C;ECB concertation time 14:15 CET;2023-09-18;13.4301
B;Business;GBP;Pound sterling;NOK;Norwegian krone;SP;Spot;4;false;0;Units;C;ECB concertation time 14:15 CET;2023-09-19;13.3203
B;Business;GBP;Pound sterling;NOK;Norwegian krone;SP;Spot;4;false;0;Units;C;ECB concertation time 14:15 CET;2023-09-20;13.2694
B;Business;GBP;Pound sterling;NOK;Norwegian krone;SP;Spot;4;false;0;Units;C;ECB concertation time 14:15 CET;2023-09-21;13.2933
B;Business;GBP;Pound sterling;NOK;Norwegian krone;SP;Spot;4;false;0;Units;C;ECB concertation time 14:15 CET;2023-09-22;13.1655
B;Business;GBP;Pound sterling;NOK;Norwegian krone;SP;Spot;4;false;0;Units;C;ECB concertation time 14:15 CET;2023-09-25;13.1432
B;Business;GBP;Pound sterling;NOK;Norwegian krone;SP;Spot;4;false;0;Units;C;ECB concertation time 14:15 CET;2023-09-26;13.1464
B;Business;GBP;Pound sterling;NOK;Norwegian krone;SP;Spot;4;false;0;Units;C;ECB concertation time 14:15 CET;2023-09-27;13.0872
B;Business;GBP;Pound sterling;NOK;Norwegian krone;SP;Spot;4;false;0;Units;C;ECB concertation time 14:15 CET;2023-09-28;13.1074
B;Business;GBP;Pound sterling;NOK;Norwegian krone;SP;Spot;4;false;0;Units;C;ECB concertation time 14:15 CET;2023-09-29;13.0161
B;Business;GBP;Pound sterling;NOK;Norwegian krone;SP;Spot;4;false;0;Units;C;ECB concertation time 14:15 CET;2023-10-02;13.0703
B;Business;GBP;Pound sterling;NOK;Norwegian krone;SP;Spot;4;false;0;Units;C;ECB concertation time 14:15 CET;2023-10-03;13.1672
B;Business;GBP;Pound sterling;NOK;Norwegian krone;SP;Spot;4;false;0;Units;C;ECB concertation time 14:15 CET;2023-10-04;13.2969
B;Business;GBP;Pound sterling;NOK;Norwegian krone;SP;Spot;4;false;0;Units;C;ECB concertation time 14:15 CET;2023-10-05;13.3599
B;Business;GBP;Pound sterling;NOK;Norwegian krone;SP;Spot;4;false;0;Units;C;ECB concertation time 14:15 CET;2023-10-06;13.4193
B;Business;GBP;Pound sterling;NOK;Norwegian krone;SP;Spot;4;false;0;Units;C;ECB concertation time 14:15 CET;2023-10-09;13.2718
B;Business;GBP;Pound sterling;NOK;Norwegian krone;SP;Spot;4;false;0;Units;C;ECB concertation time 14:15 CET;2023-10-10;13.3077
B;Business;GBP;Pound sterling;NOK;Norwegian krone;SP;Spot;4;false;0;Units;C;ECB concertation time 14:15 CET;2023-10-11;13.3256
B;Business;GBP;Pound sterling;NOK;Norwegian krone;SP;Spot;4;false;0;Units;C;ECB concertation time 14:15 CET;2023-10-12;13.3509
B;Business;GBP;Pound sterling;NOK;Norwegian krone;SP;Spot;4;false;0;Units;C;ECB concertation time 14:15 CET;2023-10-13;13.3264
B;Business;GBP;Pound sterling;NOK;Norwegian krone;SP;Spot;4;false;0;Units;C;ECB concertation time 14:15 CET;2023-10-16;13.3075
B;Business;GBP;Pound sterling;NOK;Norwegian krone;SP;Spot;4;false;0;Units;C;ECB concertation time 14:15 CET;2023-10-17;13.3333
B;Business;GBP;Pound sterling;NOK;Norwegian krone;SP;Spot;4;false;0;Units;C;ECB concertation time 14:15 CET;2023-10-18;13.3876
B;Business;GBP;Pound sterling;NOK;Norwegian krone;SP;Spot;4;false;0;Units;C;ECB concertation time 14:15 CET;2023-10-19;13.43
B;Business;GBP;Pound sterling;NOK;Norwegian krone;SP;Spot;4;false;0;Units;C;ECB concertation time 14:15 CET;2023-10-20;13.3934
B;Business;GBP;Pound sterling;NOK;Norwegian krone;SP;Spot;4;false;0;Units;C;ECB concertation time 14:15 CET;2023-10-23;13.5377
B;Business;GBP;Pound sterling;NOK;Norwegian krone;SP;Spot;4;false;0;Units;C;ECB concertation time 14:15 CET;2023-10-24;13.5886
B;Business;GBP;Pound sterling;NOK;Norwegian krone;SP;Spot;4;false;0;Units;C;ECB concertation time 14:15 CET;2023-10-25;13.5695
B;Business;GBP;Pound sterling;NOK;Norwegian krone;SP;Spot;4;false;0;Units;C;ECB concertation time 14:15 CET;2023-10-26;13.5999
B;Business;GBP;Pound sterling;NOK;Norwegian krone;SP;Spot;4;false;0;Units;C;ECB concertation time 14:15 CET;2023-10-27;13.5924
B;Business;GBP;Pound sterling;NOK;Norwegian krone;SP;Spot;4;false;0;Units;C;ECB concertation time 14:15 CET;2023-10-30;13.4988
B;Business;GBP;Pound sterling;NOK;Norwegian krone;SP;Spot;4;false;0;Units;C;ECB concertation time 14:15 CET;2023-10-31;13.5905
B;Business;GBP;Pound sterling;NOK;Norwegian krone;SP;Spot;4;false;0;Units;C;ECB concertation time 14:15 CET;2023-11-01;13.5672
B;Business;GBP;Pound sterling;NOK;Norwegian krone;SP;Spot;4;false;0;Units;C;ECB concertation time 14:15 CET;2023-11-02;13.6009
B;Business;GBP;Pound sterling;NOK;Norwegian krone;SP;Spot;4;false;0;Units;C;ECB concertation time 14:15 CET;2023-11-03;13.6274
B;Business;GBP;Pound sterling;NOK;Norwegian krone;SP;Spot;4;false;0;Units;C;ECB concertation time 14:15 CET;2023-11-06;13.6467
B;Business;GBP;Pound sterling;NOK;Norwegian krone;SP;Spot;4;false;0;Units;C;ECB concertation time 14:15 CET;2023-11-07;13.7263
B;Business;GBP;Pound sterling;NOK;Norwegian krone;SP;Spot;4;false;0;Units;C;ECB concertation time 14:15 CET;2023-11-08;13.7109
B;Business;GBP;Pound sterling;NOK;Norwegian krone;SP;Spot;4;false;0;Units;C;ECB concertation time 14:15 CET;2023-11-09;13.6844
B;Business;GBP;Pound sterling;NOK;Norwegian krone;SP;Spot;4;false;0;Units;C;ECB concertation time 14:15 CET;2023-11-10;13.5787
B;Business;GBP;Pound sterling;NOK;Norwegian krone;SP;Spot;4;false;0;Units;C;ECB concertation time 14:15 CET;2023-11-13;13.6274
B;Business;GBP;Pound sterling;NOK;Norwegian krone;SP;Spot;4;false;0;Units;C;ECB concertation time 14:15 CET;2023-11-14;13.6937
B;Business;GBP;Pound sterling;NOK;Norwegian krone;SP;Spot;4;false;0;Units;C;ECB concertation time 14:15 CET;2023-11-15;13.472
B;Business;GBP;Pound sterling;NOK;Norwegian krone;SP;Spot;4;false;0;Units;C;ECB concertation time 14:15 CET;2023-11-16;13.4455
B;Business;GBP;Pound sterling;NOK;Norwegian krone;SP;Spot;4;false;0;Units;C;ECB concertation time 14:15 CET;2023-11-17;13.5145
B;Business;GBP;Pound sterling;NOK;Norwegian krone;SP;Spot;4;false;0;Units;C;ECB concertation time 14:15 CET;2023-11-20;13.3744
B;Business;GBP;Pound sterling;NOK;Norwegian krone;SP;Spot;4;false;0;Units;C;ECB concertation time 14:15 CET;2023-11-21;13.3637
B;Business;GBP;Pound sterling;NOK;Norwegian krone;SP;Spot;4;false;0;Units;C;ECB concertation time 14:15 CET;2023-11-22;13.4459
B;Business;GBP;Pound sterling;NOK;Norwegian krone;SP;Spot;4;false;0;Units;C;ECB concertation time 14:15 CET;2023-11-23;13.4702
B;Business;GBP;Pound sterling;NOK;Norwegian krone;SP;Spot;4;false;0;Units;C;ECB concertation time 14:15 CET;2023-11-24;13.5162
B;Business;GBP;Pound sterling;NOK;Norwegian krone;SP;Spot;4;false;0;Units;C;ECB concertation time 14:15 CET;2023-11-27;13.4809
B;Business;GBP;Pound sterling;NOK;Norwegian krone;SP;Spot;4;false;0;Units;C;ECB concertation time 14:15 CET;2023-11-28;13.4952
B;Business;GBP;Pound sterling;NOK;Norwegian krone;SP;Spot;4;false;0;Units;C;ECB concertation time 14:15 CET;2023-11-29;13.5181
B;Business;GBP;Pound sterling;NOK;Norwegian krone;SP;Spot;4;false;0;Units;C;ECB concertation time 14:15 CET;2023-11-30;13.5698
B;Business;GBP;Pound sterling;NOK;Norwegian krone;SP;Spot;4;false;0;Units;C;ECB concertation time 14:15 CET;2023-12-01;13.5952
B;Business;GBP;Pound sterling;NOK;Norwegian krone;SP;Spot;4;false;0;Units;C;ECB concertation time 14:15 CET;2023-12-04;13.6123
B;Business;GBP;Pound sterling;NOK;Norwegian krone;SP;Spot;4;false;0;Units;C;ECB concertation time 14:15 CET;2023-12-05;13.7495
B;Business;GBP;Pound sterling;NOK;Norwegian krone;SP;Spot;4;false;0;Units;C;ECB concertation time 14:15 CET;2023-12-06;13.7788
B;Business;GBP;Pound sterling;NOK;Norwegian krone;SP;Spot;4;false;0;Units;C;ECB concertation time 14:15 CET;2023-12-07;13.7067
B;Business;GBP;Pound sterling;NOK;Norwegian krone;SP;Spot;4;false;0;Units;C;ECB concertation time 14:15 CET;2023-12-08;13.6854
B;Business;GBP;Pound sterling;NOK;Norwegian krone;SP;Spot;4;false;0;Units;C;ECB concertation time 14:15 CET;2023-12-11;13.7824
B;Business;GBP;Pound sterling;NOK;Norwegian krone;SP;Spot;4;false;0;Units;C;ECB concertation time 14:15 CET;2023-12-12;13.7068
B;Business;GBP;Pound sterling;NOK;Norwegian krone;SP;Spot;4;false;0;Units;C;ECB concertation time 14:15 CET;2023-12-13;13.7308
B;Business;GBP;Pound sterling;NOK;Norwegian krone;SP;Spot;4;false;0;Units;C;ECB concertation time 14:15 CET;2023-12-14;13.4
B;Business;GBP;Pound sterling;NOK;Norwegian krone;SP;Spot;4;false;0;Units;C;ECB concertation time 14:15 CET;2023-12-15;13.3393
B;Business;GBP;Pound sterling;NOK;Norwegian krone;SP;Spot;4;false;0;Units;C;ECB concertation time 14:15 CET;2023-12-18;13.1557
B;Business;GBP;Pound sterling;NOK;Norwegian krone;SP;Spot;4;false;0;Units;C;ECB concertation time 14:15 CET;2023-12-19;13.2011
B;Business;GBP;Pound sterling;NOK;Norwegian krone;SP;Spot;4;false;0;Units;C;ECB concertation time 14:15 CET;2023-12-20;13.0432
B;Business;GBP;Pound sterling;NOK;Norwegian krone;SP;Spot;4;false;0;Units;C;ECB concertation time 14:15 CET;2023-12-21;13.035
B;Business;GBP;Pound sterling;NOK;Norwegian krone;SP;Spot;4;false;0;Units;C;ECB concertation time 14:15 CET;2023-12-22;13.0054
B;Business;GBP;Pound sterling;NOK;Norwegian krone;SP;Spot;4;false;0;Units;C;ECB concertation time 14:15 CET;2023-12-27;12.9397
B;Business;GBP;Pound sterling;NOK;Norwegian krone;SP;Spot;4;false;0;Units;C;ECB concertation time 14:15 CET;2023-12-28;12.9365
B;Business;GBP;Pound sterling;NOK;Norwegian krone;SP;Spot;4;false;0;Units;C;ECB concertation time 14:15 CET;2023-12-29;12.9342
B;Business;GBP;Pound sterling;NOK;Norwegian krone;SP;Spot;4;false;0;Units;C;ECB concertation time 14:15 CET;2024-01-02;13.0204
B;Business;GBP;Pound sterling;NOK;Norwegian krone;SP;Spot;4;false;0;Units;C;ECB concertation time 14:15 CET;2024-01-03;13.0912
B;Business;GBP;Pound sterling;NOK;Norwegian krone;SP;Spot;4;false;0;Units;C;ECB concertation time 14:15 CET;2024-01-04;13.0792
B;Business;GBP;Pound sterling;NOK;Norwegian krone;SP;Spot;4;false;0;Units;C;ECB concertation time 14:15 CET;2024-01-05;13.118
B;Business;GBP;Pound sterling;NOK;Norwegian krone;SP;Spot;4;false;0;Units;C;ECB concertation time 14:15 CET;2024-01-08;13.1886
B;Business;GBP;Pound sterling;NOK;Norwegian krone;SP;Spot;4;false;0;Units;C;ECB concertation time 14:15 CET;2024-01-09;13.1583
B;Business;GBP;Pound sterling;NOK;Norwegian krone;SP;Spot;4;false;0;Units;C;ECB concertation time 14:15 CET;2024-01-10;13.1261
B;Business;GBP;Pound sterling;NOK;Norwegian krone;SP;Spot;4;false;0;Units;C;ECB concertation time 14:15 CET;2024-01-11;13.1503
B;Business;GBP;Pound sterling;NOK;Norwegian krone;SP;Spot;4;false;0;Units;C;ECB concertation time 14:15 CET;2024-01-12;13.1198
B;Business;GBP;Pound sterling;NOK;Norwegian krone;SP;Spot;4;false;0;Units;C;ECB concertation time 14:15 CET;2024-01-15;13.1444
B;Business;GBP;Pound sterling;NOK;Norwegian krone;SP;Spot;4;false;0;Units;C;ECB concertation time 14:15 CET;2024-01-16;13.1665
B;Business;GBP;Pound sterling;NOK;Norwegian krone;SP;Spot;4;false;0;Units;C;ECB concertation time 14:15 CET;2024-01-17;13.323
B;Business;GBP;Pound sterling;NOK;Norwegian krone;SP;Spot;4;false;0;Units;C;ECB concertation time 14:15 CET;2024-01-18;13.3445
B;Business;GBP;Pound sterling;NOK;Norwegian krone;SP;Spot;4;false;0;Units;C;ECB concertation time 14:15 CET;2024-01-19;13.2945
B;Business;GBP;Pound sterling;NOK;Norwegian krone;SP;Spot;4;false;0;Units;C;ECB concertation time 14:15 CET;2024-01-22;13.3696
B;Business;GBP;Pound sterling;NOK;Norwegian krone;SP;Spot;4;false;0;Units;C;ECB concertation time 14:15 CET;2024-01-23;13.3693
B;Business;GBP;Pound sterling;NOK;Norwegian krone;SP;Spot;4;false;0;Units;C;ECB concertation time 14:15 CET;2024-01-24;13.3448
B;Business;GBP;Pound sterling;NOK;Norwegian krone;SP;Spot;4;false;0;Units;C;ECB concertation time 14:15 CET;2024-01-25;13.3163
B;Business;GBP;Pound sterling;NOK;Norwegian krone;SP;Spot;4;false;0;Units;C;ECB concertation time 14:15 CET;2024-01-26;13.2749
B;Business;GBP;Pound sterling;NOK;Norwegian krone;SP;Spot;4;false;0;Units;C;ECB concertation time 14:15 CET;2024-01-29;13.261
B;Business;GBP;Pound sterling;NOK;Norwegian krone;SP;Spot;4;false;0;Units;C;ECB concertation time 14:15 CET;2024-01-30;13.2413
B;Business;GBP;Pound sterling;NOK;Norwegian krone;SP;Spot;4;false;0;Units;C;ECB concertation time 14:15 CET;2024-01-31;13.2861
B;Business;GBP;Pound sterling;NOK;Norwegian krone;SP;Spot;4;false;0;Units;C;ECB concertation time 14:15 CET;2024-02-01;13.317
B;Business;GBP;Pound sterling;NOK;Norwegian krone;SP;Spot;4;false;0;Units;C;ECB concertation time 14:15 CET;2024-02-02;13.3551
B;Business;GBP;Pound sterling;NOK;Norwegian krone;SP;Spot;4;false;0;Units;C;ECB concertation time 14:15 CET;2024-02-05;13.3945
B;Business;GBP;Pound sterling;NOK;Norwegian krone;SP;Spot;4;false;0;Units;C;ECB concertation time 14:15 CET;2024-02-06;13.4074
B;Business;GBP;Pound sterling;NOK;Norwegian krone;SP;Spot;4;false;0;Units;C;ECB concertation time 14:15 CET;2024-02-07;13.3357
B;Business;GBP;Pound sterling;NOK;Norwegian krone;SP;Spot;4;false;0;Units;C;ECB concertation time 14:15 CET;2024-02-08;13.3664
B;Business;GBP;Pound sterling;NOK;Norwegian krone;SP;Spot;4;false;0;Units;C;ECB concertation time 14:15 CET;2024-02-09;13.3415
B;Business;GBP;Pound sterling;NOK;Norwegian krone;SP;Spot;4;false;0;Units;C;ECB concertation time 14:15 CET;2024-02-12;13.2567
B;Business;GBP;Pound sterling;NOK;Norwegian krone;SP;Spot;4;false;0;Units;C;ECB concertation time 14:15 CET;2024-02-13;13.2812
B;Business;GBP;Pound sterling;NOK;Norwegian krone;SP;Spot;4;false;0;Units;C;ECB concertation time 14:15 CET;2024-02-14;13.2979
B;Business;GBP;Pound sterling;NOK;Norwegian krone;SP;Spot;4;false;0;Units;C;ECB concertation time 14:15 CET;2024-02-15;13.2668
B;Business;GBP;Pound sterling;NOK;Norwegian krone;SP;Spot;4;false;0;Units;C;ECB concertation time 14:15 CET;2024-02-16;13.265
B;Business;GBP;Pound sterling;NOK;Norwegian krone;SP;Spot;4;false;0;Units;C;ECB concertation time 14:15 CET;2024-02-19;13.2297
B;Business;GBP;Pound sterling;NOK;Norwegian krone;SP;Spot;4;false;0;Units;C;ECB concertation time 14:15 CET;2024-02-20;13.2238
B;Business;GBP;Pound sterling;NOK;Norwegian krone;SP;Spot;4;false;0;Units;C;ECB concertation time 14:15 CET;2024-02-21;13.2383
B;Business;GBP;Pound sterling;NOK;Norwegian krone;SP;Spot;4;false;0;Units;C;ECB concertation time 14:15 CET;2024-02-22;13.2625
B;Business;GBP;Pound sterling;NOK;Norwegian krone;SP;Spot;4;false;0;Units;C;ECB concertation time 14:15 CET;2024-02-23;13.3454
B;Business;GBP;Pound sterling;NOK;Norwegian krone;SP;Spot;4;false;0;Units;C;ECB concertation time 14:15 CET;2024-02-26;13.3674
B;Business;GBP;Pound sterling;NOK;Norwegian krone;SP;Spot;4;false;0;Units;C;ECB concertation time 14:15 CET;2024-02-27;13.3509
B;Business;GBP;Pound sterling;NOK;Norwegian krone;SP;Spot;4;false;0;Units;C;ECB concertation time 14:15 CET;2024-02-28;13.4048
B;Business;GBP;Pound sterling;NOK;Norwegian krone;SP;Spot;4;false;0;Units;C;ECB concertation time 14:15 CET;2024-02-29;13.4166
B;Business;GBP;Pound sterling;NOK;Norwegian krone;SP;Spot;4;false;0;Units;C;ECB concertation time 14:15 CET;2024-03-01;13.3699
B;Business;GBP;Pound sterling;NOK;Norwegian krone;SP;Spot;4;false;0;Units;C;ECB concertation time 14:15 CET;2024-03-04;13.3584
B;Business;GBP;Pound sterling;NOK;Norwegian krone;SP;Spot;4;false;0;Units;C;ECB concertation time 14:15 CET;2024-03-05;13.4143
B;Business;GBP;Pound sterling;NOK;Norwegian krone;SP;Spot;4;false;0;Units;C;ECB concertation time 14:15 CET;2024-03-06;13.4132
B;Business;GBP;Pound sterling;NOK;Norwegian krone;SP;Spot;4;false;0;Units;C;ECB concertation time 14:15 CET;2024-03-07;13.3349
B;Business;GBP;Pound sterling;NOK;Norwegian krone;SP;Spot;4;false;0;Units;C;ECB concertation time 14:15 CET;2024-03-08;13.3143
B;Business;GBP;Pound sterling;NOK;Norwegian krone;SP;Spot;4;false;0;Units;C;ECB concertation time 14:15 CET;2024-03-11;13.4266
B;Business;GBP;Pound sterling;NOK;Norwegian krone;SP;Spot;4;false;0;Units;C;ECB concertation time 14:15 CET;2024-03-12;13.4186
B;Business;GBP;Pound sterling;NOK;Norwegian krone;SP;Spot;4;false;0;Units;C;ECB concertation time 14:15 CET;2024-03-13;13.4352
B;Business;GBP;Pound sterling;NOK;Norwegian krone;SP;Spot;4;false;0;Units;C;ECB concertation time 14:15 CET;2024-03-14;13.4243
B;Business;GBP;Pound sterling;NOK;Norwegian krone;SP;Spot;4;false;0;Units;C;ECB concertation time 14:15 CET;2024-03-15;13.4885
B;Business;GBP;Pound sterling;NOK;Norwegian krone;SP;Spot;4;false;0;Units;C;ECB concertation time 14:15 CET;2024-03-18;13.5124
B;Business;GBP;Pound sterling;NOK;Norwegian krone;SP;Spot;4;false;0;Units;C;ECB concertation time 14:15 CET;2024-03-19;13.5742
B;Business;GBP;Pound sterling;NOK;Norwegian krone;SP;Spot;4;false;0;Units;C;ECB concertation time 14:15 CET;2024-03-20;13.5449
B;Business;GBP;Pound sterling;NOK;Norwegian krone;SP;Spot;4;false;0;Units;C;ECB concertation time 14:15 CET;2024-03-21;13.4725
B;Business;GBP;Pound sterling;NOK;Norwegian krone;SP;Spot;4;false;0;Units;C;ECB concertation time 14:15 CET;2024-03-22;13.5404
B;Business;GBP;Pound sterling;NOK;Norwegian krone;SP;Spot;4;false;0;Units;C;ECB concertation time 14:15 CET;2024-03-25;13.5417
B;Business;GBP;Pound sterling;NOK;Norwegian krone;SP;Spot;4;false;0;Units;C;ECB concertation time 14:15 CET;2024-03-26;13.5429
B;Business;GBP;Pound sterling;NOK;Norwegian krone;SP;Spot;4;false;0;Units;C;ECB concertation time 14:15 CET;2024-03-27;13.621
B;Business;GBP;Pound sterling;NOK;Norwegian krone;SP;Spot;4;false;0;Units;C;ECB concertation time 14:15 CET;2024-04-02;13.692
B;Business;GBP;Pound sterling;NOK;Norwegian krone;SP;Spot;4;false;0;Units;C;ECB concertation time 14:15 CET;2024-04-03;13.6012
B;Business;GBP;Pound sterling;NOK;Norwegian krone;SP;Spot;4;false;0;Units;C;ECB concertation time 14:15 CET;2024-04-04;13.5363
B;Business;GBP;Pound sterling;NOK;Norwegian krone;SP;Spot;4;false;0;Units;C;ECB concertation time 14:15 CET;2024-04-05;13.5378
B;Business;GBP;Pound sterling;NOK;Norwegian krone;SP;Spot;4;false;0;Units;C;ECB concertation time 14:15 CET;2024-04-08;13.5095
B;Business;GBP;Pound sterling;NOK;Norwegian krone;SP;Spot;4;false;0;Units;C;ECB concertation time 14:15 CET;2024-04-09;13.5333
B;Business;GBP;Pound sterling;NOK;Norwegian krone;SP;Spot;4;false;0;Units;C;ECB concertation time 14:15 CET;2024-04-10;13.5257
B;Business;GBP;Pound sterling;NOK;Norwegian krone;SP;Spot;4;false;0;Units;C;ECB concertation time 14:15 CET;2024-04-11;13.5843
B;Business;GBP;Pound sterling;NOK;Norwegian krone;SP;Spot;4;false;0;Units;C;ECB concertation time 14:15 CET;2024-04-12;13.5641
B;Business;GBP;Pound sterling;NOK;Norwegian krone;SP;Spot;4;false;0;Units;C;ECB concertation time 14:15 CET;2024-04-15;13.6128
B;Business;GBP;Pound sterling;NOK;Norwegian krone;SP;Spot;4;false;0;Units;C;ECB concertation time 14:15 CET;2024-04-16;13.664
B;Business;GBP;Pound sterling;NOK;Norwegian krone;SP;Spot;4;false;0;Units;C;ECB concertation time 14:15 CET;2024-04-17;13.6956
B;Business;GBP;Pound sterling;NOK;Norwegian krone;SP;Spot;4;false;0;Units;C;ECB concertation time 14:15 CET;2024-04-18;13.7075
B;Business;GBP;Pound sterling;NOK;Norwegian krone;SP;Spot;4;false;0;Units;C;ECB concertation time 14:15 CET;2024-04-19;13.7409
B;Business;GBP;Pound sterling;NOK;Norwegian krone;SP;Spot;4;false;0;Units;C;ECB concertation time 14:15 CET;2024-04-22;13.5744
B;Business;GBP;Pound sterling;NOK;Norwegian krone;SP;Spot;4;false;0;Units;C;ECB concertation time 14:15 CET;2024-04-23;13.6328
B;Business;GBP;Pound sterling;NOK;Norwegian krone;SP;Spot;4;false;0;Units;C;ECB concertation time 14:15 CET;2024-04-24;13.6518
B;Business;GBP;Pound sterling;NOK;Norwegian krone;SP;Spot;4;false;0;Units;C;ECB concertation time 14:15 CET;2024-04-25;13.6726
B;Business;GBP;Pound sterling;NOK;Norwegian krone;SP;Spot;4;false;0;Units;C;ECB concertation time 14:15 CET;2024-04-26;13.7775
B;Business;GBP;Pound sterling;NOK;Norwegian krone;SP;Spot;4;false;0;Units;C;ECB concertation time 14:15 CET;2024-04-29;13.783
B;Business;GBP;Pound sterling;NOK;Norwegian krone;SP;Spot;4;false;0;Units;C;ECB concertation time 14:15 CET;2024-04-30;13.8223
B;Business;GBP;Pound sterling;NOK;Norwegian krone;SP;Spot;4;false;0;Units;C;ECB concertation time 14:15 CET;2024-05-02;13.8453
B;Business;GBP;Pound sterling;NOK;Norwegian krone;SP;Spot;4;false;0;Units;C;ECB concertation time 14:15 CET;2024-05-03;13.6819
B;Business;GBP;Pound sterling;NOK;Norwegian krone;SP;Spot;4;false;0;Units;C;ECB concertation time 14:15 CET;2024-05-06;13.6193
B;Business;GBP;Pound sterling;NOK;Norwegian krone;SP;Spot;4;false;0;Units;C;ECB concertation time 14:15 CET;2024-05-07;13.6332
B;Business;GBP;Pound sterling;NOK;Norwegian krone;SP;Spot;4;false;0;Units;C;ECB concertation time 14:15 CET;2024-05-08;13.6577
B;Business;GBP;Pound sterling;NOK;Norwegian krone;SP;Spot;4;false;0;Units;C;ECB concertation time 14:15 CET;2024-05-10;13.5652
B;Business;GBP;Pound sterling;NOK;Norwegian krone;SP;Spot;4;false;0;Units;C;ECB concertation time 14:15 CET;2024-05-13;13.5778
B;Business;GBP;Pound sterling;NOK;Norwegian krone;SP;Spot;4;false;0;Units;C;ECB concertation time 14:15 CET;2024-05-14;13.5858
B;Business;GBP;Pound sterling;NOK;Norwegian krone;SP;Spot;4;false;0;Units;C;ECB concertation time 14:15 CET;2024-05-15;13.5706
B;Business;GBP;Pound sterling;NOK;Norwegian krone;SP;Spot;4;false;0;Units;C;ECB concertation time 14:15 CET;2024-05-16;13.5609
B;Business;GBP;Pound sterling;NOK;Norwegian krone;SP;Spot;4;false;0;Units;C;ECB concertation time 14:15 CET;2024-05-21;13.5569
B;Business;GBP;Pound sterling;NOK;Norwegian krone;SP;Spot;4;false;0;Units;C;ECB concertation time 14:15 CET;2024-05-22;13.603
B;Business;GBP;Pound sterling;NOK;Norwegian krone;SP;Spot;4;false;0;Units;C;ECB concertation time 14:15 CET;2024-05-23;13.521
B;Business;GBP;Pound sterling;NOK;Norwegian krone;SP;Spot;4;false;0;Units;C;ECB concertation time 14:15 CET;2024-05-24;13.4856
B;Business;GBP;Pound sterling;NOK;Norwegian krone;SP;Spot;4;false;0;Units;C;ECB concertation time 14:15 CET;2024-05-27;13.4184
B;Business;GBP;Pound sterling;NOK;Norwegian krone;SP;Spot;4;false;0;Units;C;ECB concertation time 14:15 CET;2024-05-28;13.4074
B;Business;GBP;Pound sterling;NOK;Norwegian krone;SP;Spot;4;false;0;Units;C;ECB concertation time 14:15 CET;2024-05-29;13.4113
B;Business;GBP;Pound sterling;NOK;Norwegian krone;SP;Spot;4;false;0;Units;C;ECB concertation time 14:15 CET;2024-05-30;13.4029
B;Business;GBP;Pound sterling;NOK;Norwegian krone;SP;Spot;4;false;0;Units;C;ECB concertation time 14:15 CET;2024-05-31;13.3345
B;Business;GBP;Pound sterling;NOK;Norwegian krone;SP;Spot;4;false;0;Units;C;ECB concertation time 14:15 CET;2024-06-03;13.3707
B;Business;GBP;Pound sterling;NOK;Norwegian krone;SP;Spot;4;false;0;Units;C;ECB concertation time 14:15 CET;2024-06-04;13.4938
B;Business;GBP;Pound sterling;NOK;Norwegian krone;SP;Spot;4;false;0;Units;C;ECB concertation time 14:15 CET;2024-06-05;13.4924
B;Business;GBP;Pound sterling;NOK;Norwegian krone;SP;Spot;4;false;0;Units;C;ECB concertation time 14:15 CET;2024-06-06;13.5154
B;Business;GBP;Pound sterling;NOK;Norwegian krone;SP;Spot;4;false;0;Units;C;ECB concertation time 14:15 CET;2024-06-07;13.4945
B;Business;GBP;Pound sterling;NOK;Norwegian krone;SP;Spot;4;false;0;Units;C;ECB concertation time 14:15 CET;2024-06-10;13.6132
B;Business;GBP;Pound sterling;NOK;Norwegian krone;SP;Spot;4;false;0;Units;C;ECB concertation time 14:15 CET;2024-06-11;13.6476
B;Business;GBP;Pound sterling;NOK;Norwegian krone;SP;Spot;4;false;0;Units;C;ECB concertation time 14:15 CET;2024-06-12;13.5927
B;Business;GBP;Pound sterling;NOK;Norwegian krone;SP;Spot;4;false;0;Units;C;ECB concertation time 14:15 CET;2024-06-13;13.5335
B;Business;GBP;Pound sterling;NOK;Norwegian krone;SP;Spot;4;false;0;Units;C;ECB concertation time 14:15 CET;2024-06-14;13.5414
B;Business;GBP;Pound sterling;NOK;Norwegian krone;SP;Spot;4;false;0;Units;C;ECB concertation time 14:15 CET;2024-06-17;13.5812
B;Business;GBP;Pound sterling;NOK;Norwegian krone;SP;Spot;4;false;0;Units;C;ECB concertation time 14:15 CET;2024-06-18;13.5415
B;Business;GBP;Pound sterling;NOK;Norwegian krone;SP;Spot;4;false;0;Units;C;ECB concertation time 14:15 CET;2024-06-19;13.4438
B;Business;GBP;Pound sterling;NOK;Norwegian krone;SP;Spot;4;false;0;Units;C;ECB concertation time 14:15 CET;2024-06-20;13.3607
B;Business;GBP;Pound sterling;NOK;Norwegian krone;SP;Spot;4;false;0;Units;C;ECB concertation time 14:15 CET;2024-06-21;13.3306
B;Business;GBP;Pound sterling;NOK;Norwegian krone;SP;Spot;4;false;0;Units;C;ECB concertation time 14:15 CET;2024-06-24;13.3943
B;Business;GBP;Pound sterling;NOK;Norwegian krone;SP;Spot;4;false;0;Units;C;ECB concertation time 14:15 CET;2024-06-25;13.4097
B;Business;GBP;Pound sterling;NOK;Norwegian krone;SP;Spot;4;false;0;Units;C;ECB concertation time 14:15 CET;2024-06-26;13.4921
B;Business;GBP;Pound sterling;NOK;Norwegian krone;SP;Spot;4;false;0;Units;C;ECB concertation time 14:15 CET;2024-06-27;13.4744
B;Business;GBP;Pound sterling;NOK;Norwegian krone;SP;Spot;4;false;0;Units;C;ECB concertation time 14:15 CET;2024-06-28;13.465
B;Business;GBP;Pound sterling;NOK;Norwegian krone;SP;Spot;4;false;0;Units;C;ECB concertation time 14:15 CET;2024-07-01;13.4821
B;Business;GBP;Pound sterling;NOK;Norwegian krone;SP;Spot;4;false;0;Units;C;ECB concertation time 14:15 CET;2024-07-02;13.5443
B;Business;GBP;Pound sterling;NOK;Norwegian krone;SP;Spot;4;false;0;Units;C;ECB concertation time 14:15 CET;2024-07-03;13.5313
B;Business;GBP;Pound sterling;NOK;Norwegian krone;SP;Spot;4;false;0;Units;C;ECB concertation time 14:15 CET;2024-07-04;13.4669
B;Business;GBP;Pound sterling;NOK;Norwegian krone;SP;Spot;4;false;0;Units;C;ECB concertation time 14:15 CET;2024-07-05;13.5298
B;Business;GBP;Pound sterling;NOK;Norwegian krone;SP;Spot;4;false;0;Units;C;ECB concertation time 14:15 CET;2024-07-08;13.5736
B;Business;GBP;Pound sterling;NOK;Norwegian krone;SP;Spot;4;false;0;Units;C;ECB concertation time 14:15 CET;2024-07-09;13.5979
B;Business;GBP;Pound sterling;NOK;Norwegian krone;SP;Spot;4;false;0;Units;C;ECB concertation time 14:15 CET;2024-07-10;13.7332
B;Business;GBP;Pound sterling;NOK;Norwegian krone;SP;Spot;4;false;0;Units;C;ECB concertation time 14:15 CET;2024-07-11;13.8456
B;Business;GBP;Pound sterling;NOK;Norwegian krone;SP;Spot;4;false;0;Units;C;ECB concertation time 14:15 CET;2024-07-12;13.9267
B;Business;GBP;Pound sterling;NOK;Norwegian krone;SP;Spot;4;false;0;Units;C;ECB concertation time 14:15 CET;2024-07-15;13.9758
B;Business;GBP;Pound sterling;NOK;Norwegian krone;SP;Spot;4;false;0;Units;C;ECB concertation time 14:15 CET;2024-07-16;14.0159
B;Business;GBP;Pound sterling;NOK;Norwegian krone;SP;Spot;4;false;0;Units;C;ECB concertation time 14:15 CET;2024-07-17;14.0112
B;Business;GBP;Pound sterling;NOK;Norwegian krone;SP;Spot;4;false;0;Units;C;ECB concertation time 14:15 CET;2024-07-18;13.9566
B;Business;GBP;Pound sterling;NOK;Norwegian krone;SP;Spot;4;false;0;Units;C;ECB concertation time 14:15 CET;2024-07-19;14.0312
B;Business;GBP;Pound sterling;NOK;Norwegian krone;SP;Spot;4;false;0;Units;C;ECB concertation time 14:15 CET;2024-07-22;14.1501
B;Business;GBP;Pound sterling;NOK;Norwegian krone;SP;Spot;4;false;0;Units;C;ECB concertation time 14:15 CET;2024-07-23;14.2299
B;Business;GBP;Pound sterling;NOK;Norwegian krone;SP;Spot;4;false;0;Units;C;ECB concertation time 14:15 CET;2024-07-24;14.2212
B;Business;GBP;Pound sterling;NOK;Norwegian krone;SP;Spot;4;false;0;Units;C;ECB concertation time 14:15 CET;2024-07-25;14.3361
B;Business;GBP;Pound sterling;NOK;Norwegian krone;SP;Spot;4;false;0;Units;C;ECB concertation time 14:15 CET;2024-07-26;14.1471
B;Business;GBP;Pound sterling;NOK;Norwegian krone;SP;Spot;4;false;0;Units;C;ECB concertation time 14:15 CET;2024-07-29;14.1271
B;Business;GBP;Pound sterling;NOK;Norwegian krone;SP;Spot;4;false;0;Units;C;ECB concertation time 14:15 CET;2024-07-30;14.1093
B;Business;GBP;Pound sterling;NOK;Norwegian krone;SP;Spot;4;false;0;Units;C;ECB concertation time 14:15 CET;2024-07-31;14.0051
B;Business;GBP;Pound sterling;NOK;Norwegian krone;SP;Spot;4;false;0;Units;C;ECB concertation time 14:15 CET;2024-08-01;13.9295
B;Business;GBP;Pound sterling;NOK;Norwegian krone;SP;Spot;4;false;0;Units;C;ECB concertation time 14:15 CET;2024-08-02;14.0341
B;Business;GBP;Pound sterling;NOK;Norwegian krone;SP;Spot;4;false;0;Units;C;ECB concertation time 14:15 CET;2024-08-05;14.1023
B;Business;GBP;Pound sterling;NOK;Norwegian krone;SP;Spot;4;false;0;Units;C;ECB concertation time 14:15 CET;2024-08-06;13.9544
B;Business;GBP;Pound sterling;NOK;Norwegian krone;SP;Spot;4;false;0;Units;C;ECB concertation time 14:15 CET;2024-08-07;13.7295
B;Business;GBP;Pound sterling;NOK;Norwegian krone;SP;Spot;4;false;0;Units;C;ECB concertation time 14:15 CET;2024-08-08;13.8019
B;Business;GBP;Pound sterling;NOK;Norwegian krone;SP;Spot;4;false;0;Units;C;ECB concertation time 14:15 CET;2024-08-09;13.8021
B;Business;GBP;Pound sterling;NOK;Norwegian krone;SP;Spot;4;false;0;Units;C;ECB concertation time 14:15 CET;2024-08-12;13.7627
B;Business;GBP;Pound sterling;NOK;Norwegian krone;SP;Spot;4;false;0;Units;C;ECB concertation time 14:15 CET;2024-08-13;13.8044
B;Business;GBP;Pound sterling;NOK;Norwegian krone;SP;Spot;4;false;0;Units;C;ECB concertation time 14:15 CET;2024-08-14;13.7166
B;Business;GBP;Pound sterling;NOK;Norwegian krone;SP;Spot;4;false;0;Units;C;ECB concertation time 14:15 CET;2024-08-15;13.719
B;Business;GBP;Pound sterling;NOK;Norwegian krone;SP;Spot;4;false;0;Units;C;ECB concertation time 14:15 CET;2024-08-16;13.8832
B;Business;GBP;Pound sterling;NOK;Norwegian krone;SP;Spot;4;false;0;Units;C;ECB concertation time 14:15 CET;2024-08-19;13.7659
B;Business;GBP;Pound sterling;NOK;Norwegian krone;SP;Spot;4;false;0;Units;C;ECB concertation time 14:15 CET;2024-08-20;13.7128
B;Business;GBP;Pound sterling;NOK;Norwegian krone;SP;Spot;4;false;0;Units;C;ECB concertation time 14:15 CET;2024-08-21;13.6959
B;Business;GBP;Pound sterling;NOK;Norwegian krone;SP;Spot;4;false;0;Units;C;ECB concertation time 14:15 CET;2024-08-22;13.8546
B;Business;GBP;Pound sterling;NOK;Norwegian krone;SP;Spot;4;false;0;Units;C;ECB concertation time 14:15 CET;2024-08-23;13.9285
B;Business;GBP;Pound sterling;NOK;Norwegian krone;SP;Spot;4;false;0;Units;C;ECB concertation time 14:15 CET;2024-08-26;13.9152
B;Business;GBP;Pound sterling;NOK;Norwegian krone;SP;Spot;4;false;0;Units;C;ECB concertation time 14:15 CET;2024-08-27;13.8836
B;Business;GBP;Pound sterling;NOK;Norwegian krone;SP;Spot;4;false;0;Units;C;ECB concertation time 14:15 CET;2024-08-28;13.9159
B;Business;GBP;Pound sterling;NOK;Norwegian krone;SP;Spot;4;false;0;Units;C;ECB concertation time 14:15 CET;2024-08-29;13.8295
B;Business;GBP;Pound sterling;NOK;Norwegian krone;SP;Spot;4;false;0;Units;C;ECB concertation time 14:15 CET;2024-08-30;13.8635
B;Business;GBP;Pound sterling;NOK;Norwegian krone;SP;Spot;4;false;0;Units;C;ECB concertation time 14:15 CET;2024-09-02;13.9281
B;Business;GBP;Pound sterling;NOK;Norwegian krone;SP;Spot;4;false;0;Units;C;ECB concertation time 14:15 CET;2024-09-03;13.993
B;Business;GBP;Pound sterling;NOK;Norwegian krone;SP;Spot;4;false;0;Units;C;ECB concertation time 14:15 CET;2024-09-04;14.0122
B;Business;GBP;Pound sterling;NOK;Norwegian krone;SP;Spot;4;false;0;Units;C;ECB concertation time 14:15 CET;2024-09-05;13.9822
B;Business;GBP;Pound sterling;NOK;Norwegian krone;SP;Spot;4;false;0;Units;C;ECB concertation time 14:15 CET;2024-09-06;14.0006
B;Business;GBP;Pound sterling;NOK;Norwegian krone;SP;Spot;4;false;0;Units;C;ECB concertation time 14:15 CET;2024-09-09;14.1534
B;Business;GBP;Pound sterling;NOK;Norwegian krone;SP;Spot;4;false;0;Units;C;ECB concertation time 14:15 CET;2024-09-10;14.1245
B;Business;GBP;Pound sterling;NOK;Norwegian krone;SP;Spot;4;false;0;Units;C;ECB concertation time 14:15 CET;2024-09-11;14.1476
B;Business;GBP;Pound sterling;NOK;Norwegian krone;SP;Spot;4;false;0;Units;C;ECB concertation time 14:15 CET;2024-09-12;14.1298
B;Business;GBP;Pound sterling;NOK;Norwegian krone;SP;Spot;4;false;0;Units;C;ECB concertation time 14:15 CET;2024-09-13;14.0272
B;Business;GBP;Pound sterling;NOK;Norwegian krone;SP;Spot;4;false;0;Units;C;ECB concertation time 14:15 CET;2024-09-16;13.9776
B;Business;GBP;Pound sterling;NOK;Norwegian krone;SP;Spot;4;false;0;Units;C;ECB concertation time 14:15 CET;2024-09-17;13.9876
B;Business;GBP;Pound sterling;NOK;Norwegian krone;SP;Spot;4;false;0;Units;C;ECB concertation time 14:15 CET;2024-09-18;13.9808
B;Business;GBP;Pound sterling;NOK;Norwegian krone;SP;Spot;4;false;0;Units;C;ECB concertation time 14:15 CET;2024-09-19;13.898
B;Business;GBP;Pound sterling;NOK;Norwegian krone;SP;Spot;4;false;0;Units;C;ECB concertation time 14:15 CET;2024-09-20;13.9828
B;Business;GBP;Pound sterling;NOK;Norwegian krone;SP;Spot;4;false;0;Units;C;ECB concertation time 14:15 CET;2024-09-23;13.9922
B;Business;GBP;Pound sterling;NOK;Norwegian krone;SP;Spot;4;false;0;Units;C;ECB concertation time 14:15 CET;2024-09-24;13.9534
B;Business;GBP;Pound sterling;NOK;Norwegian krone;SP;Spot;4;false;0;Units;C;ECB concertation time 14:15 CET;2024-09-25;13.9672
B;Business;GBP;Pound sterling;NOK;Norwegian krone;SP;Spot;4;false;0;Units;C;ECB concertation time 14:15 CET;2024-09-26;14.1278
B;Business;GBP;Pound sterling;NOK;Norwegian krone;SP;Spot;4;false;0;Units;C;ECB concertation time 14:15 CET;2024-09-27;14.1082
B;Business;GBP;Pound sterling;NOK;Norwegian krone;SP;Spot;4;false;0;Units;C;ECB concertation time 14:15 CET;2024-09-30;14.082
B;Business;GBP;Pound sterling;NOK;Norwegian krone;SP;Spot;4;false;0;Units;C;ECB concertation time 14:15 CET;2024-10-01;14.1003
B;Business;GBP;Pound sterling;NOK;Norwegian krone;SP;Spot;4;false;0;Units;C;ECB concertation time 14:15 CET;2024-10-02;14.0158
B;Business;GBP;Pound sterling;NOK;Norwegian krone;SP;Spot;4;false;0;Units;C;ECB concertation time 14:15 CET;2024-10-03;13.9091
B;Business;GBP;Pound sterling;NOK;Norwegian krone;SP;Spot;4;false;0;Units;C;ECB concertation time 14:15 CET;2024-10-04;13.9541
B;Business;GBP;Pound sterling;NOK;Norwegian krone;SP;Spot;4;false;0;Units;C;ECB concertation time 14:15 CET;2024-10-07;13.8897
B;Business;GBP;Pound sterling;NOK;Norwegian krone;SP;Spot;4;false;0;Units;C;ECB concertation time 14:15 CET;2024-10-08;13.95
B;Business;GBP;Pound sterling;NOK;Norwegian krone;SP;Spot;4;false;0;Units;C;ECB concertation time 14:15 CET;2024-10-09;14.0745
B;Business;GBP;Pound sterling;NOK;Norwegian krone;SP;Spot;4;false;0;Units;C;ECB concertation time 14:15 CET;2024-10-10;14.0908
B;Business;GBP;Pound sterling;NOK;Norwegian krone;SP;Spot;4;false;0;Units;C;ECB concertation time 14:15 CET;2024-10-11;14.0246
B;Business;GBP;Pound sterling;NOK;Norwegian krone;SP;Spot;4;false;0;Units;C;ECB concertation time 14:15 CET;2024-10-14;14.0399
B;Business;GBP;Pound sterling;NOK;Norwegian krone;SP;Spot;4;false;0;Units;C;ECB concertation time 14:15 CET;2024-10-15;14.1155
B;Business;GBP;Pound sterling;NOK;Norwegian krone;SP;Spot;4;false;0;Units;C;ECB concertation time 14:15 CET;2024-10-16;14.1158
B;Business;GBP;Pound sterling;NOK;Norwegian krone;SP;Spot;4;false;0;Units;C;ECB concertation time 14:15 CET;2024-10-17;14.2274
B;Business;GBP;Pound sterling;NOK;Norwegian krone;SP;Spot;4;false;0;Units;C;ECB concertation time 14:15 CET;2024-10-18;14.2025
B;Business;GBP;Pound sterling;NOK;Norwegian krone;SP;Spot;4;false;0;Units;C;ECB concertation time 14:15 CET;2024-10-21;14.2087
B;Business;GBP;Pound sterling;NOK;Norwegian krone;SP;Spot;4;false;0;Units;C;ECB concertation time 14:15 CET;2024-10-22;14.1865
B;Business;GBP;Pound sterling;NOK;Norwegian krone;SP;Spot;4;false;0;Units;C;ECB concertation time 14:15 CET;2024-10-23;14.2547
B;Business;GBP;Pound sterling;NOK;Norwegian krone;SP;Spot;4;false;0;Units;C;ECB concertation time 14:15 CET;2024-10-24;14.1996
B;Business;GBP;Pound sterling;NOK;Norwegian krone;SP;Spot;4;false;0;Units;C;ECB concertation time 14:15 CET;2024-10-25;14.1792
B;Business;GBP;Pound sterling;NOK;Norwegian krone;SP;Spot;4;false;0;Units;C;ECB concertation time 14:15 CET;2024-10-28;14.3018
B;Business;GBP;Pound sterling;NOK;Norwegian krone;SP;Spot;4;false;0;Units;C;ECB concertation time 14:15 CET;2024-10-29;14.2634
B;Business;GBP;Pound sterling;NOK;Norwegian krone;SP;Spot;4;false;0;Units;C;ECB concertation time 14:15 CET;2024-10-30;14.2385
B;Business;GBP;Pound sterling;NOK;Norwegian krone;SP;Spot;4;false;0;Units;C;ECB concertation time 14:15 CET;2024-10-31;14.2544
B;Business;GBP;Pound sterling;NOK;Norwegian krone;SP;Spot;4;false;0;Units;C;ECB concertation time 14:15 CET;2024-11-01;14.2384
B;Business;GBP;Pound sterling;NOK;Norwegian krone;SP;Spot;4;false;0;Units;C;ECB concertation time 14:15 CET;2024-11-04;14.2114
B;Business;GBP;Pound sterling;NOK;Norwegian krone;SP;Spot;4;false;0;Units;C;ECB concertation time 14:15 CET;2024-11-05;14.2517
B;Business;GBP;Pound sterling;NOK;Norwegian krone;SP;Spot;4;false;0;Units;C;ECB concertation time 14:15 CET;2024-11-06;14.3097
B;Business;GBP;Pound sterling;NOK;Norwegian krone;SP;Spot;4;false;0;Units;C;ECB concertation time 14:15 CET;2024-11-07;14.1233
B;Business;GBP;Pound sterling;NOK;Norwegian krone;SP;Spot;4;false;0;Units;C;ECB concertation time 14:15 CET;2024-11-08;14.1529
B;Business;GBP;Pound sterling;NOK;Norwegian krone;SP;Spot;4;false;0;Units;C;ECB concertation time 14:15 CET;2024-11-11;14.2556
B;Business;GBP;Pound sterling;NOK;Norwegian krone;SP;Spot;4;false;0;Units;C;ECB concertation time 14:15 CET;2024-11-12;14.1709
B;Business;GBP;Pound sterling;NOK;Norwegian krone;SP;Spot;4;false;0;Units;C;ECB concertation time 14:15 CET;2024-11-13;14.1039
B;Business;GBP;Pound sterling;NOK;Norwegian krone;SP;Spot;4;false;0;Units;C;ECB concertation time 14:15 CET;2024-11-14;14.1406
B;Business;GBP;Pound sterling;NOK;Norwegian krone;SP;Spot;4;false;0;Units;C;ECB concertation time 14:15 CET;2024-11-15;14.0183
B;Business;GBP;Pound sterling;NOK;Norwegian krone;SP;Spot;4;false;0;Units;C;ECB concertation time 14:15 CET;2024-11-18;14.0223
B;Business;GBP;Pound sterling;NOK;Norwegian krone;SP;Spot;4;false;0;Units;C;ECB concertation time 14:15 CET;2024-11-19;13.9404
B;Business;GBP;Pound sterling;NOK;Norwegian krone;SP;Spot;4;false;0;Units;C;ECB concertation time 14:15 CET;2024-11-20;13.965
B;Business;GBP;Pound sterling;NOK;Norwegian krone;SP;Spot;4;false;0;Units;C;ECB concertation time 14:15 CET;2024-11-21;13.9541
B;Business;GBP;Pound sterling;NOK;Norwegian krone;SP;Spot;4;false;0;Units;C;ECB concertation time 14:15 CET;2024-11-22;13.903
B;Business;GBP;Pound sterling;NOK;Norwegian krone;SP;Spot;4;false;0;Units;C;ECB concertation time 14:15 CET;2024-11-25;13.8819
B;Business;GBP;Pound sterling;NOK;Norwegian krone;SP;Spot;4;false;0;Units;C;ECB concertation time 14:15 CET;2024-11-26;13.9932
B;Business;GBP;Pound sterling;NOK;Norwegian krone;SP;Spot;4;false;0;Units;C;ECB concertation time 14:15 CET;2024-11-27;14.0168
B;Business;GBP;Pound sterling;NOK;Norwegian krone;SP;Spot;4;false;0;Units;C;ECB concertation time 14:15 CET;2024-11-28;14.0142
B;Business;GBP;Pound sterling;NOK;Norwegian krone;SP;Spot;4;false;0;Units;C;ECB concertation time 14:15 CET;2024-11-29;14.0382
B;Business;GBP;Pound sterling;NOK;Norwegian krone;SP;Spot;4;false;0;Units;C;ECB concertation time 14:15 CET;2024-12-02;14.0643
B;Business;GBP;Pound sterling;NOK;Norwegian krone;SP;Spot;4;false;0;Units;C;ECB concertation time 14:15 CET;2024-12-03;13.9901
B;Business;GBP;Pound sterling;NOK;Norwegian krone;SP;Spot;4;false;0;Units;C;ECB concertation time 14:15 CET;2024-12-04;14.0293
B;Business;GBP;Pound sterling;NOK;Norwegian krone;SP;Spot;4;false;0;Units;C;ECB concertation time 14:15 CET;2024-12-05;14.0821
B;Business;GBP;Pound sterling;NOK;Norwegian krone;SP;Spot;4;false;0;Units;C;ECB concertation time 14:15 CET;2024-12-06;14.1748
B;Business;GBP;Pound sterling;NOK;Norwegian krone;SP;Spot;4;false;0;Units;C;ECB concertation time 14:15 CET;2024-12-09;14.1821
B;Business;GBP;Pound sterling;NOK;Norwegian krone;SP;Spot;4;false;0;Units;C;ECB concertation time 14:15 CET;2024-12-10;14.2105
B;Business;GBP;Pound sterling;NOK;Norwegian krone;SP;Spot;4;false;0;Units;C;ECB concertation time 14:15 CET;2024-12-11;14.2036
B;Business;GBP;Pound sterling;NOK;Norwegian krone;SP;Spot;4;false;0;Units;C;ECB concertation time 14:15 CET;2024-12-12;14.1384
B;Business;GBP;Pound sterling;NOK;Norwegian krone;SP;Spot;4;false;0;Units;C;ECB concertation time 14:15 CET;2024-12-13;14.0599
B;Business;GBP;Pound sterling;NOK;Norwegian krone;SP;Spot;4;false;0;Units;C;ECB concertation time 14:15 CET;2024-12-16;14.125
B;Business;GBP;Pound sterling;NOK;Norwegian krone;SP;Spot;4;false;0;Units;C;ECB concertation time 14:15 CET;2024-12-17;14.2333
B;Business;GBP;Pound sterling;NOK;Norwegian krone;SP;Spot;4;false;0;Units;C;ECB concertation time 14:15 CET;2024-12-18;14.2535
B;Business;GBP;Pound sterling;NOK;Norwegian krone;SP;Spot;4;false;0;Units;C;ECB concertation time 14:15 CET;2024-12-19;14.3299
B;Business;GBP;Pound sterling;NOK;Norwegian krone;SP;Spot;4;false;0;Units;C;ECB concertation time 14:15 CET;2024-12-20;14.3054
B;Business;GBP;Pound sterling;NOK;Norwegian krone;SP;Spot;4;false;0;Units;C;ECB concertation time 14:15 CET;2024-12-23;14.2262
B;Business;GBP;Pound sterling;NOK;Norwegian krone;SP;Spot;4;false;0;Units;C;ECB concertation time 14:15 CET;2024-12-27;14.2524
B;Business;GBP;Pound sterling;NOK;Norwegian krone;SP;Spot;4;false;0;Units;C;ECB concertation time 14:15 CET;2024-12-30;14.2803
B;Business;GBP;Pound sterling;NOK;Norwegian krone;SP;Spot;4;false;0;Units;C;ECB concertation time 14:15 CET;2024-12-31;14.2249
B;Business;GBP;Pound sterling;NOK;Norwegian krone;SP;Spot;4;false;0;Units;C;ECB concertation time 14:15 CET;2025-01-02;14.0972
B;Business;GBP;Pound sterling;NOK;Norwegian krone;SP;Spot;4;false;0;Units;C;ECB concertation time 14:15 CET;2025-01-03;14.1132
B;Business;GBP;Pound sterling;NOK;Norwegian krone;SP;Spot;4;false;0;Units;C;ECB concertation time 14:15 CET;2025-01-06;14.0912
B;Business;GBP;Pound sterling;NOK;Norwegian krone;SP;Spot;4;false;0;Units;C;ECB concertation time 14:15 CET;2025-01-07;14.1573
B;Business;GBP;Pound sterling;NOK;Norwegian krone;SP;Spot;4;false;0;Units;C;ECB concertation time 14:15 CET;2025-01-08;14.0738
B;Business;GBP;Pound sterling;NOK;Norwegian krone;SP;Spot;4;false;0;Units;C;ECB concertation time 14:15 CET;2025-01-09;14.0327
B;Business;GBP;Pound sterling;NOK;Norwegian krone;SP;Spot;4;false;0;Units;C;ECB concertation time 14:15 CET;2025-01-10;14.0478
B;Business;GBP;Pound sterling;NOK;Norwegian krone;SP;Spot;4;false;0;Units;C;ECB concertation time 14:15 CET;2025-01-13;13.9128
B;Business;GBP;Pound sterling;NOK;Norwegian krone;SP;Spot;4;false;0;Units;C;ECB concertation time 14:15 CET;2025-01-14;13.9041
B;Business;GBP;Pound sterling;NOK;Norwegian krone;SP;Spot;4;false;0;Units;C;ECB concertation time 14:15 CET;2025-01-15;13.881
B;Business;GBP;Pound sterling;NOK;Norwegian krone;SP;Spot;4;false;0;Units;C;ECB concertation time 14:15 CET;2025-01-16;13.8818
B;Business;GBP;Pound sterling;NOK;Norwegian krone;SP;Spot;4;false;0;Units;C;ECB concertation time 14:15 CET;2025-01-17;13.9237
B;Business;GBP;Pound sterling;NOK;Norwegian krone;SP;Spot;4;false;0;Units;C;ECB concertation time 14:15 CET;2025-01-20;13.9104
B;Business;GBP;Pound sterling;NOK;Norwegian krone;SP;Spot;4;false;0;Units;C;ECB concertation time 14:15 CET;2025-01-21;13.9758
B;Business;GBP;Pound sterling;NOK;Norwegian krone;SP;Spot;4;false;0;Units;C;ECB concertation time 14:15 CET;2025-01-22;13.9139
B;Business;GBP;Pound sterling;NOK;Norwegian krone;SP;Spot;4;false;0;Units;C;ECB concertation time 14:15 CET;2025-01-23;13.8875
B;Business;GBP;Pound sterling;NOK;Norwegian krone;SP;Spot;4;false;0;Units;C;ECB concertation time 14:15 CET;2025-01-24;13.9191
B;Business;GBP;Pound sterling;NOK;Norwegian krone;SP;Spot;4;false;0;Units;C;ECB concertation time 14:15 CET;2025-01-27;14.0412
B;Business;GBP;Pound sterling;NOK;Norwegian krone;SP;Spot;4;false;0;Units;C;ECB concertation time 14:15 CET;2025-01-28;14.0441
B;Business;GBP;Pound sterling;NOK;Norwegian krone;SP;Spot;4;false;0;Units;C;ECB concertation time 14:15 CET;2025-01-29;14.0684
B;Business;GBP;Pound sterling;NOK;Norwegian krone;SP;Spot;4;false;0;Units;C;ECB concertation time 14:15 CET;2025-01-30;14.0545
B;Business;GBP;Pound sterling;NOK;Norwegian krone;SP;Spot;4;false;0;Units;C;ECB concertation time 14:15 CET;2025-01-31;14.0385
B;Business;GBP;Pound sterling;NOK;Norwegian krone;SP;Spot;4;false;0;Units;C;ECB concertation time 14:15 CET;2025-02-03;14.0899
B;Business;GBP;Pound sterling;NOK;Norwegian krone;SP;Spot;4;false;0;Units;C;ECB concertation time 14:15 CET;2025-02-04;14.0898
B;Business;GBP;Pound sterling;NOK;Norwegian krone;SP;Spot;4;false;0;Units;C;ECB concertation time 14:15 CET;2025-02-05;14.045
B;Business;GBP;Pound sterling;NOK;Norwegian krone;SP;Spot;4;false;0;Units;C;ECB concertation time 14:15 CET;2025-02-06;13.9309
B;Business;GBP;Pound sterling;NOK;Norwegian krone;SP;Spot;4;false;0;Units;C;ECB concertation time 14:15 CET;2025-02-07;13.9467
B;Business;GBP;Pound sterling;NOK;Norwegian krone;SP;Spot;4;false;0;Units;C;ECB concertation time 14:15 CET;2025-02-10;13.8978
B;Business;GBP;Pound sterling;NOK;Norwegian krone;SP;Spot;4;false;0;Units;C;ECB concertation time 14:15 CET;2025-02-11;13.887
B;Business;GBP;Pound sterling;NOK;Norwegian krone;SP;Spot;4;false;0;Units;C;ECB concertation time 14:15 CET;2025-02-12;13.9936
B;Business;GBP;Pound sterling;NOK;Norwegian krone;SP;Spot;4;false;0;Units;C;ECB concertation time 14:15 CET;2025-02-13;14.0608
B;Business;GBP;Pound sterling;NOK;Norwegian krone;SP;Spot;4;false;0;Units;C;ECB concertation time 14:15 CET;2025-02-14;14.0017
B;Business;GBP;Pound sterling;NOK;Norwegian krone;SP;Spot;4;false;0;Units;C;ECB concertation time 14:15 CET;2025-02-17;14.0035
B;Business;GBP;Pound sterling;NOK;Norwegian krone;SP;Spot;4;false;0;Units;C;ECB concertation time 14:15 CET;2025-02-18;14.0428
B;Business;GBP;Pound sterling;NOK;Norwegian krone;SP;Spot;4;false;0;Units;C;ECB concertation time 14:15 CET;2025-02-19;14.0382
B;Business;GBP;Pound sterling;NOK;Norwegian krone;SP;Spot;4;false;0;Units;C;ECB concertation time 14:15 CET;2025-02-20;14.0166
B;Business;GBP;Pound sterling;NOK;Norwegian krone;SP;Spot;4;false;0;Units;C;ECB concertation time 14:15 CET;2025-02-21;14.0515
B;Business;GBP;Pound sterling;NOK;Norwegian krone;SP;Spot;4;false;0;Units;C;ECB concertation time 14:15 CET;2025-02-24;14.0474
B;Business;GBP;Pound sterling;NOK;Norwegian krone;SP;Spot;4;false;0;Units;C;ECB concertation time 14:15 CET;2025-02-25;14.0684
B;Business;GBP;Pound sterling;NOK;Norwegian krone;SP;Spot;4;false;0;Units;C;ECB concertation time 14:15 CET;2025-02-26;14.1062
B;Business;GBP;Pound sterling;NOK;Norwegian krone;SP;Spot;4;false;0;Units;C;ECB concertation time 14:15 CET;2025-02-27;14.154
B;Business;GBP;Pound sterling;NOK;Norwegian krone;SP;Spot;4;false;0;Units;C;ECB concertation time 14:15 CET;2025-02-28;14.1929
B;Business;GBP;Pound sterling;NOK;Norwegian krone;SP;Spot;4;false;0;Units;C;ECB concertation time 14:15 CET;2025-03-03;14.1706
B;Business;GBP;Pound sterling;NOK;Norwegian krone;SP;Spot;4;false;0;Units;C;ECB concertation time 14:15 CET;2025-03-04;14.2629
B;Business;GBP;Pound sterling;NOK;Norwegian krone;SP;Spot;4;false;0;Units;C;ECB concertation time 14:15 CET;2025-03-05;14.1557
B;Business;GBP;Pound sterling;NOK;Norwegian krone;SP;Spot;4;false;0;Units;C;ECB concertation time 14:15 CET;2025-03-06;13.9826
B;Business;GBP;Pound sterling;NOK;Norwegian krone;SP;Spot;4;false;0;Units;C;ECB concertation time 14:15 CET;2025-03-07;13.9842
B;Business;GBP;Pound sterling;NOK;Norwegian krone;SP;Spot;4;false;0;Units;C;ECB concertation time 14:15 CET;2025-03-10;13.9185
B;Business;GBP;Pound sterling;NOK;Norwegian krone;SP;Spot;4;false;0;Units;C;ECB concertation time 14:15 CET;2025-03-11;13.7886
B;Business;GBP;Pound sterling;NOK;Norwegian krone;SP;Spot;4;false;0;Units;C;ECB concertation time 14:15 CET;2025-03-12;13.8068
B;Business;GBP;Pound sterling;NOK;Norwegian krone;SP;Spot;4;false;0;Units;C;ECB concertation time 14:15 CET;2025-03-13;13.8431
B;Business;GBP;Pound sterling;NOK;Norwegian krone;SP;Spot;4;false;0;Units;C;ECB concertation time 14:15 CET;2025-03-14;13.8033
B;Business;GBP;Pound sterling;NOK;Norwegian krone;SP;Spot;4;false;0;Units;C;ECB concertation time 14:15 CET;2025-03-17;13.7199
B;Business;GBP;Pound sterling;NOK;Norwegian krone;SP;Spot;4;false;0;Units;C;ECB concertation time 14:15 CET;2025-03-18;13.6956
B;Business;GBP;Pound sterling;NOK;Norwegian krone;SP;Spot;4;false;0;Units;C;ECB concertation time 14:15 CET;2025-03-19;13.6837
B;Business;GBP;Pound sterling;NOK;Norwegian krone;SP;Spot;4;false;0;Units;C;ECB concertation time 14:15 CET;2025-03-20;13.7442
B;Business;GBP;Pound sterling;NOK;Norwegian krone;SP;Spot;4;false;0;Units;C;ECB concertation time 14:15 CET;2025-03-21;13.6107
B;Business;GBP;Pound sterling;NOK;Norwegian krone;SP;Spot;4;false;0;Units;C;ECB concertation time 14:15 CET;2025-03-24;13.6016
B;Business;GBP;Pound sterling;NOK;Norwegian krone;SP;Spot;4;false;0;Units;C;ECB concertation time 14:15 CET;2025-03-25;13.5332
B;Business;GBP;Pound sterling;NOK;Norwegian krone;SP;Spot;4;false;0;Units;C;ECB concertation time 14:15 CET;2025-03-26;13.583
B;Business;GBP;Pound sterling;NOK;Norwegian krone;SP;Spot;4;false;0;Units;C;ECB concertation time 14:15 CET;2025-03-27;13.6147
B;Business;GBP;Pound sterling;NOK;Norwegian krone;SP;Spot;4;false;0;Units;C;ECB concertation time 14:15 CET;2025-03-28;13.5488
B;Business;GBP;Pound sterling;NOK;Norwegian krone;SP;Spot;4;false;0;Units;C;ECB concertation time 14:15 CET;2025-03-31;13.6624
B;Business;GBP;Pound sterling;NOK;Norwegian krone;SP;Spot;4;false;0;Units;C;ECB concertation time 14:15 CET;2025-04-01;13.5278
B;Business;GBP;Pound sterling;NOK;Norwegian krone;SP;Spot;4;false;0;Units;C;ECB concertation time 14:15 CET;2025-04-02;13.5097
B;Business;GBP;Pound sterling;NOK;Norwegian krone;SP;Spot;4;false;0;Units;C;ECB concertation time 14:15 CET;2025-04-03;13.5731
B;Business;GBP;Pound sterling;NOK;Norwegian krone;SP;Spot;4;false;0;Units;C;ECB concertation time 14:15 CET;2025-04-04;13.7454
B;Business;GBP;Pound sterling;NOK;Norwegian krone;SP;Spot;4;false;0;Units;C;ECB concertation time 14:15 CET;2025-04-07;13.9675
B;Business;GBP;Pound sterling;NOK;Norwegian krone;SP;Spot;4;false;0;Units;C;ECB concertation time 14:15 CET;2025-04-08;13.9537
B;Business;GBP;Pound sterling;NOK;Norwegian krone;SP;Spot;4;false;0;Units;C;ECB concertation time 14:15 CET;2025-04-09;14.0215
B;Business;GBP;Pound sterling;NOK;Norwegian krone;SP;Spot;4;false;0;Units;C;ECB concertation time 14:15 CET;2025-04-10;13.9718
B;Business;GBP;Pound sterling;NOK;Norwegian krone;SP;Spot;4;false;0;Units;C;ECB concertation time 14:15 CET;2025-04-11;13.9603
B;Business;GBP;Pound sterling;NOK;Norwegian krone;SP;Spot;4;false;0;Units;C;ECB concertation time 14:15 CET;2025-04-14;13.9154
B;Business;GBP;Pound sterling;NOK;Norwegian krone;SP;Spot;4;false;0;Units;C;ECB concertation time 14:15 CET;2025-04-15;13.9916
B;Business;GBP;Pound sterling;NOK;Norwegian krone;SP;Spot;4;false;0;Units;C;ECB concertation time 14:15 CET;2025-04-16;14.1004
B;Business;GBP;Pound sterling;NOK;Norwegian krone;SP;Spot;4;false;0;Units;C;ECB concertation time 14:15 CET;2025-04-22;13.8467
B;Business;GBP;Pound sterling;NOK;Norwegian krone;SP;Spot;4;false;0;Units;C;ECB concertation time 14:15 CET;2025-04-23;13.8601
B;Business;GBP;Pound sterling;NOK;Norwegian krone;SP;Spot;4;false;0;Units;C;ECB concertation time 14:15 CET;2025-04-24;13.8345
B;Business;GBP;Pound sterling;NOK;Norwegian krone;SP;Spot;4;false;0;Units;C;ECB concertation time 14:15 CET;2025-04-25;13.8806
B;Business;GBP;Pound sterling;NOK;Norwegian krone;SP;Spot;4;false;0;Units;C;ECB concertation time 14:15 CET;2025-04-28;13.9318
B;Business;GBP;Pound sterling;NOK;Norwegian krone;SP;Spot;4;false;0;Units;C;ECB concertation time 14:15 CET;2025-04-29;13.8909
B;Business;GBP;Pound sterling;NOK;Norwegian krone;SP;Spot;4;false;0;Units;C;ECB concertation time 14:15 CET;2025-04-30;13.8636
B;Business;GBP;Pound sterling;NOK;Norwegian krone;SP;Spot;4;false;0;Units;C;ECB concertation time 14:15 CET;2025-05-02;13.78
B;Business;GBP;Pound sterling;NOK;Norwegian krone;SP;Spot;4;false;0;Units;C;ECB concertation time 14:15 CET;2025-05-05;13.8444
B;Business;GBP;Pound sterling;NOK;Norwegian krone;SP;Spot;4;false;0;Units;C;ECB concertation time 14:15 CET;2025-05-06;13.8169
B;Business;GBP;Pound sterling;NOK;Norwegian krone;SP;Spot;4;false;0;Units;C;ECB concertation time 14:15 CET;2025-05-07;13.7134
B;Business;GBP;Pound sterling;NOK;Norwegian krone;SP;Spot;4;false;0;Units;C;ECB concertation time 14:15 CET;2025-05-08;13.7895
B;Business;GBP;Pound sterling;NOK;Norwegian krone;SP;Spot;4;false;0;Units;C;ECB concertation time 14:15 CET;2025-05-09;13.7696
B;Business;GBP;Pound sterling;NOK;Norwegian krone;SP;Spot;4;false;0;Units;C;ECB concertation time 14:15 CET;2025-05-12;13.7573
B;Business;GBP;Pound sterling;NOK;Norwegian krone;SP;Spot;4;false;0;Units;C;ECB concertation time 14:15 CET;2025-05-13;13.7679
B;Business;GBP;Pound sterling;NOK;Norwegian krone;SP;Spot;4;false;0;Units;C;ECB concertation time 14:15 CET;2025-05-14;13.751
B;Business;GBP;Pound sterling;NOK;Norwegian krone;SP;Spot;4;false;0;Units;C;ECB concertation time 14:15 CET;2025-05-15;13.8295
B;Business;GBP;Pound sterling;NOK;Norwegian krone;SP;Spot;4;false;0;Units;C;ECB concertation time 14:15 CET;2025-05-16;13.8068
B;Business;GBP;Pound sterling;NOK;Norwegian krone;SP;Spot;4;false;0;Units;C;ECB concertation time 14:15 CET;2025-05-19;13.773
B;Business;GBP;Pound sterling;NOK;Norwegian krone;SP;Spot;4;false;0;Units;C;ECB concertation time 14:15 CET;2025-05-20;13.7746
B;Business;GBP;Pound sterling;NOK;Norwegian krone;SP;Spot;4;false;0;Units;C;ECB concertation time 14:15 CET;2025-05-21;13.597
B;Business;GBP;Pound sterling;NOK;Norwegian krone;SP;Spot;4;false;0;Units;C;ECB concertation time 14:15 CET;2025-05-22;13.665
B;Business;GBP;Pound sterling;NOK;Norwegian krone;SP;Spot;4;false;0;Units;C;ECB concertation time 14:15 CET;2025-05-23;13.7461
B;Business;GBP;Pound sterling;NOK;Norwegian krone;SP;Spot;4;false;0;Units;C;ECB concertation time 14:15 CET;2025-05-26;13.6845
B;Business;GBP;Pound sterling;NOK;Norwegian krone;SP;Spot;4;false;0;Units;C;ECB concertation time 14:15 CET;2025-05-27;13.7287
B;Business;GBP;Pound sterling;NOK;Norwegian krone;SP;Spot;4;false;0;Units;C;ECB concertation time 14:15 CET;2025-05-28;13.6872
B;Business;GBP;Pound sterling;NOK;Norwegian krone;SP;Spot;4;false;0;Units;C;ECB concertation time 14:15 CET;2025-05-30;13.7194
B;Business;GBP;Pound sterling;NOK;Norwegian krone;SP;Spot;4;false;0;Units;C;ECB concertation time 14:15 CET;2025-06-02;13.6471
B;Business;GBP;Pound sterling;NOK;Norwegian krone;SP;Spot;4;false;0;Units;C;ECB concertation time 14:15 CET;2025-06-03;13.6712
B;Business;GBP;Pound sterling;NOK;Norwegian krone;SP;Spot;4;false;0;Units;C;ECB concertation time 14:15 CET;2025-06-04;13.6783
B;Business;GBP;Pound sterling;NOK;Norwegian krone;SP;Spot;4;false;0;Units;C;ECB concertation time 14:15 CET;2025-06-05;13.6911
B;Business;GBP;Pound sterling;NOK;Norwegian krone;SP;Spot;4;false;0;Units;C;ECB concertation time 14:15 CET;2025-06-06;13.6767
B;Business;GBP;Pound sterling;NOK;Norwegian krone;SP;Spot;4;false;0;Units;C;ECB concertation time 14:15 CET;2025-06-10;13.5956
B;Business;GBP;Pound sterling;NOK;Norwegian krone;SP;Spot;4;false;0;Units;C;ECB concertation time 14:15 CET;2025-06-11;13.6456
B;Business;GBP;Pound sterling;NOK;Norwegian krone;SP;Spot;4;false;0;Units;C;ECB concertation time 14:15 CET;2025-06-12;13.5559
B;Business;GBP;Pound sterling;NOK;Norwegian krone;SP;Spot;4;false;0;Units;C;ECB concertation time 14:15 CET;2025-06-13;13.455
B;Business;GBP;Pound sterling;NOK;Norwegian krone;SP;Spot;4;false;0;Units;C;ECB concertation time 14:15 CET;2025-06-16;13.4542
B;Business;GBP;Pound sterling;NOK;Norwegian krone;SP;Spot;4;false;0;Units;C;ECB concertation time 14:15 CET;2025-06-17;13.393
B;Business;GBP;Pound sterling;NOK;Norwegian krone;SP;Spot;4;false;0;Units;C;ECB concertation time 14:15 CET;2025-06-18;13.3811
B;Business;GBP;Pound sterling;NOK;Norwegian krone;SP;Spot;4;false;0;Units;C;ECB concertation time 14:15 CET;2025-06-19;13.5013
B;Business;GBP;Pound sterling;NOK;Norwegian krone;SP;Spot;4;false;0;Units;C;ECB concertation time 14:15 CET;2025-06-20;13.5856
B;Business;GBP;Pound sterling;NOK;Norwegian krone;SP;Spot;4;false;0;Units;C;ECB concertation time 14:15 CET;2025-06-23;13.6145
B;Business;GBP;Pound sterling;NOK;Norwegian krone;SP;Spot;4;false;0;Units;C;ECB concertation time 14:15 CET;2025-06-24;13.7364
B;Business;GBP;Pound sterling;NOK;Norwegian krone;SP;Spot;4;false;0;Units;C;ECB concertation time 14:15 CET;2025-06-25;13.8189
B;Business;GBP;Pound sterling;NOK;Norwegian krone;SP;Spot;4;false;0;Units;C;ECB concertation time 14:15 CET;2025-06-26;13.8401
B;Business;GBP;Pound sterling;NOK;Norwegian krone;SP;Spot;4;false;0;Units;C;ECB concertation time 14:15 CET;2025-06-27;13.8258
B;Business;GBP;Pound sterling;NOK;Norwegian krone;SP;Spot;4;false;0;Units;C;ECB concertation time 14:15 CET;2025-06-30;13.8334
B;Business;GBP;Pound sterling;NOK;Norwegian krone;SP;Spot;4;false;0;Units;C;ECB concertation time 14:15 CET;2025-07-01;13.7919
B;Business;GBP;Pound sterling;NOK;Norwegian krone;SP;Spot;4;false;0;Units;C;ECB concertation time 14:15 CET;2025-07-02;13.8036
B;Business;GBP;Pound sterling;NOK;Norwegian krone;SP;Spot;4;false;0;Units;C;ECB concertation time 14:15 CET;2025-07-03;13.7617
B;Business;GBP;Pound sterling;NOK;Norwegian krone;SP;Spot;4;false;0;Units;C;ECB concertation time 14:15 CET;2025-07-04;13.7357
B;Business;GBP;Pound sterling;NOK;Norwegian krone;SP;Spot;4;false;0;Units;C;ECB concertation time 14:15 CET;2025-07-07;13.7911
B;Business;GBP;Pound sterling;NOK;Norwegian krone;SP;Spot;4;false;0;Units;C;ECB concertation time 14:15 CET;2025-07-08;13.7042
B;Business;GBP;Pound sterling;NOK;Norwegian krone;SP;Spot;4;false;0;Units;C;ECB concertation time 14:15 CET;2025-07-09;13.7351
B;Business;GBP;Pound sterling;NOK;Norwegian krone;SP;Spot;4;false;0;Units;C;ECB concertation time 14:15 CET;2025-07-10;13.6815
B;Business;GBP;Pound sterling;NOK;Norwegian krone;SP;Spot;4;false;0;Units;C;ECB concertation time 14:15 CET;2025-07-11;13.6658
B;Business;GBP;Pound sterling;NOK;Norwegian krone;SP;Spot;4;false;0;Units;C;ECB concertation time 14:15 CET;2025-07-14;13.6183
B;Business;GBP;Pound sterling;NOK;Norwegian krone;SP;Spot;4;false;0;Units;C;ECB concertation time 14:15 CET;2025-07-15;13.6784
B;Business;GBP;Pound sterling;NOK;Norwegian krone;SP;Spot;4;false;0;Units;C;ECB concertation time 14:15 CET;2025-07-16;13.7961
B;Business;GBP;Pound sterling;NOK;Norwegian krone;SP;Spot;4;false;0;Units;C;ECB concertation time 14:15 CET;2025-07-17;13.8449
B;Business;GBP;Pound sterling;NOK;Norwegian krone;SP;Spot;4;false;0;Units;C;ECB concertation time 14:15 CET;2025-07-18;13.6709
B;Business;GBP;Pound sterling;NOK;Norwegian krone;SP;Spot;4;false;0;Units;C;ECB concertation time 14:15 CET;2025-07-21;13.7084
B;Business;GBP;Pound sterling;NOK;Norwegian krone;SP;Spot;4;false;0;Units;C;ECB concertation time 14:15 CET;2025-07-22;13.6997
B;Business;GBP;Pound sterling;NOK;Norwegian krone;SP;Spot;4;false;0;Units;C;ECB concertation time 14:15 CET;2025-07-23;13.6659
B;Business;GBP;Pound sterling;NOK;Norwegian krone;SP;Spot;4;false;0;Units;C;ECB concertation time 14:15 CET;2025-07-24;13.6905
B;Business;GBP;Pound sterling;NOK;Norwegian krone;SP;Spot;4;false;0;Units;C;ECB concertation time 14:15 CET;2025-07-25;13.654
B;Business;GBP;Pound sterling;NOK;Norwegian krone;SP;Spot;4;false;0;Units;C;ECB concertation time 14:15 CET;2025-07-28;13.668
B;Business;GBP;Pound sterling;NOK;Norwegian krone;SP;Spot;4;false;0;Units;C;ECB concertation time 14:15 CET;2025-07-29;13.6607
B;Business;GBP;Pound sterling;NOK;Norwegian krone;SP;Spot;4;false;0;Units;C;ECB concertation time 14:15 CET;2025-07-30;13.6621
B;Business;GBP;Pound sterling;NOK;Norwegian krone;SP;Spot;4;false;0;Units;C;ECB concertation time 14:15 CET;2025-07-31;13.6131
B;Business;GBP;Pound sterling;NOK;Norwegian krone;SP;Spot;4;false;0;Units;C;ECB concertation time 14:15 CET;2025-08-01;13.6328
B;Business;GBP;Pound sterling;NOK;Norwegian krone;SP;Spot;4;false;0;Units;C;ECB concertation time 14:15 CET;2025-08-04;13.6426
B;Business;GBP;Pound sterling;NOK;Norwegian krone;SP;Spot;4;false;0;Units;C;ECB concertation time 14:15 CET;2025-08-05;13.6397
B;Business;GBP;Pound sterling;NOK;Norwegian krone;SP;Spot;4;false;0;Units;C;ECB concertation time 14:15 CET;2025-08-06;13.5958
B;Business;GBP;Pound sterling;NOK;Norwegian krone;SP;Spot;4;false;0;Units;C;ECB concertation time 14:15 CET;2025-08-07;13.7096
B;Business;GBP;Pound sterling;NOK;Norwegian krone;SP;Spot;4;false;0;Units;C;ECB concertation time 14:15 CET;2025-08-08;13.7862
B;Business;GBP;Pound sterling;NOK;Norwegian krone;SP;Spot;4;false;0;Units;C;ECB concertation time 14:15 CET;2025-08-11;13.7535
B;Business;GBP;Pound sterling;NOK;Norwegian krone;SP;Spot;4;false;0;Units;C;ECB concertation time 14:15 CET;2025-08-12;13.7963
B;Business;GBP;Pound sterling;NOK;Norwegian krone;SP;Spot;4;false;0;Units;C;ECB concertation time 14:15 CET;2025-08-13;13.8385
B;Business;GBP;Pound sterling;NOK;Norwegian krone;SP;Spot;4;false;0;Units;C;ECB concertation time 14:15 CET;2025-08-14;13.8461
B;Business;GBP;Pound sterling;NOK;Norwegian krone;SP;Spot;4;false;0;Units;C;ECB concertation time 14:15 CET;2025-08-15;13.7973
B;Business;GBP;Pound sterling;NOK;Norwegian krone;SP;Spot;4;false;0;Units;C;ECB concertation time 14:15 CET;2025-08-18;13.7849
B;Business;GBP;Pound sterling;NOK;Norwegian krone;SP;Spot;4;false;0;Units;C;ECB concertation time 14:15 CET;2025-08-19;13.8056
B;Business;GBP;Pound sterling;NOK;Norwegian krone;SP;Spot;4;false;0;Units;C;ECB concertation time 14:15 CET;2025-08-20;13.8236
B;Business;GBP;Pound sterling;NOK;Norwegian krone;SP;Spot;4;false;0;Units;C;ECB concertation time 14:15 CET;2025-08-21;13.6937
B;Business;GBP;Pound sterling;NOK;Norwegian krone;SP;Spot;4;false;0;Units;C;ECB concertation time 14:15 CET;2025-08-22;13.6744
B;Business;GBP;Pound sterling;NOK;Norwegian krone;SP;Spot;4;false;0;Units;C;ECB concertation time 14:15 CET;2025-08-25;13.6373
B;Business;GBP;Pound sterling;NOK;Norwegian krone;SP;Spot;4;false;0;Units;C;ECB concertation time 14:15 CET;2025-08-26;13.6959
B;Business;GBP;Pound sterling;NOK;Norwegian krone;SP;Spot;4;false;0;Units;C;ECB concertation time 14:15 CET;2025-08-27;13.6633
B;Business;GBP;Pound sterling;NOK;Norwegian krone;SP;Spot;4;false;0;Units;C;ECB concertation time 14:15 CET;2025-08-28;13.6019
B;Business;GBP;Pound sterling;NOK;Norwegian krone;SP;Spot;4;false;0;Units;C;ECB concertation time 14:15 CET;2025-08-29;13.5516
B;Business;GBP;Pound sterling;NOK;Norwegian krone;SP;Spot;4;false;0;Units;C;ECB concertation time 14:15 CET;2025-09-01;13.5436
B;Business;GBP;Pound sterling;NOK;Norwegian krone;SP;Spot;4;false;0;Units;C;ECB concertation time 14:15 CET;2025-09-02;13.4153
B;Business;GBP;Pound sterling;NOK;Norwegian krone;SP;Spot;4;false;0;Units;C;ECB concertation time 14:15 CET;2025-09-03;13.4684
B;Business;GBP;Pound sterling;NOK;Norwegian krone;SP;Spot;4;false;0;Units;C;ECB concertation time 14:15 CET;2025-09-04;13.5669
B;Business;GBP;Pound sterling;NOK;Norwegian krone;SP;Spot;4;false;0;Units;C;ECB concertation time 14:15 CET;2025-09-05;13.5406
B;Business;GBP;Pound sterling;NOK;Norwegian krone;SP;Spot;4;false;0;Units;C;ECB concertation time 14:15 CET;2025-09-08;13.5108
B;Business;GBP;Pound sterling;NOK;Norwegian krone;SP;Spot;4;false;0;Units;C;ECB concertation time 14:15 CET;2025-09-09;13.5178
B;Business;GBP;Pound sterling;NOK;Norwegian krone;SP;Spot;4;false;0;Units;C;ECB concertation time 14:15 CET;2025-09-10;13.4329
B;Business;GBP;Pound sterling;NOK;Norwegian krone;SP;Spot;4;false;0;Units;C;ECB concertation time 14:15 CET;2025-09-11;13.4289
B;Business;GBP;Pound sterling;NOK;Norwegian krone;SP;Spot;4;false;0;Units;C;ECB concertation time 14:15 CET;2025-09-12;13.3878
B;Business;GBP;Pound sterling;NOK;Norwegian krone;SP;Spot;4;false;0;Units;C;ECB concertation time 14:15 CET;2025-09-15;13.374
B;Business;GBP;Pound sterling;NOK;Norwegian krone;SP;Spot;4;false;0;Units;C;ECB concertation time 14:15 CET;2025-09-16;13.3896
B;Business;GBP;Pound sterling;NOK;Norwegian krone;SP;Spot;4;false;0;Units;C;ECB concertation time 14:15 CET;2025-09-17;13.4017
B;Business;GBP;Pound sterling;NOK;Norwegian krone;SP;Spot;4;false;0;Units;C;ECB concertation time 14:15 CET;2025-09-18;13.3491
B;Business;GBP;Pound sterling;NOK;Norwegian krone;SP;Spot;4;false;0;Units;C;ECB concertation time 14:15 CET;2025-09-19;13.402
B;Business;GBP;Pound sterling;NOK;Norwegian krone;SP;Spot;4;false;0;Units;C;ECB concertation time 14:15 CET;2025-09-22;13.4065
B;Business;GBP;Pound sterling;NOK;Norwegian krone;SP;Spot;4;false;0;Units;C;ECB concertation time 14:15 CET;2025-09-23;13.3715
B;Business;GBP;Pound sterling;NOK;Norwegian krone;SP;Spot;4;false;0;Units;C;ECB concertation time 14:15 CET;2025-09-24;13.3868
B;Business;GBP;Pound sterling;NOK;Norwegian krone;SP;Spot;4;false;0;Units;C;ECB concertation time 14:15 CET;2025-09-25;13.3619
B;Business;GBP;Pound sterling;NOK;Norwegian krone;SP;Spot;4;false;0;Units;C;ECB concertation time 14:15 CET;2025-09-26;13.3987
B;Business;GBP;Pound sterling;NOK;Norwegian krone;SP;Spot;4;false;0;Units;C;ECB concertation time 14:15 CET;2025-09-29;13.387
B;Business;GBP;Pound sterling;NOK;Norwegian krone;SP;Spot;4;false;0;Units;C;ECB concertation time 14:15 CET;2025-09-30;13.4263
B;Business;GBP;Pound sterling;NOK;Norwegian krone;SP;Spot;4;false;0;Units;C;ECB concertation time 14:15 CET;2025-10-01;13.3938
B;Business;GBP;Pound sterling;NOK;Norwegian krone;SP;Spot;4;false;0;Units;C;ECB concertation time 14:15 CET;2025-10-02;13.3872
B;Business;GBP;Pound sterling;NOK;Norwegian krone;SP;Spot;4;false;0;Units;C;ECB concertation time 14:15 CET;2025-10-03;13.379
B;Business;GBP;Pound sterling;NOK;Norwegian krone;SP;Spot;4;false;0;Units;C;ECB concertation time 14:15 CET;2025-10-06;13.3652
B;Business;GBP;Pound sterling;NOK;Norwegian krone;SP;Spot;4;false;0;Units;C;ECB concertation time 14:15 CET;2025-10-07;13.3316
B;Business;GBP;Pound sterling;NOK;Norwegian krone;SP;Spot;4;false;0;Units;C;ECB concertation time 14:15 CET;2025-10-08;13.3923
B;Business;GBP;Pound sterling;NOK;Norwegian krone;SP;Spot;4;false;0;Units;C;ECB concertation time 14:15 CET;2025-10-09;13.3871
B;Business;GBP;Pound sterling;NOK;Norwegian krone;SP;Spot;4;false;0;Units;C;ECB concertation time 14:15 CET;2025-10-10;13.4085
B;Business;GBP;Pound sterling;NOK;Norwegian krone;SP;Spot;4;false;0;Units;C;ECB concertation time 14:15 CET;2025-10-13;13.4597
B;Business;GBP;Pound sterling;NOK;Norwegian krone;SP;Spot;4;false;0;Units;C;ECB concertation time 14:15 CET;2025-10-14;13.513
B;Business;GBP;Pound sterling;NOK;Norwegian krone;SP;Spot;4;false;0;Units;C;ECB concertation time 14:15 CET;2025-10-15;13.4664
B;Business;GBP;Pound sterling;NOK;Norwegian krone;SP;Spot;4;false;0;Units;C;ECB concertation time 14:15 CET;2025-10-16;13.5247
B;Business;GBP;Pound sterling;NOK;Norwegian krone;SP;Spot;4;false;0;Units;C;ECB concertation time 14:15 CET;2025-10-17;13.4897
B;Business;GBP;Pound sterling;NOK;Norwegian krone;SP;Spot;4;false;0;Units;C;ECB concertation time 14:15 CET;2025-10-20;13.51
B;Business;GBP;Pound sterling;NOK;Norwegian krone;SP;Spot;4;false;0;Units;C;ECB concertation time 14:15 CET;2025-10-21;13.447
B;Business;GBP;Pound sterling;NOK;Norwegian krone;SP;Spot;4;false;0;Units;C;ECB concertation time 14:15 CET;2025-10-22;13.3997
B;Business;GBP;Pound sterling;NOK;Norwegian krone;SP;Spot;4;false;0;Units;C;ECB concertation time 14:15 CET;2025-10-23;13.3275
B;Business;GBP;Pound sterling;NOK;Norwegian krone;SP;Spot;4;false;0;Units;C;ECB concertation time 14:15 CET;2025-10-24;13.3148
B;Business;GBP;Pound sterling;NOK;Norwegian krone;SP;Spot;4;false;0;Units;C;ECB concertation time 14:15 CET;2025-10-27;13.3379
B;Business;GBP;Pound sterling;NOK;Norwegian krone;SP;Spot;4;false;0;Units;C;ECB concertation time 14:15 CET;2025-10-28;13.2803
B;Business;GBP;Pound sterling;NOK;Norwegian krone;SP;Spot;4;false;0;Units;C;ECB concertation time 14:15 CET;2025-10-29;13.2151
B;Business;GBP;Pound sterling;NOK;Norwegian krone;SP;Spot;4;false;0;Units;C;ECB concertation time 14:15 CET;2025-10-30;13.2539
B;Business;GBP;Pound sterling;NOK;Norwegian krone;SP;Spot;4;false;0;Units;C;ECB concertation time 14:15 CET;2025-10-31;13.2129
B;Business;GBP;Pound sterling;NOK;Norwegian krone;SP;Spot;4;false;0;Units;C;ECB concertation time 14:15 CET;2025-11-03;13.2892
B;Business;GBP;Pound sterling;NOK;Norwegian krone;SP;Spot;4;false;0;Units;C;ECB concertation time 14:15 CET;2025-11-04;13.3331
B;Business;GBP;Pound sterling;NOK;Norwegian krone;SP;Spot;4;false;0;Units;C;ECB concertation time 14:15 CET;2025-11-05;13.336
B;Business;GBP;Pound sterling;NOK;Norwegian krone;SP;Spot;4;false;0;Units;C;ECB concertation time 14:15 CET;2025-11-06;13.315
B;Business;GBP;Pound sterling;NOK;Norwegian krone;SP;Spot;4;false;0;Units;C;ECB concertation time 14:15 CET;2025-11-07;13.3697
B;Business;GBP;Pound sterling;NOK;Norwegian krone;SP;Spot;4;false;0;Units;C;ECB concertation time 14:15 CET;2025-11-10;13.3157
B;Business;GBP;Pound sterling;NOK;Norwegian krone;SP;Spot;4;false;0;Units;C;ECB concertation time 14:15 CET;2025-11-11;13.2445
B;Business;GBP;Pound sterling;NOK;Norwegian krone;SP;Spot;4;false;0;Units;C;ECB concertation time 14:15 CET;2025-11-12;13.2036
B;Business;GBP;Pound sterling;NOK;Norwegian krone;SP;Spot;4;false;0;Units;C;ECB concertation time 14:15 CET;2025-11-13;13.2373
B;Business;GBP;Pound sterling;NOK;Norwegian krone;SP;Spot;4;false;0;Units;C;ECB concertation time 14:15 CET;2025-11-14;13.2585
B;Business;GBP;Pound sterling;NOK;Norwegian krone;SP;Spot;4;false;0;Units;C;ECB concertation time 14:15 CET;2025-11-17;13.3036
B;Business;GBP;Pound sterling;NOK;Norwegian krone;SP;Spot;4;false;0;Units;C;ECB concertation time 14:15 CET;2025-11-18;13.3016
B;Business;GBP;Pound sterling;NOK;Norwegian krone;SP;Spot;4;false;0;Units;C;ECB concertation time 14:15 CET;2025-11-19;13.3092
B;Business;GBP;Pound sterling;NOK;Norwegian krone;SP;Spot;4;false;0;Units;C;ECB concertation time 14:15 CET;2025-11-20;13.3188
B;Business;GBP;Pound sterling;NOK;Norwegian krone;SP;Spot;4;false;0;Units;C;ECB concertation time 14:15 CET;2025-11-21;13.3977
B;Business;GBP;Pound sterling;NOK;Norwegian krone;SP;Spot;4;false;0;Units;C;ECB concertation time 14:15 CET;2025-11-24;13.3968
B;Business;GBP;Pound sterling;NOK;Norwegian krone;SP;Spot;4;false;0;Units;C;ECB concertation time 14:15 CET;2025-11-25;13.482
B;Business;GBP;Pound sterling;NOK;Norwegian krone;SP;Spot;4;false;0;Units;C;ECB concertation time 14:15 CET;2025-11-26;13.4991
B;Business;GBP;Pound sterling;NOK;Norwegian krone;SP;Spot;4;false;0;Units;C;ECB concertation time 14:15 CET;2025-11-27;13.483
B;Business;GBP;Pound sterling;NOK;Norwegian krone;SP;Spot;4;false;0;Units;C;ECB concertation time 14:15 CET;2025-11-28;13.4421
B;Business;GBP;Pound sterling;NOK;Norwegian krone;SP;Spot;4;false;0;Units;C;ECB concertation time 14:15 CET;2025-12-01;13.4097
B;Business;GBP;Pound sterling;NOK;Norwegian krone;SP;Spot;4;false;0;Units;C;ECB concertation time 14:15 CET;2025-12-02;13.4027
B;Business;GBP;Pound sterling;NOK;Norwegian krone;SP;Spot;4;false;0;Units;C;ECB concertation time 14:15 CET;2025-12-03;13.4132
B;Business;GBP;Pound sterling;NOK;Norwegian krone;SP;Spot;4;false;0;Units;C;ECB concertation time 14:15 CET;2025-12-04;13.4728
B;Business;GBP;Pound sterling;NOK;Norwegian krone;SP;Spot;4;false;0;Units;C;ECB concertation time 14:15 CET;2025-12-05;13.4697
B;Business;GBP;Pound sterling;NOK;Norwegian krone;SP;Spot;4;false;0;Units;C;ECB concertation time 14:15 CET;2025-12-08;13.4759
B;Business;GBP;Pound sterling;NOK;Norwegian krone;SP;Spot;4;false;0;Units;C;ECB concertation time 14:15 CET;2025-12-09;13.4911
B;Business;GBP;Pound sterling;NOK;Norwegian krone;SP;Spot;4;false;0;Units;C;ECB concertation time 14:15 CET;2025-12-10;13.5099
B;Business;GBP;Pound sterling;NOK;Norwegian krone;SP;Spot;4;false;0;Units;C;ECB concertation time 14:15 CET;2025-12-11;13.5127
B;Business;GBP;Pound sterling;NOK;Norwegian krone;SP;Spot;4;false;0;Units;C;ECB concertation time 14:15 CET;2025-12-12;13.5234
B;Business;GBP;Pound sterling;NOK;Norwegian krone;SP;Spot;4;false;0;Units;C;ECB concertation time 14:15 CET;2025-12-15;13.5636
B;Business;GBP;Pound sterling;NOK;Norwegian krone;SP;Spot;4;false;0;Units;C;ECB concertation time 14:15 CET;2025-12-16;13.6753
B;Business;GBP;Pound sterling;NOK;Norwegian krone;SP;Spot;4;false;0;Units;C;ECB concertation time 14:15 CET;2025-12-17;13.6435
B;Business;GBP;Pound sterling;NOK;Norwegian krone;SP;Spot;4;false;0;Units;C;ECB concertation time 14:15 CET;2025-12-18;13.6685
B;Business;GBP;Pound sterling;NOK;Norwegian krone;SP;Spot;4;false;0;Units;C;ECB concertation time 14:15 CET;2025-12-19;13.6016
B;Business;GBP;Pound sterling;NOK;Norwegian krone;SP;Spot;4;false;0;Units;C;ECB concertation time 14:15 CET;2025-12-22;13.5981
B;Business;GBP;Pound sterling;NOK;Norwegian krone;SP;Spot;4;false;0;Units;C;ECB concertation time 14:15 CET;2025-12-23;13.5743
B;Business;EUR;Euro;NOK;Norwegian krone;SP;Spot;4;false;0;Units;C;ECB concertation time 14:15 CET;2018-01-02;9.7748
B;Business;EUR;Euro;NOK;Norwegian krone;SP;Spot;4;false;0;Units;C;ECB concertation time 14:15 CET;2018-01-03;9.744
B;Business;EUR;Euro;NOK;Norwegian krone;SP;Spot;4;false;0;Units;C;ECB concertation time 14:15 CET;2018-01-04;9.7655
B;Business;EUR;Euro;NOK;Norwegian krone;SP;Spot;4;false;0;Units;C;ECB concertation time 14:15 CET;2018-01-05;9.7418
B;Business;EUR;Euro;NOK;Norwegian krone;SP;Spot;4;false;0;Units;C;ECB concertation time 14:15 CET;2018-01-08;9.6783
B;Business;EUR;Euro;NOK;Norwegian krone;SP;Spot;4;false;0;Units;C;ECB concertation time 14:15 CET;2018-01-09;9.6715
B;Business;EUR;Euro;NOK;Norwegian krone;SP;Spot;4;false;0;Units;C;ECB concertation time 14:15 CET;2018-01-10;9.6448
B;Business;EUR;Euro;NOK;Norwegian krone;SP;Spot;4;false;0;Units;C;ECB concertation time 14:15 CET;2018-01-11;9.6735
B;Business;EUR;Euro;NOK;Norwegian krone;SP;Spot;4;false;0;Units;C;ECB concertation time 14:15 CET;2018-01-12;9.659
B;Business;EUR;Euro;NOK;Norwegian krone;SP;Spot;4;false;0;Units;C;ECB concertation time 14:15 CET;2018-01-15;9.6708
B;Business;EUR;Euro;NOK;Norwegian krone;SP;Spot;4;false;0;Units;C;ECB concertation time 14:15 CET;2018-01-16;9.6308
B;Business;EUR;Euro;NOK;Norwegian krone;SP;Spot;4;false;0;Units;C;ECB concertation time 14:15 CET;2018-01-17;9.622
B;Business;EUR;Euro;NOK;Norwegian krone;SP;Spot;4;false;0;Units;C;ECB concertation time 14:15 CET;2018-01-18;9.6013
B;Business;EUR;Euro;NOK;Norwegian krone;SP;Spot;4;false;0;Units;C;ECB concertation time 14:15 CET;2018-01-19;9.6243
B;Business;EUR;Euro;NOK;Norwegian krone;SP;Spot;4;false;0;Units;C;ECB concertation time 14:15 CET;2018-01-22;9.6223
B;Business;EUR;Euro;NOK;Norwegian krone;SP;Spot;4;false;0;Units;C;ECB concertation time 14:15 CET;2018-01-23;9.638
B;Business;EUR;Euro;NOK;Norwegian krone;SP;Spot;4;false;0;Units;C;ECB concertation time 14:15 CET;2018-01-24;9.6275
B;Business;EUR;Euro;NOK;Norwegian krone;SP;Spot;4;false;0;Units;C;ECB concertation time 14:15 CET;2018-01-25;9.5858
B;Business;EUR;Euro;NOK;Norwegian krone;SP;Spot;4;false;0;Units;C;ECB concertation time 14:15 CET;2018-01-26;9.5655
B;Business;EUR;Euro;NOK;Norwegian krone;SP;Spot;4;false;0;Units;C;ECB concertation time 14:15 CET;2018-01-29;9.5548
B;Business;EUR;Euro;NOK;Norwegian krone;SP;Spot;4;false;0;Units;C;ECB concertation time 14:15 CET;2018-01-30;9.5628
B;Business;EUR;Euro;NOK;Norwegian krone;SP;Spot;4;false;0;Units;C;ECB concertation time 14:15 CET;2018-01-31;9.562
B;Business;EUR;Euro;NOK;Norwegian krone;SP;Spot;4;false;0;Units;C;ECB concertation time 14:15 CET;2018-02-01;9.5705
B;Business;EUR;Euro;NOK;Norwegian krone;SP;Spot;4;false;0;Units;C;ECB concertation time 14:15 CET;2018-02-02;9.5663
B;Business;EUR;Euro;NOK;Norwegian krone;SP;Spot;4;false;0;Units;C;ECB concertation time 14:15 CET;2018-02-05;9.6108
B;Business;EUR;Euro;NOK;Norwegian krone;SP;Spot;4;false;0;Units;C;ECB concertation time 14:15 CET;2018-02-06;9.7005
B;Business;EUR;Euro;NOK;Norwegian krone;SP;Spot;4;false;0;Units;C;ECB concertation time 14:15 CET;2018-02-07;9.6618
B;Business;EUR;Euro;NOK;Norwegian krone;SP;Spot;4;false;0;Units;C;ECB concertation time 14:15 CET;2018-02-08;9.686
B;Business;EUR;Euro;NOK;Norwegian krone;SP;Spot;4;false;0;Units;C;ECB concertation time 14:15 CET;2018-02-09;9.7983
B;Business;EUR;Euro;NOK;Norwegian krone;SP;Spot;4;false;0;Units;C;ECB concertation time 14:15 CET;2018-02-12;9.7475
B;Business;EUR;Euro;NOK;Norwegian krone;SP;Spot;4;false;0;Units;C;ECB concertation time 14:15 CET;2018-02-13;9.7418
B;Business;EUR;Euro;NOK;Norwegian krone;SP;Spot;4;false;0;Units;C;ECB concertation time 14:15 CET;2018-02-14;9.7148
B;Business;EUR;Euro;NOK;Norwegian krone;SP;Spot;4;false;0;Units;C;ECB concertation time 14:15 CET;2018-02-15;9.735
B;Business;EUR;Euro;NOK;Norwegian krone;SP;Spot;4;false;0;Units;C;ECB concertation time 14:15 CET;2018-02-16;9.681
B;Business;EUR;Euro;NOK;Norwegian krone;SP;Spot;4;false;0;Units;C;ECB concertation time 14:15 CET;2018-02-19;9.6575
B;Business;EUR;Euro;NOK;Norwegian krone;SP;Spot;4;false;0;Units;C;ECB concertation time 14:15 CET;2018-02-20;9.6683
B;Business;EUR;Euro;NOK;Norwegian krone;SP;Spot;4;false;0;Units;C;ECB concertation time 14:15 CET;2018-02-21;9.642
B;Business;EUR;Euro;NOK;Norwegian krone;SP;Spot;4;false;0;Units;C;ECB concertation time 14:15 CET;2018-02-22;9.6893
B;Business;EUR;Euro;NOK;Norwegian krone;SP;Spot;4;false;0;Units;C;ECB concertation time 14:15 CET;2018-02-23;9.677
B;Business;EUR;Euro;NOK;Norwegian krone;SP;Spot;4;false;0;Units;C;ECB concertation time 14:15 CET;2018-02-26;9.6303
B;Business;EUR;Euro;NOK;Norwegian krone;SP;Spot;4;false;0;Units;C;ECB concertation time 14:15 CET;2018-02-27;9.629
B;Business;EUR;Euro;NOK;Norwegian krone;SP;Spot;4;false;0;Units;C;ECB concertation time 14:15 CET;2018-02-28;9.6153
B;Business;EUR;Euro;NOK;Norwegian krone;SP;Spot;4;false;0;Units;C;ECB concertation time 14:15 CET;2018-03-01;9.66
B;Business;EUR;Euro;NOK;Norwegian krone;SP;Spot;4;false;0;Units;C;ECB concertation time 14:15 CET;2018-03-02;9.6178
B;Business;EUR;Euro;NOK;Norwegian krone;SP;Spot;4;false;0;Units;C;ECB concertation time 14:15 CET;2018-03-05;9.6335
B;Business;EUR;Euro;NOK;Norwegian krone;SP;Spot;4;false;0;Units;C;ECB concertation time 14:15 CET;2018-03-06;9.613
B;Business;EUR;Euro;NOK;Norwegian krone;SP;Spot;4;false;0;Units;C;ECB concertation time 14:15 CET;2018-03-07;9.6775
B;Business;EUR;Euro;NOK;Norwegian krone;SP;Spot;4;false;0;Units;C;ECB concertation time 14:15 CET;2018-03-08;9.7135
B;Business;EUR;Euro;NOK;Norwegian krone;SP;Spot;4;false;0;Units;C;ECB concertation time 14:15 CET;2018-03-09;9.5948
B;Business;EUR;Euro;NOK;Norwegian krone;SP;Spot;4;false;0;Units;C;ECB concertation time 14:15 CET;2018-03-12;9.5645
B;Business;EUR;Euro;NOK;Norwegian krone;SP;Spot;4;false;0;Units;C;ECB concertation time 14:15 CET;2018-03-13;9.5808
B;Business;EUR;Euro;NOK;Norwegian krone;SP;Spot;4;false;0;Units;C;ECB concertation time 14:15 CET;2018-03-14;9.5728
B;Business;EUR;Euro;NOK;Norwegian krone;SP;Spot;4;false;0;Units;C;ECB concertation time 14:15 CET;2018-03-15;9.5078
B;Business;EUR;Euro;NOK;Norwegian krone;SP;Spot;4;false;0;Units;C;ECB concertation time 14:15 CET;2018-03-16;9.491
B;Business;EUR;Euro;NOK;Norwegian krone;SP;Spot;4;false;0;Units;C;ECB concertation time 14:15 CET;2018-03-19;9.5205
B;Business;EUR;Euro;NOK;Norwegian krone;SP;Spot;4;false;0;Units;C;ECB concertation time 14:15 CET;2018-03-20;9.4863
B;Business;EUR;Euro;NOK;Norwegian krone;SP;Spot;4;false;0;Units;C;ECB concertation time 14:15 CET;2018-03-21;9.5028
B;Business;EUR;Euro;NOK;Norwegian krone;SP;Spot;4;false;0;Units;C;ECB concertation time 14:15 CET;2018-03-22;9.5308
B;Business;EUR;Euro;NOK;Norwegian krone;SP;Spot;4;false;0;Units;C;ECB concertation time 14:15 CET;2018-03-23;9.5715
B;Business;EUR;Euro;NOK;Norwegian krone;SP;Spot;4;false;0;Units;C;ECB concertation time 14:15 CET;2018-03-26;9.5613
B;Business;EUR;Euro;NOK;Norwegian krone;SP;Spot;4;false;0;Units;C;ECB concertation time 14:15 CET;2018-03-27;9.5603
B;Business;EUR;Euro;NOK;Norwegian krone;SP;Spot;4;false;0;Units;C;ECB concertation time 14:15 CET;2018-03-28;9.6423
B;Business;EUR;Euro;NOK;Norwegian krone;SP;Spot;4;false;0;Units;C;ECB concertation time 14:15 CET;2018-04-03;9.6338
B;Business;EUR;Euro;NOK;Norwegian krone;SP;Spot;4;false;0;Units;C;ECB concertation time 14:15 CET;2018-04-04;9.6345
B;Business;EUR;Euro;NOK;Norwegian krone;SP;Spot;4;false;0;Units;C;ECB concertation time 14:15 CET;2018-04-05;9.5875
B;Business;EUR;Euro;NOK;Norwegian krone;SP;Spot;4;false;0;Units;C;ECB concertation time 14:15 CET;2018-04-06;9.586
B;Business;EUR;Euro;NOK;Norwegian krone;SP;Spot;4;false;0;Units;C;ECB concertation time 14:15 CET;2018-04-09;9.5883
B;Business;EUR;Euro;NOK;Norwegian krone;SP;Spot;4;false;0;Units;C;ECB concertation time 14:15 CET;2018-04-10;9.647
B;Business;EUR;Euro;NOK;Norwegian krone;SP;Spot;4;false;0;Units;C;ECB concertation time 14:15 CET;2018-04-11;9.6213
B;Business;EUR;Euro;NOK;Norwegian krone;SP;Spot;4;false;0;Units;C;ECB concertation time 14:15 CET;2018-04-12;9.5973
B;Business;EUR;Euro;NOK;Norwegian krone;SP;Spot;4;false;0;Units;C;ECB concertation time 14:15 CET;2018-04-13;9.5643
B;Business;EUR;Euro;NOK;Norwegian krone;SP;Spot;4;false;0;Units;C;ECB concertation time 14:15 CET;2018-04-16;9.595
B;Business;EUR;Euro;NOK;Norwegian krone;SP;Spot;4;false;0;Units;C;ECB concertation time 14:15 CET;2018-04-17;9.598
B;Business;EUR;Euro;NOK;Norwegian krone;SP;Spot;4;false;0;Units;C;ECB concertation time 14:15 CET;2018-04-18;9.6095
B;Business;EUR;Euro;NOK;Norwegian krone;SP;Spot;4;false;0;Units;C;ECB concertation time 14:15 CET;2018-04-19;9.5825
B;Business;EUR;Euro;NOK;Norwegian krone;SP;Spot;4;false;0;Units;C;ECB concertation time 14:15 CET;2018-04-20;9.605
B;Business;EUR;Euro;NOK;Norwegian krone;SP;Spot;4;false;0;Units;C;ECB concertation time 14:15 CET;2018-04-23;9.6258
B;Business;EUR;Euro;NOK;Norwegian krone;SP;Spot;4;false;0;Units;C;ECB concertation time 14:15 CET;2018-04-24;9.629
B;Business;EUR;Euro;NOK;Norwegian krone;SP;Spot;4;false;0;Units;C;ECB concertation time 14:15 CET;2018-04-25;9.705
B;Business;EUR;Euro;NOK;Norwegian krone;SP;Spot;4;false;0;Units;C;ECB concertation time 14:15 CET;2018-04-26;9.6735
B;Business;EUR;Euro;NOK;Norwegian krone;SP;Spot;4;false;0;Units;C;ECB concertation time 14:15 CET;2018-04-27;9.659
B;Business;EUR;Euro;NOK;Norwegian krone;SP;Spot;4;false;0;Units;C;ECB concertation time 14:15 CET;2018-04-30;9.662
B;Business;EUR;Euro;NOK;Norwegian krone;SP;Spot;4;false;0;Units;C;ECB concertation time 14:15 CET;2018-05-02;9.6958
B;Business;EUR;Euro;NOK;Norwegian krone;SP;Spot;4;false;0;Units;C;ECB concertation time 14:15 CET;2018-05-03;9.6465
B;Business;EUR;Euro;NOK;Norwegian krone;SP;Spot;4;false;0;Units;C;ECB concertation time 14:15 CET;2018-05-04;9.644
B;Business;EUR;Euro;NOK;Norwegian krone;SP;Spot;4;false;0;Units;C;ECB concertation time 14:15 CET;2018-05-07;9.619
B;Business;EUR;Euro;NOK;Norwegian krone;SP;Spot;4;false;0;Units;C;ECB concertation time 14:15 CET;2018-05-08;9.6233
B;Business;EUR;Euro;NOK;Norwegian krone;SP;Spot;4;false;0;Units;C;ECB concertation time 14:15 CET;2018-05-09;9.6045
B;Business;EUR;Euro;NOK;Norwegian krone;SP;Spot;4;false;0;Units;C;ECB concertation time 14:15 CET;2018-05-11;9.5425
B;Business;EUR;Euro;NOK;Norwegian krone;SP;Spot;4;false;0;Units;C;ECB concertation time 14:15 CET;2018-05-14;9.5653
B;Business;EUR;Euro;NOK;Norwegian krone;SP;Spot;4;false;0;Units;C;ECB concertation time 14:15 CET;2018-05-15;9.5673
B;Business;EUR;Euro;NOK;Norwegian krone;SP;Spot;4;false;0;Units;C;ECB concertation time 14:15 CET;2018-05-16;9.5715
B;Business;EUR;Euro;NOK;Norwegian krone;SP;Spot;4;false;0;Units;C;ECB concertation time 14:15 CET;2018-05-18;9.5773
B;Business;EUR;Euro;NOK;Norwegian krone;SP;Spot;4;false;0;Units;C;ECB concertation time 14:15 CET;2018-05-22;9.49
B;Business;EUR;Euro;NOK;Norwegian krone;SP;Spot;4;false;0;Units;C;ECB concertation time 14:15 CET;2018-05-23;9.5063
B;Business;EUR;Euro;NOK;Norwegian krone;SP;Spot;4;false;0;Units;C;ECB concertation time 14:15 CET;2018-05-24;9.481
B;Business;EUR;Euro;NOK;Norwegian krone;SP;Spot;4;false;0;Units;C;ECB concertation time 14:15 CET;2018-05-25;9.4888
B;Business;EUR;Euro;NOK;Norwegian krone;SP;Spot;4;false;0;Units;C;ECB concertation time 14:15 CET;2018-05-28;9.5113
B;Business;EUR;Euro;NOK;Norwegian krone;SP;Spot;4;false;0;Units;C;ECB concertation time 14:15 CET;2018-05-29;9.5618
B;Business;EUR;Euro;NOK;Norwegian krone;SP;Spot;4;false;0;Units;C;ECB concertation time 14:15 CET;2018-05-30;9.5463
B;Business;EUR;Euro;NOK;Norwegian krone;SP;Spot;4;false;0;Units;C;ECB concertation time 14:15 CET;2018-05-31;9.5375
B;Business;EUR;Euro;NOK;Norwegian krone;SP;Spot;4;false;0;Units;C;ECB concertation time 14:15 CET;2018-06-01;9.5323
B;Business;EUR;Euro;NOK;Norwegian krone;SP;Spot;4;false;0;Units;C;ECB concertation time 14:15 CET;2018-06-04;9.503
B;Business;EUR;Euro;NOK;Norwegian krone;SP;Spot;4;false;0;Units;C;ECB concertation time 14:15 CET;2018-06-05;9.5008
B;Business;EUR;Euro;NOK;Norwegian krone;SP;Spot;4;false;0;Units;C;ECB concertation time 14:15 CET;2018-06-06;9.5238
B;Business;EUR;Euro;NOK;Norwegian krone;SP;Spot;4;false;0;Units;C;ECB concertation time 14:15 CET;2018-06-07;9.5013
B;Business;EUR;Euro;NOK;Norwegian krone;SP;Spot;4;false;0;Units;C;ECB concertation time 14:15 CET;2018-06-08;9.5085
B;Business;EUR;Euro;NOK;Norwegian krone;SP;Spot;4;false;0;Units;C;ECB concertation time 14:15 CET;2018-06-11;9.5013
B;Business;EUR;Euro;NOK;Norwegian krone;SP;Spot;4;false;0;Units;C;ECB concertation time 14:15 CET;2018-06-12;9.4435
B;Business;EUR;Euro;NOK;Norwegian krone;SP;Spot;4;false;0;Units;C;ECB concertation time 14:15 CET;2018-06-13;9.4373
B;Business;EUR;Euro;NOK;Norwegian krone;SP;Spot;4;false;0;Units;C;ECB concertation time 14:15 CET;2018-06-14;9.4268
B;Business;EUR;Euro;NOK;Norwegian krone;SP;Spot;4;false;0;Units;C;ECB concertation time 14:15 CET;2018-06-15;9.432
B;Business;EUR;Euro;NOK;Norwegian krone;SP;Spot;4;false;0;Units;C;ECB concertation time 14:15 CET;2018-06-18;9.434
B;Business;EUR;Euro;NOK;Norwegian krone;SP;Spot;4;false;0;Units;C;ECB concertation time 14:15 CET;2018-06-19;9.4895
B;Business;EUR;Euro;NOK;Norwegian krone;SP;Spot;4;false;0;Units;C;ECB concertation time 14:15 CET;2018-06-20;9.4693
B;Business;EUR;Euro;NOK;Norwegian krone;SP;Spot;4;false;0;Units;C;ECB concertation time 14:15 CET;2018-06-21;9.4253
B;Business;EUR;Euro;NOK;Norwegian krone;SP;Spot;4;false;0;Units;C;ECB concertation time 14:15 CET;2018-06-22;9.4328
B;Business;EUR;Euro;NOK;Norwegian krone;SP;Spot;4;false;0;Units;C;ECB concertation time 14:15 CET;2018-06-25;9.4703
B;Business;EUR;Euro;NOK;Norwegian krone;SP;Spot;4;false;0;Units;C;ECB concertation time 14:15 CET;2018-06-26;9.4718
B;Business;EUR;Euro;NOK;Norwegian krone;SP;Spot;4;false;0;Units;C;ECB concertation time 14:15 CET;2018-06-27;9.4785
B;Business;EUR;Euro;NOK;Norwegian krone;SP;Spot;4;false;0;Units;C;ECB concertation time 14:15 CET;2018-06-28;9.474
B;Business;EUR;Euro;NOK;Norwegian krone;SP;Spot;4;false;0;Units;C;ECB concertation time 14:15 CET;2018-06-29;9.5115
B;Business;EUR;Euro;NOK;Norwegian krone;SP;Spot;4;false;0;Units;C;ECB concertation time 14:15 CET;2018-07-02;9.5015
B;Business;EUR;Euro;NOK;Norwegian krone;SP;Spot;4;false;0;Units;C;ECB concertation time 14:15 CET;2018-07-03;9.4655
B;Business;EUR;Euro;NOK;Norwegian krone;SP;Spot;4;false;0;Units;C;ECB concertation time 14:15 CET;2018-07-04;9.4433
B;Business;EUR;Euro;NOK;Norwegian krone;SP;Spot;4;false;0;Units;C;ECB concertation time 14:15 CET;2018-07-05;9.441
B;Business;EUR;Euro;NOK;Norwegian krone;SP;Spot;4;false;0;Units;C;ECB concertation time 14:15 CET;2018-07-06;9.4425
B;Business;EUR;Euro;NOK;Norwegian krone;SP;Spot;4;false;0;Units;C;ECB concertation time 14:15 CET;2018-07-09;9.4218
B;Business;EUR;Euro;NOK;Norwegian krone;SP;Spot;4;false;0;Units;C;ECB concertation time 14:15 CET;2018-07-10;9.4145
B;Business;EUR;Euro;NOK;Norwegian krone;SP;Spot;4;false;0;Units;C;ECB concertation time 14:15 CET;2018-07-11;9.4458
B;Business;EUR;Euro;NOK;Norwegian krone;SP;Spot;4;false;0;Units;C;ECB concertation time 14:15 CET;2018-07-12;9.4443
B;Business;EUR;Euro;NOK;Norwegian krone;SP;Spot;4;false;0;Units;C;ECB concertation time 14:15 CET;2018-07-13;9.483
B;Business;EUR;Euro;NOK;Norwegian krone;SP;Spot;4;false;0;Units;C;ECB concertation time 14:15 CET;2018-07-16;9.479
B;Business;EUR;Euro;NOK;Norwegian krone;SP;Spot;4;false;0;Units;C;ECB concertation time 14:15 CET;2018-07-17;9.4875
B;Business;EUR;Euro;NOK;Norwegian krone;SP;Spot;4;false;0;Units;C;ECB concertation time 14:15 CET;2018-07-18;9.5023
B;Business;EUR;Euro;NOK;Norwegian krone;SP;Spot;4;false;0;Units;C;ECB concertation time 14:15 CET;2018-07-19;9.5763
B;Business;EUR;Euro;NOK;Norwegian krone;SP;Spot;4;false;0;Units;C;ECB concertation time 14:15 CET;2018-07-20;9.5905
B;Business;EUR;Euro;NOK;Norwegian krone;SP;Spot;4;false;0;Units;C;ECB concertation time 14:15 CET;2018-07-23;9.5533
B;Business;EUR;Euro;NOK;Norwegian krone;SP;Spot;4;false;0;Units;C;ECB concertation time 14:15 CET;2018-07-24;9.5605
B;Business;EUR;Euro;NOK;Norwegian krone;SP;Spot;4;false;0;Units;C;ECB concertation time 14:15 CET;2018-07-25;9.5485
B;Business;EUR;Euro;NOK;Norwegian krone;SP;Spot;4;false;0;Units;C;ECB concertation time 14:15 CET;2018-07-26;9.5455
B;Business;EUR;Euro;NOK;Norwegian krone;SP;Spot;4;false;0;Units;C;ECB concertation time 14:15 CET;2018-07-27;9.5358
B;Business;EUR;Euro;NOK;Norwegian krone;SP;Spot;4;false;0;Units;C;ECB concertation time 14:15 CET;2018-07-30;9.529
B;Business;EUR;Euro;NOK;Norwegian krone;SP;Spot;4;false;0;Units;C;ECB concertation time 14:15 CET;2018-07-31;9.5338
B;Business;EUR;Euro;NOK;Norwegian krone;SP;Spot;4;false;0;Units;C;ECB concertation time 14:15 CET;2018-08-01;9.538
B;Business;EUR;Euro;NOK;Norwegian krone;SP;Spot;4;false;0;Units;C;ECB concertation time 14:15 CET;2018-08-02;9.546
B;Business;EUR;Euro;NOK;Norwegian krone;SP;Spot;4;false;0;Units;C;ECB concertation time 14:15 CET;2018-08-03;9.541
B;Business;EUR;Euro;NOK;Norwegian krone;SP;Spot;4;false;0;Units;C;ECB concertation time 14:15 CET;2018-08-06;9.5325
B;Business;EUR;Euro;NOK;Norwegian krone;SP;Spot;4;false;0;Units;C;ECB concertation time 14:15 CET;2018-08-07;9.5003
B;Business;EUR;Euro;NOK;Norwegian krone;SP;Spot;4;false;0;Units;C;ECB concertation time 14:15 CET;2018-08-08;9.5303
B;Business;EUR;Euro;NOK;Norwegian krone;SP;Spot;4;false;0;Units;C;ECB concertation time 14:15 CET;2018-08-09;9.5443
B;Business;EUR;Euro;NOK;Norwegian krone;SP;Spot;4;false;0;Units;C;ECB concertation time 14:15 CET;2018-08-10;9.533
B;Business;EUR;Euro;NOK;Norwegian krone;SP;Spot;4;false;0;Units;C;ECB concertation time 14:15 CET;2018-08-13;9.5295
B;Business;EUR;Euro;NOK;Norwegian krone;SP;Spot;4;false;0;Units;C;ECB concertation time 14:15 CET;2018-08-14;9.5275
B;Business;EUR;Euro;NOK;Norwegian krone;SP;Spot;4;false;0;Units;C;ECB concertation time 14:15 CET;2018-08-15;9.5508
B;Business;EUR;Euro;NOK;Norwegian krone;SP;Spot;4;false;0;Units;C;ECB concertation time 14:15 CET;2018-08-16;9.613
B;Business;EUR;Euro;NOK;Norwegian krone;SP;Spot;4;false;0;Units;C;ECB concertation time 14:15 CET;2018-08-17;9.6795
B;Business;EUR;Euro;NOK;Norwegian krone;SP;Spot;4;false;0;Units;C;ECB concertation time 14:15 CET;2018-08-20;9.672
B;Business;EUR;Euro;NOK;Norwegian krone;SP;Spot;4;false;0;Units;C;ECB concertation time 14:15 CET;2018-08-21;9.705
B;Business;EUR;Euro;NOK;Norwegian krone;SP;Spot;4;false;0;Units;C;ECB concertation time 14:15 CET;2018-08-22;9.6808
B;Business;EUR;Euro;NOK;Norwegian krone;SP;Spot;4;false;0;Units;C;ECB concertation time 14:15 CET;2018-08-23;9.6483
B;Business;EUR;Euro;NOK;Norwegian krone;SP;Spot;4;false;0;Units;C;ECB concertation time 14:15 CET;2018-08-24;9.6938
B;Business;EUR;Euro;NOK;Norwegian krone;SP;Spot;4;false;0;Units;C;ECB concertation time 14:15 CET;2018-08-27;9.6988
B;Business;EUR;Euro;NOK;Norwegian krone;SP;Spot;4;false;0;Units;C;ECB concertation time 14:15 CET;2018-08-28;9.7243
B;Business;EUR;Euro;NOK;Norwegian krone;SP;Spot;4;false;0;Units;C;ECB concertation time 14:15 CET;2018-08-29;9.7475
B;Business;EUR;Euro;NOK;Norwegian krone;SP;Spot;4;false;0;Units;C;ECB concertation time 14:15 CET;2018-08-30;9.72
B;Business;EUR;Euro;NOK;Norwegian krone;SP;Spot;4;false;0;Units;C;ECB concertation time 14:15 CET;2018-08-31;9.7148
B;Business;EUR;Euro;NOK;Norwegian krone;SP;Spot;4;false;0;Units;C;ECB concertation time 14:15 CET;2018-09-03;9.702
B;Business;EUR;Euro;NOK;Norwegian krone;SP;Spot;4;false;0;Units;C;ECB concertation time 14:15 CET;2018-09-04;9.717
B;Business;EUR;Euro;NOK;Norwegian krone;SP;Spot;4;false;0;Units;C;ECB concertation time 14:15 CET;2018-09-05;9.7485
B;Business;EUR;Euro;NOK;Norwegian krone;SP;Spot;4;false;0;Units;C;ECB concertation time 14:15 CET;2018-09-06;9.776
B;Business;EUR;Euro;NOK;Norwegian krone;SP;Spot;4;false;0;Units;C;ECB concertation time 14:15 CET;2018-09-07;9.7745
B;Business;EUR;Euro;NOK;Norwegian krone;SP;Spot;4;false;0;Units;C;ECB concertation time 14:15 CET;2018-09-10;9.703
B;Business;EUR;Euro;NOK;Norwegian krone;SP;Spot;4;false;0;Units;C;ECB concertation time 14:15 CET;2018-09-11;9.679
B;Business;EUR;Euro;NOK;Norwegian krone;SP;Spot;4;false;0;Units;C;ECB concertation time 14:15 CET;2018-09-12;9.6328
B;Business;EUR;Euro;NOK;Norwegian krone;SP;Spot;4;false;0;Units;C;ECB concertation time 14:15 CET;2018-09-13;9.573
B;Business;EUR;Euro;NOK;Norwegian krone;SP;Spot;4;false;0;Units;C;ECB concertation time 14:15 CET;2018-09-14;9.6245
B;Business;EUR;Euro;NOK;Norwegian krone;SP;Spot;4;false;0;Units;C;ECB concertation time 14:15 CET;2018-09-17;9.562
B;Business;EUR;Euro;NOK;Norwegian krone;SP;Spot;4;false;0;Units;C;ECB concertation time 14:15 CET;2018-09-18;9.5473
B;Business;EUR;Euro;NOK;Norwegian krone;SP;Spot;4;false;0;Units;C;ECB concertation time 14:15 CET;2018-09-19;9.547
B;Business;EUR;Euro;NOK;Norwegian krone;SP;Spot;4;false;0;Units;C;ECB concertation time 14:15 CET;2018-09-20;9.5885
B;Business;EUR;Euro;NOK;Norwegian krone;SP;Spot;4;false;0;Units;C;ECB concertation time 14:15 CET;2018-09-21;9.5793
B;Business;EUR;Euro;NOK;Norwegian krone;SP;Spot;4;false;0;Units;C;ECB concertation time 14:15 CET;2018-09-24;9.5693
B;Business;EUR;Euro;NOK;Norwegian krone;SP;Spot;4;false;0;Units;C;ECB concertation time 14:15 CET;2018-09-25;9.5713
B;Business;EUR;Euro;NOK;Norwegian krone;SP;Spot;4;false;0;Units;C;ECB concertation time 14:15 CET;2018-09-26;9.5465
B;Business;EUR;Euro;NOK;Norwegian krone;SP;Spot;4;false;0;Units;C;ECB concertation time 14:15 CET;2018-09-27;9.5015
B;Business;EUR;Euro;NOK;Norwegian krone;SP;Spot;4;false;0;Units;C;ECB concertation time 14:15 CET;2018-09-28;9.4665
B;Business;EUR;Euro;NOK;Norwegian krone;SP;Spot;4;false;0;Units;C;ECB concertation time 14:15 CET;2018-10-01;9.4465
B;Business;EUR;Euro;NOK;Norwegian krone;SP;Spot;4;false;0;Units;C;ECB concertation time 14:15 CET;2018-10-02;9.4393
B;Business;EUR;Euro;NOK;Norwegian krone;SP;Spot;4;false;0;Units;C;ECB concertation time 14:15 CET;2018-10-03;9.4443
B;Business;EUR;Euro;NOK;Norwegian krone;SP;Spot;4;false;0;Units;C;ECB concertation time 14:15 CET;2018-10-04;9.4643
B;Business;EUR;Euro;NOK;Norwegian krone;SP;Spot;4;false;0;Units;C;ECB concertation time 14:15 CET;2018-10-05;9.5133
B;Business;EUR;Euro;NOK;Norwegian krone;SP;Spot;4;false;0;Units;C;ECB concertation time 14:15 CET;2018-10-08;9.5083
B;Business;EUR;Euro;NOK;Norwegian krone;SP;Spot;4;false;0;Units;C;ECB concertation time 14:15 CET;2018-10-09;9.4915
B;Business;EUR;Euro;NOK;Norwegian krone;SP;Spot;4;false;0;Units;C;ECB concertation time 14:15 CET;2018-10-10;9.4468
B;Business;EUR;Euro;NOK;Norwegian krone;SP;Spot;4;false;0;Units;C;ECB concertation time 14:15 CET;2018-10-11;9.5063
B;Business;EUR;Euro;NOK;Norwegian krone;SP;Spot;4;false;0;Units;C;ECB concertation time 14:15 CET;2018-10-12;9.4675
B;Business;EUR;Euro;NOK;Norwegian krone;SP;Spot;4;false;0;Units;C;ECB concertation time 14:15 CET;2018-10-15;9.4598
B;Business;EUR;Euro;NOK;Norwegian krone;SP;Spot;4;false;0;Units;C;ECB concertation time 14:15 CET;2018-10-16;9.4198
B;Business;EUR;Euro;NOK;Norwegian krone;SP;Spot;4;false;0;Units;C;ECB concertation time 14:15 CET;2018-10-17;9.4293
B;Business;EUR;Euro;NOK;Norwegian krone;SP;Spot;4;false;0;Units;C;ECB concertation time 14:15 CET;2018-10-18;9.4598
B;Business;EUR;Euro;NOK;Norwegian krone;SP;Spot;4;false;0;Units;C;ECB concertation time 14:15 CET;2018-10-19;9.4518
B;Business;EUR;Euro;NOK;Norwegian krone;SP;Spot;4;false;0;Units;C;ECB concertation time 14:15 CET;2018-10-22;9.4688
B;Business;EUR;Euro;NOK;Norwegian krone;SP;Spot;4;false;0;Units;C;ECB concertation time 14:15 CET;2018-10-23;9.5053
B;Business;EUR;Euro;NOK;Norwegian krone;SP;Spot;4;false;0;Units;C;ECB concertation time 14:15 CET;2018-10-24;9.4868
B;Business;EUR;Euro;NOK;Norwegian krone;SP;Spot;4;false;0;Units;C;ECB concertation time 14:15 CET;2018-10-25;9.4898
B;Business;EUR;Euro;NOK;Norwegian krone;SP;Spot;4;false;0;Units;C;ECB concertation time 14:15 CET;2018-10-26;9.516
B;Business;EUR;Euro;NOK;Norwegian krone;SP;Spot;4;false;0;Units;C;ECB concertation time 14:15 CET;2018-10-29;9.513
B;Business;EUR;Euro;NOK;Norwegian krone;SP;Spot;4;false;0;Units;C;ECB concertation time 14:15 CET;2018-10-30;9.5435
B;Business;EUR;Euro;NOK;Norwegian krone;SP;Spot;4;false;0;Units;C;ECB concertation time 14:15 CET;2018-10-31;9.5528
B;Business;EUR;Euro;NOK;Norwegian krone;SP;Spot;4;false;0;Units;C;ECB concertation time 14:15 CET;2018-11-01;9.515
B;Business;EUR;Euro;NOK;Norwegian krone;SP;Spot;4;false;0;Units;C;ECB concertation time 14:15 CET;2018-11-02;9.5143
B;Business;EUR;Euro;NOK;Norwegian krone;SP;Spot;4;false;0;Units;C;ECB concertation time 14:15 CET;2018-11-05;9.524
B;Business;EUR;Euro;NOK;Norwegian krone;SP;Spot;4;false;0;Units;C;ECB concertation time 14:15 CET;2018-11-06;9.5448
B;Business;EUR;Euro;NOK;Norwegian krone;SP;Spot;4;false;0;Units;C;ECB concertation time 14:15 CET;2018-11-07;9.5328
B;Business;EUR;Euro;NOK;Norwegian krone;SP;Spot;4;false;0;Units;C;ECB concertation time 14:15 CET;2018-11-08;9.5078
B;Business;EUR;Euro;NOK;Norwegian krone;SP;Spot;4;false;0;Units;C;ECB concertation time 14:15 CET;2018-11-09;9.5418
B;Business;EUR;Euro;NOK;Norwegian krone;SP;Spot;4;false;0;Units;C;ECB concertation time 14:15 CET;2018-11-12;9.5378
B;Business;EUR;Euro;NOK;Norwegian krone;SP;Spot;4;false;0;Units;C;ECB concertation time 14:15 CET;2018-11-13;9.5563
B;Business;EUR;Euro;NOK;Norwegian krone;SP;Spot;4;false;0;Units;C;ECB concertation time 14:15 CET;2018-11-14;9.599
B;Business;EUR;Euro;NOK;Norwegian krone;SP;Spot;4;false;0;Units;C;ECB concertation time 14:15 CET;2018-11-15;9.6028
B;Business;EUR;Euro;NOK;Norwegian krone;SP;Spot;4;false;0;Units;C;ECB concertation time 14:15 CET;2018-11-16;9.6118
B;Business;EUR;Euro;NOK;Norwegian krone;SP;Spot;4;false;0;Units;C;ECB concertation time 14:15 CET;2018-11-19;9.6493
B;Business;EUR;Euro;NOK;Norwegian krone;SP;Spot;4;false;0;Units;C;ECB concertation time 14:15 CET;2018-11-20;9.7135
B;Business;EUR;Euro;NOK;Norwegian krone;SP;Spot;4;false;0;Units;C;ECB concertation time 14:15 CET;2018-11-21;9.729
B;Business;EUR;Euro;NOK;Norwegian krone;SP;Spot;4;false;0;Units;C;ECB concertation time 14:15 CET;2018-11-22;9.7398
B;Business;EUR;Euro;NOK;Norwegian krone;SP;Spot;4;false;0;Units;C;ECB concertation time 14:15 CET;2018-11-23;9.7365
B;Business;EUR;Euro;NOK;Norwegian krone;SP;Spot;4;false;0;Units;C;ECB concertation time 14:15 CET;2018-11-26;9.729
B;Business;EUR;Euro;NOK;Norwegian krone;SP;Spot;4;false;0;Units;C;ECB concertation time 14:15 CET;2018-11-27;9.7325
B;Business;EUR;Euro;NOK;Norwegian krone;SP;Spot;4;false;0;Units;C;ECB concertation time 14:15 CET;2018-11-28;9.7085
B;Business;EUR;Euro;NOK;Norwegian krone;SP;Spot;4;false;0;Units;C;ECB concertation time 14:15 CET;2018-11-29;9.7318
B;Business;EUR;Euro;NOK;Norwegian krone;SP;Spot;4;false;0;Units;C;ECB concertation time 14:15 CET;2018-11-30;9.74
B;Business;EUR;Euro;NOK;Norwegian krone;SP;Spot;4;false;0;Units;C;ECB concertation time 14:15 CET;2018-12-03;9.6893
B;Business;EUR;Euro;NOK;Norwegian krone;SP;Spot;4;false;0;Units;C;ECB concertation time 14:15 CET;2018-12-04;9.6473
B;Business;EUR;Euro;NOK;Norwegian krone;SP;Spot;4;false;0;Units;C;ECB concertation time 14:15 CET;2018-12-05;9.648
B;Business;EUR;Euro;NOK;Norwegian krone;SP;Spot;4;false;0;Units;C;ECB concertation time 14:15 CET;2018-12-06;9.7028
B;Business;EUR;Euro;NOK;Norwegian krone;SP;Spot;4;false;0;Units;C;ECB concertation time 14:15 CET;2018-12-07;9.697
B;Business;EUR;Euro;NOK;Norwegian krone;SP;Spot;4;false;0;Units;C;ECB concertation time 14:15 CET;2018-12-10;9.6885
B;Business;EUR;Euro;NOK;Norwegian krone;SP;Spot;4;false;0;Units;C;ECB concertation time 14:15 CET;2018-12-11;9.7038
B;Business;EUR;Euro;NOK;Norwegian krone;SP;Spot;4;false;0;Units;C;ECB concertation time 14:15 CET;2018-12-12;9.7265
B;Business;EUR;Euro;NOK;Norwegian krone;SP;Spot;4;false;0;Units;C;ECB concertation time 14:15 CET;2018-12-13;9.7388
B;Business;EUR;Euro;NOK;Norwegian krone;SP;Spot;4;false;0;Units;C;ECB concertation time 14:15 CET;2018-12-14;9.7235
B;Business;EUR;Euro;NOK;Norwegian krone;SP;Spot;4;false;0;Units;C;ECB concertation time 14:15 CET;2018-12-17;9.7838
B;Business;EUR;Euro;NOK;Norwegian krone;SP;Spot;4;false;0;Units;C;ECB concertation time 14:15 CET;2018-12-18;9.8835
B;Business;EUR;Euro;NOK;Norwegian krone;SP;Spot;4;false;0;Units;C;ECB concertation time 14:15 CET;2018-12-19;9.9375
B;Business;EUR;Euro;NOK;Norwegian krone;SP;Spot;4;false;0;Units;C;ECB concertation time 14:15 CET;2018-12-20;9.897
B;Business;EUR;Euro;NOK;Norwegian krone;SP;Spot;4;false;0;Units;C;ECB concertation time 14:15 CET;2018-12-21;9.9428
B;Business;EUR;Euro;NOK;Norwegian krone;SP;Spot;4;false;0;Units;C;ECB concertation time 14:15 CET;2018-12-27;9.9698
B;Business;EUR;Euro;NOK;Norwegian krone;SP;Spot;4;false;0;Units;C;ECB concertation time 14:15 CET;2018-12-28;9.9738
B;Business;EUR;Euro;NOK;Norwegian krone;SP;Spot;4;false;0;Units;C;ECB concertation time 14:15 CET;2018-12-31;9.9483
B;Business;EUR;Euro;NOK;Norwegian krone;SP;Spot;4;false;0;Units;C;ECB concertation time 14:15 CET;2019-01-02;9.9108
B;Business;EUR;Euro;NOK;Norwegian krone;SP;Spot;4;false;0;Units;C;ECB concertation time 14:15 CET;2019-01-03;9.9113
B;Business;EUR;Euro;NOK;Norwegian krone;SP;Spot;4;false;0;Units;C;ECB concertation time 14:15 CET;2019-01-04;9.8648
B;Business;EUR;Euro;NOK;Norwegian krone;SP;Spot;4;false;0;Units;C;ECB concertation time 14:15 CET;2019-01-07;9.8018
B;Business;EUR;Euro;NOK;Norwegian krone;SP;Spot;4;false;0;Units;C;ECB concertation time 14:15 CET;2019-01-08;9.775
B;Business;EUR;Euro;NOK;Norwegian krone;SP;Spot;4;false;0;Units;C;ECB concertation time 14:15 CET;2019-01-09;9.7668
B;Business;EUR;Euro;NOK;Norwegian krone;SP;Spot;4;false;0;Units;C;ECB concertation time 14:15 CET;2019-01-10;9.7493
B;Business;EUR;Euro;NOK;Norwegian krone;SP;Spot;4;false;0;Units;C;ECB concertation time 14:15 CET;2019-01-11;9.7578
B;Business;EUR;Euro;NOK;Norwegian krone;SP;Spot;4;false;0;Units;C;ECB concertation time 14:15 CET;2019-01-14;9.7868
B;Business;EUR;Euro;NOK;Norwegian krone;SP;Spot;4;false;0;Units;C;ECB concertation time 14:15 CET;2019-01-15;9.7615
B;Business;EUR;Euro;NOK;Norwegian krone;SP;Spot;4;false;0;Units;C;ECB concertation time 14:15 CET;2019-01-16;9.7358
B;Business;EUR;Euro;NOK;Norwegian krone;SP;Spot;4;false;0;Units;C;ECB concertation time 14:15 CET;2019-01-17;9.758
B;Business;EUR;Euro;NOK;Norwegian krone;SP;Spot;4;false;0;Units;C;ECB concertation time 14:15 CET;2019-01-18;9.7218
B;Business;EUR;Euro;NOK;Norwegian krone;SP;Spot;4;false;0;Units;C;ECB concertation time 14:15 CET;2019-01-21;9.7438
B;Business;EUR;Euro;NOK;Norwegian krone;SP;Spot;4;false;0;Units;C;ECB concertation time 14:15 CET;2019-01-22;9.7628
B;Business;EUR;Euro;NOK;Norwegian krone;SP;Spot;4;false;0;Units;C;ECB concertation time 14:15 CET;2019-01-23;9.7563
B;Business;EUR;Euro;NOK;Norwegian krone;SP;Spot;4;false;0;Units;C;ECB concertation time 14:15 CET;2019-01-24;9.7278
B;Business;EUR;Euro;NOK;Norwegian krone;SP;Spot;4;false;0;Units;C;ECB concertation time 14:15 CET;2019-01-25;9.7045
B;Business;EUR;Euro;NOK;Norwegian krone;SP;Spot;4;false;0;Units;C;ECB concertation time 14:15 CET;2019-01-28;9.732
B;Business;EUR;Euro;NOK;Norwegian krone;SP;Spot;4;false;0;Units;C;ECB concertation time 14:15 CET;2019-01-29;9.7035
B;Business;EUR;Euro;NOK;Norwegian krone;SP;Spot;4;false;0;Units;C;ECB concertation time 14:15 CET;2019-01-30;9.6938
B;Business;EUR;Euro;NOK;Norwegian krone;SP;Spot;4;false;0;Units;C;ECB concertation time 14:15 CET;2019-01-31;9.6623
B;Business;EUR;Euro;NOK;Norwegian krone;SP;Spot;4;false;0;Units;C;ECB concertation time 14:15 CET;2019-02-01;9.6685
B;Business;EUR;Euro;NOK;Norwegian krone;SP;Spot;4;false;0;Units;C;ECB concertation time 14:15 CET;2019-02-04;9.703
B;Business;EUR;Euro;NOK;Norwegian krone;SP;Spot;4;false;0;Units;C;ECB concertation time 14:15 CET;2019-02-05;9.6783
B;Business;EUR;Euro;NOK;Norwegian krone;SP;Spot;4;false;0;Units;C;ECB concertation time 14:15 CET;2019-02-06;9.6918
B;Business;EUR;Euro;NOK;Norwegian krone;SP;Spot;4;false;0;Units;C;ECB concertation time 14:15 CET;2019-02-07;9.7253
B;Business;EUR;Euro;NOK;Norwegian krone;SP;Spot;4;false;0;Units;C;ECB concertation time 14:15 CET;2019-02-08;9.7693
B;Business;EUR;Euro;NOK;Norwegian krone;SP;Spot;4;false;0;Units;C;ECB concertation time 14:15 CET;2019-02-11;9.819
B;Business;EUR;Euro;NOK;Norwegian krone;SP;Spot;4;false;0;Units;C;ECB concertation time 14:15 CET;2019-02-12;9.795
B;Business;EUR;Euro;NOK;Norwegian krone;SP;Spot;4;false;0;Units;C;ECB concertation time 14:15 CET;2019-02-13;9.761
B;Business;EUR;Euro;NOK;Norwegian krone;SP;Spot;4;false;0;Units;C;ECB concertation time 14:15 CET;2019-02-14;9.7585
B;Business;EUR;Euro;NOK;Norwegian krone;SP;Spot;4;false;0;Units;C;ECB concertation time 14:15 CET;2019-02-15;9.769
B;Business;EUR;Euro;NOK;Norwegian krone;SP;Spot;4;false;0;Units;C;ECB concertation time 14:15 CET;2019-02-18;9.7508
B;Business;EUR;Euro;NOK;Norwegian krone;SP;Spot;4;false;0;Units;C;ECB concertation time 14:15 CET;2019-02-19;9.746
B;Business;EUR;Euro;NOK;Norwegian krone;SP;Spot;4;false;0;Units;C;ECB concertation time 14:15 CET;2019-02-20;9.7335
B;Business;EUR;Euro;NOK;Norwegian krone;SP;Spot;4;false;0;Units;C;ECB concertation time 14:15 CET;2019-02-21;9.7808
B;Business;EUR;Euro;NOK;Norwegian krone;SP;Spot;4;false;0;Units;C;ECB concertation time 14:15 CET;2019-02-22;9.7643
B;Business;EUR;Euro;NOK;Norwegian krone;SP;Spot;4;false;0;Units;C;ECB concertation time 14:15 CET;2019-02-25;9.762
B;Business;EUR;Euro;NOK;Norwegian krone;SP;Spot;4;false;0;Units;C;ECB concertation time 14:15 CET;2019-02-26;9.7725
B;Business;EUR;Euro;NOK;Norwegian krone;SP;Spot;4;false;0;Units;C;ECB concertation time 14:15 CET;2019-02-27;9.7123
B;Business;EUR;Euro;NOK;Norwegian krone;SP;Spot;4;false;0;Units;C;ECB concertation time 14:15 CET;2019-02-28;9.7268
B;Business;EUR;Euro;NOK;Norwegian krone;SP;Spot;4;false;0;Units;C;ECB concertation time 14:15 CET;2019-03-01;9.7268
B;Business;EUR;Euro;NOK;Norwegian krone;SP;Spot;4;false;0;Units;C;ECB concertation time 14:15 CET;2019-03-04;9.7633
B;Business;EUR;Euro;NOK;Norwegian krone;SP;Spot;4;false;0;Units;C;ECB concertation time 14:15 CET;2019-03-05;9.8023
B;Business;EUR;Euro;NOK;Norwegian krone;SP;Spot;4;false;0;Units;C;ECB concertation time 14:15 CET;2019-03-06;9.804
B;Business;EUR;Euro;NOK;Norwegian krone;SP;Spot;4;false;0;Units;C;ECB concertation time 14:15 CET;2019-03-07;9.786
B;Business;EUR;Euro;NOK;Norwegian krone;SP;Spot;4;false;0;Units;C;ECB concertation time 14:15 CET;2019-03-08;9.8733
B;Business;EUR;Euro;NOK;Norwegian krone;SP;Spot;4;false;0;Units;C;ECB concertation time 14:15 CET;2019-03-11;9.77
B;Business;EUR;Euro;NOK;Norwegian krone;SP;Spot;4;false;0;Units;C;ECB concertation time 14:15 CET;2019-03-12;9.7365
B;Business;EUR;Euro;NOK;Norwegian krone;SP;Spot;4;false;0;Units;C;ECB concertation time 14:15 CET;2019-03-13;9.7245
B;Business;EUR;Euro;NOK;Norwegian krone;SP;Spot;4;false;0;Units;C;ECB concertation time 14:15 CET;2019-03-14;9.7155
B;Business;EUR;Euro;NOK;Norwegian krone;SP;Spot;4;false;0;Units;C;ECB concertation time 14:15 CET;2019-03-15;9.688
B;Business;EUR;Euro;NOK;Norwegian krone;SP;Spot;4;false;0;Units;C;ECB concertation time 14:15 CET;2019-03-18;9.672
B;Business;EUR;Euro;NOK;Norwegian krone;SP;Spot;4;false;0;Units;C;ECB concertation time 14:15 CET;2019-03-19;9.6745
B;Business;EUR;Euro;NOK;Norwegian krone;SP;Spot;4;false;0;Units;C;ECB concertation time 14:15 CET;2019-03-20;9.6915
B;Business;EUR;Euro;NOK;Norwegian krone;SP;Spot;4;false;0;Units;C;ECB concertation time 14:15 CET;2019-03-21;9.6178
B;Business;EUR;Euro;NOK;Norwegian krone;SP;Spot;4;false;0;Units;C;ECB concertation time 14:15 CET;2019-03-22;9.6423
B;Business;EUR;Euro;NOK;Norwegian krone;SP;Spot;4;false;0;Units;C;ECB concertation time 14:15 CET;2019-03-25;9.659
B;Business;EUR;Euro;NOK;Norwegian krone;SP;Spot;4;false;0;Units;C;ECB concertation time 14:15 CET;2019-03-26;9.6398
B;Business;EUR;Euro;NOK;Norwegian krone;SP;Spot;4;false;0;Units;C;ECB concertation time 14:15 CET;2019-03-27;9.695
B;Business;EUR;Euro;NOK;Norwegian krone;SP;Spot;4;false;0;Units;C;ECB concertation time 14:15 CET;2019-03-28;9.738
B;Business;EUR;Euro;NOK;Norwegian krone;SP;Spot;4;false;0;Units;C;ECB concertation time 14:15 CET;2019-03-29;9.659
B;Business;EUR;Euro;NOK;Norwegian krone;SP;Spot;4;false;0;Units;C;ECB concertation time 14:15 CET;2019-04-01;9.638
B;Business;EUR;Euro;NOK;Norwegian krone;SP;Spot;4;false;0;Units;C;ECB concertation time 14:15 CET;2019-04-02;9.6445
B;Business;EUR;Euro;NOK;Norwegian krone;SP;Spot;4;false;0;Units;C;ECB concertation time 14:15 CET;2019-04-03;9.6218
B;Business;EUR;Euro;NOK;Norwegian krone;SP;Spot;4;false;0;Units;C;ECB concertation time 14:15 CET;2019-04-04;9.6308
B;Business;EUR;Euro;NOK;Norwegian krone;SP;Spot;4;false;0;Units;C;ECB concertation time 14:15 CET;2019-04-05;9.661
B;Business;EUR;Euro;NOK;Norwegian krone;SP;Spot;4;false;0;Units;C;ECB concertation time 14:15 CET;2019-04-08;9.6305
B;Business;EUR;Euro;NOK;Norwegian krone;SP;Spot;4;false;0;Units;C;ECB concertation time 14:15 CET;2019-04-09;9.619
B;Business;EUR;Euro;NOK;Norwegian krone;SP;Spot;4;false;0;Units;C;ECB concertation time 14:15 CET;2019-04-10;9.5895
B;Business;EUR;Euro;NOK;Norwegian krone;SP;Spot;4;false;0;Units;C;ECB concertation time 14:15 CET;2019-04-11;9.5885
B;Business;EUR;Euro;NOK;Norwegian krone;SP;Spot;4;false;0;Units;C;ECB concertation time 14:15 CET;2019-04-12;9.602
B;Business;EUR;Euro;NOK;Norwegian krone;SP;Spot;4;false;0;Units;C;ECB concertation time 14:15 CET;2019-04-15;9.6018
B;Business;EUR;Euro;NOK;Norwegian krone;SP;Spot;4;false;0;Units;C;ECB concertation time 14:15 CET;2019-04-16;9.5869
B;Business;EUR;Euro;NOK;Norwegian krone;SP;Spot;4;false;0;Units;C;ECB concertation time 14:15 CET;2019-04-17;9.5778
B;Business;EUR;Euro;NOK;Norwegian krone;SP;Spot;4;false;0;Units;C;ECB concertation time 14:15 CET;2019-04-23;9.5845
B;Business;EUR;Euro;NOK;Norwegian krone;SP;Spot;4;false;0;Units;C;ECB concertation time 14:15 CET;2019-04-24;9.607
B;Business;EUR;Euro;NOK;Norwegian krone;SP;Spot;4;false;0;Units;C;ECB concertation time 14:15 CET;2019-04-25;9.6638
B;Business;EUR;Euro;NOK;Norwegian krone;SP;Spot;4;false;0;Units;C;ECB concertation time 14:15 CET;2019-04-26;9.6653
B;Business;EUR;Euro;NOK;Norwegian krone;SP;Spot;4;false;0;Units;C;ECB concertation time 14:15 CET;2019-04-29;9.6883
B;Business;EUR;Euro;NOK;Norwegian krone;SP;Spot;4;false;0;Units;C;ECB concertation time 14:15 CET;2019-04-30;9.6678
B;Business;EUR;Euro;NOK;Norwegian krone;SP;Spot;4;false;0;Units;C;ECB concertation time 14:15 CET;2019-05-02;9.745
B;Business;EUR;Euro;NOK;Norwegian krone;SP;Spot;4;false;0;Units;C;ECB concertation time 14:15 CET;2019-05-03;9.7783
B;Business;EUR;Euro;NOK;Norwegian krone;SP;Spot;4;false;0;Units;C;ECB concertation time 14:15 CET;2019-05-06;9.7905
B;Business;EUR;Euro;NOK;Norwegian krone;SP;Spot;4;false;0;Units;C;ECB concertation time 14:15 CET;2019-05-07;9.7605
B;Business;EUR;Euro;NOK;Norwegian krone;SP;Spot;4;false;0;Units;C;ECB concertation time 14:15 CET;2019-05-08;9.8285
B;Business;EUR;Euro;NOK;Norwegian krone;SP;Spot;4;false;0;Units;C;ECB concertation time 14:15 CET;2019-05-09;9.8068
B;Business;EUR;Euro;NOK;Norwegian krone;SP;Spot;4;false;0;Units;C;ECB concertation time 14:15 CET;2019-05-10;9.8193
B;Business;EUR;Euro;NOK;Norwegian krone;SP;Spot;4;false;0;Units;C;ECB concertation time 14:15 CET;2019-05-13;9.8148
B;Business;EUR;Euro;NOK;Norwegian krone;SP;Spot;4;false;0;Units;C;ECB concertation time 14:15 CET;2019-05-14;9.799
B;Business;EUR;Euro;NOK;Norwegian krone;SP;Spot;4;false;0;Units;C;ECB concertation time 14:15 CET;2019-05-15;9.8003
B;Business;EUR;Euro;NOK;Norwegian krone;SP;Spot;4;false;0;Units;C;ECB concertation time 14:15 CET;2019-05-16;9.7513
B;Business;EUR;Euro;NOK;Norwegian krone;SP;Spot;4;false;0;Units;C;ECB concertation time 14:15 CET;2019-05-20;9.7978
B;Business;EUR;Euro;NOK;Norwegian krone;SP;Spot;4;false;0;Units;C;ECB concertation time 14:15 CET;2019-05-21;9.7913
B;Business;EUR;Euro;NOK;Norwegian krone;SP;Spot;4;false;0;Units;C;ECB concertation time 14:15 CET;2019-05-22;9.7598
B;Business;EUR;Euro;NOK;Norwegian krone;SP;Spot;4;false;0;Units;C;ECB concertation time 14:15 CET;2019-05-23;9.7543
B;Business;EUR;Euro;NOK;Norwegian krone;SP;Spot;4;false;0;Units;C;ECB concertation time 14:15 CET;2019-05-24;9.7558
B;Business;EUR;Euro;NOK;Norwegian krone;SP;Spot;4;false;0;Units;C;ECB concertation time 14:15 CET;2019-05-27;9.7523
B;Business;EUR;Euro;NOK;Norwegian krone;SP;Spot;4;false;0;Units;C;ECB concertation time 14:15 CET;2019-05-28;9.7165
B;Business;EUR;Euro;NOK;Norwegian krone;SP;Spot;4;false;0;Units;C;ECB concertation time 14:15 CET;2019-05-29;9.773
B;Business;EUR;Euro;NOK;Norwegian krone;SP;Spot;4;false;0;Units;C;ECB concertation time 14:15 CET;2019-05-31;9.7915
B;Business;EUR;Euro;NOK;Norwegian krone;SP;Spot;4;false;0;Units;C;ECB concertation time 14:15 CET;2019-06-03;9.7778
B;Business;EUR;Euro;NOK;Norwegian krone;SP;Spot;4;false;0;Units;C;ECB concertation time 14:15 CET;2019-06-04;9.786
B;Business;EUR;Euro;NOK;Norwegian krone;SP;Spot;4;false;0;Units;C;ECB concertation time 14:15 CET;2019-06-05;9.7738
B;Business;EUR;Euro;NOK;Norwegian krone;SP;Spot;4;false;0;Units;C;ECB concertation time 14:15 CET;2019-06-06;9.8083
B;Business;EUR;Euro;NOK;Norwegian krone;SP;Spot;4;false;0;Units;C;ECB concertation time 14:15 CET;2019-06-07;9.7963
B;Business;EUR;Euro;NOK;Norwegian krone;SP;Spot;4;false;0;Units;C;ECB concertation time 14:15 CET;2019-06-11;9.77
B;Business;EUR;Euro;NOK;Norwegian krone;SP;Spot;4;false;0;Units;C;ECB concertation time 14:15 CET;2019-06-12;9.782
B;Business;EUR;Euro;NOK;Norwegian krone;SP;Spot;4;false;0;Units;C;ECB concertation time 14:15 CET;2019-06-13;9.772
B;Business;EUR;Euro;NOK;Norwegian krone;SP;Spot;4;false;0;Units;C;ECB concertation time 14:15 CET;2019-06-14;9.7728
B;Business;EUR;Euro;NOK;Norwegian krone;SP;Spot;4;false;0;Units;C;ECB concertation time 14:15 CET;2019-06-17;9.7938
B;Business;EUR;Euro;NOK;Norwegian krone;SP;Spot;4;false;0;Units;C;ECB concertation time 14:15 CET;2019-06-18;9.7795
B;Business;EUR;Euro;NOK;Norwegian krone;SP;Spot;4;false;0;Units;C;ECB concertation time 14:15 CET;2019-06-19;9.7815
B;Business;EUR;Euro;NOK;Norwegian krone;SP;Spot;4;false;0;Units;C;ECB concertation time 14:15 CET;2019-06-20;9.6678
B;Business;EUR;Euro;NOK;Norwegian krone;SP;Spot;4;false;0;Units;C;ECB concertation time 14:15 CET;2019-06-21;9.686
B;Business;EUR;Euro;NOK;Norwegian krone;SP;Spot;4;false;0;Units;C;ECB concertation time 14:15 CET;2019-06-24;9.6643
B;Business;EUR;Euro;NOK;Norwegian krone;SP;Spot;4;false;0;Units;C;ECB concertation time 14:15 CET;2019-06-25;9.6855
B;Business;EUR;Euro;NOK;Norwegian krone;SP;Spot;4;false;0;Units;C;ECB concertation time 14:15 CET;2019-06-26;9.6733
B;Business;EUR;Euro;NOK;Norwegian krone;SP;Spot;4;false;0;Units;C;ECB concertation time 14:15 CET;2019-06-27;9.6843
B;Business;EUR;Euro;NOK;Norwegian krone;SP;Spot;4;false;0;Units;C;ECB concertation time 14:15 CET;2019-06-28;9.6938
B;Business;EUR;Euro;NOK;Norwegian krone;SP;Spot;4;false;0;Units;C;ECB concertation time 14:15 CET;2019-07-01;9.6848
B;Business;EUR;Euro;NOK;Norwegian krone;SP;Spot;4;false;0;Units;C;ECB concertation time 14:15 CET;2019-07-02;9.6715
B;Business;EUR;Euro;NOK;Norwegian krone;SP;Spot;4;false;0;Units;C;ECB concertation time 14:15 CET;2019-07-03;9.6593
B;Business;EUR;Euro;NOK;Norwegian krone;SP;Spot;4;false;0;Units;C;ECB concertation time 14:15 CET;2019-07-04;9.6298
B;Business;EUR;Euro;NOK;Norwegian krone;SP;Spot;4;false;0;Units;C;ECB concertation time 14:15 CET;2019-07-05;9.6325
B;Business;EUR;Euro;NOK;Norwegian krone;SP;Spot;4;false;0;Units;C;ECB concertation time 14:15 CET;2019-07-08;9.684
B;Business;EUR;Euro;NOK;Norwegian krone;SP;Spot;4;false;0;Units;C;ECB concertation time 14:15 CET;2019-07-09;9.6983
B;Business;EUR;Euro;NOK;Norwegian krone;SP;Spot;4;false;0;Units;C;ECB concertation time 14:15 CET;2019-07-10;9.693
B;Business;EUR;Euro;NOK;Norwegian krone;SP;Spot;4;false;0;Units;C;ECB concertation time 14:15 CET;2019-07-11;9.6323
B;Business;EUR;Euro;NOK;Norwegian krone;SP;Spot;4;false;0;Units;C;ECB concertation time 14:15 CET;2019-07-12;9.6208
B;Business;EUR;Euro;NOK;Norwegian krone;SP;Spot;4;false;0;Units;C;ECB concertation time 14:15 CET;2019-07-15;9.6223
B;Business;EUR;Euro;NOK;Norwegian krone;SP;Spot;4;false;0;Units;C;ECB concertation time 14:15 CET;2019-07-16;9.5933
B;Business;EUR;Euro;NOK;Norwegian krone;SP;Spot;4;false;0;Units;C;ECB concertation time 14:15 CET;2019-07-17;9.622
B;Business;EUR;Euro;NOK;Norwegian krone;SP;Spot;4;false;0;Units;C;ECB concertation time 14:15 CET;2019-07-18;9.6438
B;Business;EUR;Euro;NOK;Norwegian krone;SP;Spot;4;false;0;Units;C;ECB concertation time 14:15 CET;2019-07-19;9.6138
B;Business;EUR;Euro;NOK;Norwegian krone;SP;Spot;4;false;0;Units;C;ECB concertation time 14:15 CET;2019-07-22;9.6275
B;Business;EUR;Euro;NOK;Norwegian krone;SP;Spot;4;false;0;Units;C;ECB concertation time 14:15 CET;2019-07-23;9.681
B;Business;EUR;Euro;NOK;Norwegian krone;SP;Spot;4;false;0;Units;C;ECB concertation time 14:15 CET;2019-07-24;9.6355
B;Business;EUR;Euro;NOK;Norwegian krone;SP;Spot;4;false;0;Units;C;ECB concertation time 14:15 CET;2019-07-25;9.6058
B;Business;EUR;Euro;NOK;Norwegian krone;SP;Spot;4;false;0;Units;C;ECB concertation time 14:15 CET;2019-07-26;9.6913
B;Business;EUR;Euro;NOK;Norwegian krone;SP;Spot;4;false;0;Units;C;ECB concertation time 14:15 CET;2019-07-29;9.6935
B;Business;EUR;Euro;NOK;Norwegian krone;SP;Spot;4;false;0;Units;C;ECB concertation time 14:15 CET;2019-07-30;9.7368
B;Business;EUR;Euro;NOK;Norwegian krone;SP;Spot;4;false;0;Units;C;ECB concertation time 14:15 CET;2019-07-31;9.7778
B;Business;EUR;Euro;NOK;Norwegian krone;SP;Spot;4;false;0;Units;C;ECB concertation time 14:15 CET;2019-08-01;9.812
B;Business;EUR;Euro;NOK;Norwegian krone;SP;Spot;4;false;0;Units;C;ECB concertation time 14:15 CET;2019-08-02;9.9105
B;Business;EUR;Euro;NOK;Norwegian krone;SP;Spot;4;false;0;Units;C;ECB concertation time 14:15 CET;2019-08-05;9.972
B;Business;EUR;Euro;NOK;Norwegian krone;SP;Spot;4;false;0;Units;C;ECB concertation time 14:15 CET;2019-08-06;9.9545
B;Business;EUR;Euro;NOK;Norwegian krone;SP;Spot;4;false;0;Units;C;ECB concertation time 14:15 CET;2019-08-07;9.996
B;Business;EUR;Euro;NOK;Norwegian krone;SP;Spot;4;false;0;Units;C;ECB concertation time 14:15 CET;2019-08-08;10.018
B;Business;EUR;Euro;NOK;Norwegian krone;SP;Spot;4;false;0;Units;C;ECB concertation time 14:15 CET;2019-08-09;9.9588
B;Business;EUR;Euro;NOK;Norwegian krone;SP;Spot;4;false;0;Units;C;ECB concertation time 14:15 CET;2019-08-12;10.0003
B;Business;EUR;Euro;NOK;Norwegian krone;SP;Spot;4;false;0;Units;C;ECB concertation time 14:15 CET;2019-08-13;10.0078
B;Business;EUR;Euro;NOK;Norwegian krone;SP;Spot;4;false;0;Units;C;ECB concertation time 14:15 CET;2019-08-14;10.0035
B;Business;EUR;Euro;NOK;Norwegian krone;SP;Spot;4;false;0;Units;C;ECB concertation time 14:15 CET;2019-08-15;10.0145
B;Business;EUR;Euro;NOK;Norwegian krone;SP;Spot;4;false;0;Units;C;ECB concertation time 14:15 CET;2019-08-16;9.9653
B;Business;EUR;Euro;NOK;Norwegian krone;SP;Spot;4;false;0;Units;C;ECB concertation time 14:15 CET;2019-08-19;9.9658
B;Business;EUR;Euro;NOK;Norwegian krone;SP;Spot;4;false;0;Units;C;ECB concertation time 14:15 CET;2019-08-20;9.9638
B;Business;EUR;Euro;NOK;Norwegian krone;SP;Spot;4;false;0;Units;C;ECB concertation time 14:15 CET;2019-08-21;9.9263
B;Business;EUR;Euro;NOK;Norwegian krone;SP;Spot;4;false;0;Units;C;ECB concertation time 14:15 CET;2019-08-22;9.939
B;Business;EUR;Euro;NOK;Norwegian krone;SP;Spot;4;false;0;Units;C;ECB concertation time 14:15 CET;2019-08-23;9.9593
B;Business;EUR;Euro;NOK;Norwegian krone;SP;Spot;4;false;0;Units;C;ECB concertation time 14:15 CET;2019-08-26;9.9873
B;Business;EUR;Euro;NOK;Norwegian krone;SP;Spot;4;false;0;Units;C;ECB concertation time 14:15 CET;2019-08-27;9.992
B;Business;EUR;Euro;NOK;Norwegian krone;SP;Spot;4;false;0;Units;C;ECB concertation time 14:15 CET;2019-08-28;10.011
B;Business;EUR;Euro;NOK;Norwegian krone;SP;Spot;4;false;0;Units;C;ECB concertation time 14:15 CET;2019-08-29;10.0365
B;Business;EUR;Euro;NOK;Norwegian krone;SP;Spot;4;false;0;Units;C;ECB concertation time 14:15 CET;2019-08-30;10.038
B;Business;EUR;Euro;NOK;Norwegian krone;SP;Spot;4;false;0;Units;C;ECB concertation time 14:15 CET;2019-09-02;9.9788
B;Business;EUR;Euro;NOK;Norwegian krone;SP;Spot;4;false;0;Units;C;ECB concertation time 14:15 CET;2019-09-03;10.019
B;Business;EUR;Euro;NOK;Norwegian krone;SP;Spot;4;false;0;Units;C;ECB concertation time 14:15 CET;2019-09-04;9.9838
B;Business;EUR;Euro;NOK;Norwegian krone;SP;Spot;4;false;0;Units;C;ECB concertation time 14:15 CET;2019-09-05;9.9332
B;Business;EUR;Euro;NOK;Norwegian krone;SP;Spot;4;false;0;Units;C;ECB concertation time 14:15 CET;2019-09-06;9.923
B;Business;EUR;Euro;NOK;Norwegian krone;SP;Spot;4;false;0;Units;C;ECB concertation time 14:15 CET;2019-09-09;9.8663
B;Business;EUR;Euro;NOK;Norwegian krone;SP;Spot;4;false;0;Units;C;ECB concertation time 14:15 CET;2019-09-10;9.9125
B;Business;EUR;Euro;NOK;Norwegian krone;SP;Spot;4;false;0;Units;C;ECB concertation time 14:15 CET;2019-09-11;9.8745
B;Business;EUR;Euro;NOK;Norwegian krone;SP;Spot;4;false;0;Units;C;ECB concertation time 14:15 CET;2019-09-12;9.8543
B;Business;EUR;Euro;NOK;Norwegian krone;SP;Spot;4;false;0;Units;C;ECB concertation time 14:15 CET;2019-09-13;9.9213
B;Business;EUR;Euro;NOK;Norwegian krone;SP;Spot;4;false;0;Units;C;ECB concertation time 14:15 CET;2019-09-16;9.9043
B;Business;EUR;Euro;NOK;Norwegian krone;SP;Spot;4;false;0;Units;C;ECB concertation time 14:15 CET;2019-09-17;9.8715
B;Business;EUR;Euro;NOK;Norwegian krone;SP;Spot;4;false;0;Units;C;ECB concertation time 14:15 CET;2019-09-18;9.8905
B;Business;EUR;Euro;NOK;Norwegian krone;SP;Spot;4;false;0;Units;C;ECB concertation time 14:15 CET;2019-09-19;9.8905
B;Business;EUR;Euro;NOK;Norwegian krone;SP;Spot;4;false;0;Units;C;ECB concertation time 14:15 CET;2019-09-20;9.9423
B;Business;EUR;Euro;NOK;Norwegian krone;SP;Spot;4;false;0;Units;C;ECB concertation time 14:15 CET;2019-09-23;9.9723
B;Business;EUR;Euro;NOK;Norwegian krone;SP;Spot;4;false;0;Units;C;ECB concertation time 14:15 CET;2019-09-24;9.9225
B;Business;EUR;Euro;NOK;Norwegian krone;SP;Spot;4;false;0;Units;C;ECB concertation time 14:15 CET;2019-09-25;9.931
B;Business;EUR;Euro;NOK;Norwegian krone;SP;Spot;4;false;0;Units;C;ECB concertation time 14:15 CET;2019-09-26;9.9235
B;Business;EUR;Euro;NOK;Norwegian krone;SP;Spot;4;false;0;Units;C;ECB concertation time 14:15 CET;2019-09-27;9.9155
B;Business;EUR;Euro;NOK;Norwegian krone;SP;Spot;4;false;0;Units;C;ECB concertation time 14:15 CET;2019-09-30;9.8953
B;Business;EUR;Euro;NOK;Norwegian krone;SP;Spot;4;false;0;Units;C;ECB concertation time 14:15 CET;2019-10-01;9.9463
B;Business;EUR;Euro;NOK;Norwegian krone;SP;Spot;4;false;0;Units;C;ECB concertation time 14:15 CET;2019-10-02;9.993
B;Business;EUR;Euro;NOK;Norwegian krone;SP;Spot;4;false;0;Units;C;ECB concertation time 14:15 CET;2019-10-03;10.0165
B;Business;EUR;Euro;NOK;Norwegian krone;SP;Spot;4;false;0;Units;C;ECB concertation time 14:15 CET;2019-10-04;9.9915
B;Business;EUR;Euro;NOK;Norwegian krone;SP;Spot;4;false;0;Units;C;ECB concertation time 14:15 CET;2019-10-07;10.0388
B;Business;EUR;Euro;NOK;Norwegian krone;SP;Spot;4;false;0;Units;C;ECB concertation time 14:15 CET;2019-10-08;10.045
B;Business;EUR;Euro;NOK;Norwegian krone;SP;Spot;4;false;0;Units;C;ECB concertation time 14:15 CET;2019-10-09;10.0528
B;Business;EUR;Euro;NOK;Norwegian krone;SP;Spot;4;false;0;Units;C;ECB concertation time 14:15 CET;2019-10-10;10.0535
B;Business;EUR;Euro;NOK;Norwegian krone;SP;Spot;4;false;0;Units;C;ECB concertation time 14:15 CET;2019-10-11;10.0375
B;Business;EUR;Euro;NOK;Norwegian krone;SP;Spot;4;false;0;Units;C;ECB concertation time 14:15 CET;2019-10-14;10.0463
B;Business;EUR;Euro;NOK;Norwegian krone;SP;Spot;4;false;0;Units;C;ECB concertation time 14:15 CET;2019-10-15;10.0653
B;Business;EUR;Euro;NOK;Norwegian krone;SP;Spot;4;false;0;Units;C;ECB concertation time 14:15 CET;2019-10-16;10.1465
B;Business;EUR;Euro;NOK;Norwegian krone;SP;Spot;4;false;0;Units;C;ECB concertation time 14:15 CET;2019-10-17;10.1925
B;Business;EUR;Euro;NOK;Norwegian krone;SP;Spot;4;false;0;Units;C;ECB concertation time 14:15 CET;2019-10-18;10.2198
B;Business;EUR;Euro;NOK;Norwegian krone;SP;Spot;4;false;0;Units;C;ECB concertation time 14:15 CET;2019-10-21;10.1638
B;Business;EUR;Euro;NOK;Norwegian krone;SP;Spot;4;false;0;Units;C;ECB concertation time 14:15 CET;2019-10-22;10.1833
B;Business;EUR;Euro;NOK;Norwegian krone;SP;Spot;4;false;0;Units;C;ECB concertation time 14:15 CET;2019-10-23;10.1775
B;Business;EUR;Euro;NOK;Norwegian krone;SP;Spot;4;false;0;Units;C;ECB concertation time 14:15 CET;2019-10-24;10.1368
B;Business;EUR;Euro;NOK;Norwegian krone;SP;Spot;4;false;0;Units;C;ECB concertation time 14:15 CET;2019-10-25;10.1865
B;Business;EUR;Euro;NOK;Norwegian krone;SP;Spot;4;false;0;Units;C;ECB concertation time 14:15 CET;2019-10-28;10.2105
B;Business;EUR;Euro;NOK;Norwegian krone;SP;Spot;4;false;0;Units;C;ECB concertation time 14:15 CET;2019-10-29;10.2748
B;Business;EUR;Euro;NOK;Norwegian krone;SP;Spot;4;false;0;Units;C;ECB concertation time 14:15 CET;2019-10-30;10.2488
B;Business;EUR;Euro;NOK;Norwegian krone;SP;Spot;4;false;0;Units;C;ECB concertation time 14:15 CET;2019-10-31;10.252
B;Business;EUR;Euro;NOK;Norwegian krone;SP;Spot;4;false;0;Units;C;ECB concertation time 14:15 CET;2019-11-01;10.1638
B;Business;EUR;Euro;NOK;Norwegian krone;SP;Spot;4;false;0;Units;C;ECB concertation time 14:15 CET;2019-11-04;10.1668
B;Business;EUR;Euro;NOK;Norwegian krone;SP;Spot;4;false;0;Units;C;ECB concertation time 14:15 CET;2019-11-05;10.1525
B;Business;EUR;Euro;NOK;Norwegian krone;SP;Spot;4;false;0;Units;C;ECB concertation time 14:15 CET;2019-11-06;10.126
B;Business;EUR;Euro;NOK;Norwegian krone;SP;Spot;4;false;0;Units;C;ECB concertation time 14:15 CET;2019-11-07;10.0715
B;Business;EUR;Euro;NOK;Norwegian krone;SP;Spot;4;false;0;Units;C;ECB concertation time 14:15 CET;2019-11-08;10.0893
B;Business;EUR;Euro;NOK;Norwegian krone;SP;Spot;4;false;0;Units;C;ECB concertation time 14:15 CET;2019-11-11;10.091
B;Business;EUR;Euro;NOK;Norwegian krone;SP;Spot;4;false;0;Units;C;ECB concertation time 14:15 CET;2019-11-12;10.0798
B;Business;EUR;Euro;NOK;Norwegian krone;SP;Spot;4;false;0;Units;C;ECB concertation time 14:15 CET;2019-11-13;10.139
B;Business;EUR;Euro;NOK;Norwegian krone;SP;Spot;4;false;0;Units;C;ECB concertation time 14:15 CET;2019-11-14;10.1198
B;Business;EUR;Euro;NOK;Norwegian krone;SP;Spot;4;false;0;Units;C;ECB concertation time 14:15 CET;2019-11-15;10.0345
B;Business;EUR;Euro;NOK;Norwegian krone;SP;Spot;4;false;0;Units;C;ECB concertation time 14:15 CET;2019-11-18;10.086
B;Business;EUR;Euro;NOK;Norwegian krone;SP;Spot;4;false;0;Units;C;ECB concertation time 14:15 CET;2019-11-19;10.0853
B;Business;EUR;Euro;NOK;Norwegian krone;SP;Spot;4;false;0;Units;C;ECB concertation time 14:15 CET;2019-11-20;10.1455
B;Business;EUR;Euro;NOK;Norwegian krone;SP;Spot;4;false;0;Units;C;ECB concertation time 14:15 CET;2019-11-21;10.1018
B;Business;EUR;Euro;NOK;Norwegian krone;SP;Spot;4;false;0;Units;C;ECB concertation time 14:15 CET;2019-11-22;10.1083
B;Business;EUR;Euro;NOK;Norwegian krone;SP;Spot;4;false;0;Units;C;ECB concertation time 14:15 CET;2019-11-25;10.1065
B;Business;EUR;Euro;NOK;Norwegian krone;SP;Spot;4;false;0;Units;C;ECB concertation time 14:15 CET;2019-11-26;10.0968
B;Business;EUR;Euro;NOK;Norwegian krone;SP;Spot;4;false;0;Units;C;ECB concertation time 14:15 CET;2019-11-27;10.102
B;Business;EUR;Euro;NOK;Norwegian krone;SP;Spot;4;false;0;Units;C;ECB concertation time 14:15 CET;2019-11-28;10.113
B;Business;EUR;Euro;NOK;Norwegian krone;SP;Spot;4;false;0;Units;C;ECB concertation time 14:15 CET;2019-11-29;10.1045
B;Business;EUR;Euro;NOK;Norwegian krone;SP;Spot;4;false;0;Units;C;ECB concertation time 14:15 CET;2019-12-02;10.1353
B;Business;EUR;Euro;NOK;Norwegian krone;SP;Spot;4;false;0;Units;C;ECB concertation time 14:15 CET;2019-12-03;10.1668
B;Business;EUR;Euro;NOK;Norwegian krone;SP;Spot;4;false;0;Units;C;ECB concertation time 14:15 CET;2019-12-04;10.1723
B;Business;EUR;Euro;NOK;Norwegian krone;SP;Spot;4;false;0;Units;C;ECB concertation time 14:15 CET;2019-12-05;10.1613
B;Business;EUR;Euro;NOK;Norwegian krone;SP;Spot;4;false;0;Units;C;ECB concertation time 14:15 CET;2019-12-06;10.1235
B;Business;EUR;Euro;NOK;Norwegian krone;SP;Spot;4;false;0;Units;C;ECB concertation time 14:15 CET;2019-12-09;10.1238
B;Business;EUR;Euro;NOK;Norwegian krone;SP;Spot;4;false;0;Units;C;ECB concertation time 14:15 CET;2019-12-10;10.1823
B;Business;EUR;Euro;NOK;Norwegian krone;SP;Spot;4;false;0;Units;C;ECB concertation time 14:15 CET;2019-12-11;10.1495
B;Business;EUR;Euro;NOK;Norwegian krone;SP;Spot;4;false;0;Units;C;ECB concertation time 14:15 CET;2019-12-12;10.135
B;Business;EUR;Euro;NOK;Norwegian krone;SP;Spot;4;false;0;Units;C;ECB concertation time 14:15 CET;2019-12-13;10.063
B;Business;EUR;Euro;NOK;Norwegian krone;SP;Spot;4;false;0;Units;C;ECB concertation time 14:15 CET;2019-12-16;10.028
B;Business;EUR;Euro;NOK;Norwegian krone;SP;Spot;4;false;0;Units;C;ECB concertation time 14:15 CET;2019-12-17;10.0648
B;Business;EUR;Euro;NOK;Norwegian krone;SP;Spot;4;false;0;Units;C;ECB concertation time 14:15 CET;2019-12-18;10.0353
B;Business;EUR;Euro;NOK;Norwegian krone;SP;Spot;4;false;0;Units;C;ECB concertation time 14:15 CET;2019-12-19;9.9785
B;Business;EUR;Euro;NOK;Norwegian krone;SP;Spot;4;false;0;Units;C;ECB concertation time 14:15 CET;2019-12-20;9.9463
B;Business;EUR;Euro;NOK;Norwegian krone;SP;Spot;4;false;0;Units;C;ECB concertation time 14:15 CET;2019-12-23;9.913
B;Business;EUR;Euro;NOK;Norwegian krone;SP;Spot;4;false;0;Units;C;ECB concertation time 14:15 CET;2019-12-27;9.8578
B;Business;EUR;Euro;NOK;Norwegian krone;SP;Spot;4;false;0;Units;C;ECB concertation time 14:15 CET;2019-12-30;9.846
B;Business;EUR;Euro;NOK;Norwegian krone;SP;Spot;4;false;0;Units;C;ECB concertation time 14:15 CET;2019-12-31;9.8638
B;Business;EUR;Euro;NOK;Norwegian krone;SP;Spot;4;false;0;Units;C;ECB concertation time 14:15 CET;2020-01-02;9.8408
B;Business;EUR;Euro;NOK;Norwegian krone;SP;Spot;4;false;0;Units;C;ECB concertation time 14:15 CET;2020-01-03;9.8315
B;Business;EUR;Euro;NOK;Norwegian krone;SP;Spot;4;false;0;Units;C;ECB concertation time 14:15 CET;2020-01-06;9.8488
B;Business;EUR;Euro;NOK;Norwegian krone;SP;Spot;4;false;0;Units;C;ECB concertation time 14:15 CET;2020-01-07;9.8548
B;Business;EUR;Euro;NOK;Norwegian krone;SP;Spot;4;false;0;Units;C;ECB concertation time 14:15 CET;2020-01-08;9.8508
B;Business;EUR;Euro;NOK;Norwegian krone;SP;Spot;4;false;0;Units;C;ECB concertation time 14:15 CET;2020-01-09;9.8665
B;Business;EUR;Euro;NOK;Norwegian krone;SP;Spot;4;false;0;Units;C;ECB concertation time 14:15 CET;2020-01-10;9.8745
B;Business;EUR;Euro;NOK;Norwegian krone;SP;Spot;4;false;0;Units;C;ECB concertation time 14:15 CET;2020-01-13;9.8955
B;Business;EUR;Euro;NOK;Norwegian krone;SP;Spot;4;false;0;Units;C;ECB concertation time 14:15 CET;2020-01-14;9.892
B;Business;EUR;Euro;NOK;Norwegian krone;SP;Spot;4;false;0;Units;C;ECB concertation time 14:15 CET;2020-01-15;9.882
B;Business;EUR;Euro;NOK;Norwegian krone;SP;Spot;4;false;0;Units;C;ECB concertation time 14:15 CET;2020-01-16;9.9058
B;Business;EUR;Euro;NOK;Norwegian krone;SP;Spot;4;false;0;Units;C;ECB concertation time 14:15 CET;2020-01-17;9.889
B;Business;EUR;Euro;NOK;Norwegian krone;SP;Spot;4;false;0;Units;C;ECB concertation time 14:15 CET;2020-01-20;9.8815
B;Business;EUR;Euro;NOK;Norwegian krone;SP;Spot;4;false;0;Units;C;ECB concertation time 14:15 CET;2020-01-21;9.936
B;Business;EUR;Euro;NOK;Norwegian krone;SP;Spot;4;false;0;Units;C;ECB concertation time 14:15 CET;2020-01-22;9.959
B;Business;EUR;Euro;NOK;Norwegian krone;SP;Spot;4;false;0;Units;C;ECB concertation time 14:15 CET;2020-01-23;9.9678
B;Business;EUR;Euro;NOK;Norwegian krone;SP;Spot;4;false;0;Units;C;ECB concertation time 14:15 CET;2020-01-24;9.9375
B;Business;EUR;Euro;NOK;Norwegian krone;SP;Spot;4;false;0;Units;C;ECB concertation time 14:15 CET;2020-01-27;10.0363
B;Business;EUR;Euro;NOK;Norwegian krone;SP;Spot;4;false;0;Units;C;ECB concertation time 14:15 CET;2020-01-28;10.0758
B;Business;EUR;Euro;NOK;Norwegian krone;SP;Spot;4;false;0;Units;C;ECB concertation time 14:15 CET;2020-01-29;10.0563
B;Business;EUR;Euro;NOK;Norwegian krone;SP;Spot;4;false;0;Units;C;ECB concertation time 14:15 CET;2020-01-30;10.1738
B;Business;EUR;Euro;NOK;Norwegian krone;SP;Spot;4;false;0;Units;C;ECB concertation time 14:15 CET;2020-01-31;10.1893
B;Business;EUR;Euro;NOK;Norwegian krone;SP;Spot;4;false;0;Units;C;ECB concertation time 14:15 CET;2020-02-03;10.259
B;Business;EUR;Euro;NOK;Norwegian krone;SP;Spot;4;false;0;Units;C;ECB concertation time 14:15 CET;2020-02-04;10.1948
B;Business;EUR;Euro;NOK;Norwegian krone;SP;Spot;4;false;0;Units;C;ECB concertation time 14:15 CET;2020-02-05;10.1173
B;Business;EUR;Euro;NOK;Norwegian krone;SP;Spot;4;false;0;Units;C;ECB concertation time 14:15 CET;2020-02-06;10.1288
B;Business;EUR;Euro;NOK;Norwegian krone;SP;Spot;4;false;0;Units;C;ECB concertation time 14:15 CET;2020-02-07;10.1673
B;Business;EUR;Euro;NOK;Norwegian krone;SP;Spot;4;false;0;Units;C;ECB concertation time 14:15 CET;2020-02-10;10.1188
B;Business;EUR;Euro;NOK;Norwegian krone;SP;Spot;4;false;0;Units;C;ECB concertation time 14:15 CET;2020-02-11;10.0953
B;Business;EUR;Euro;NOK;Norwegian krone;SP;Spot;4;false;0;Units;C;ECB concertation time 14:15 CET;2020-02-12;10.0445
B;Business;EUR;Euro;NOK;Norwegian krone;SP;Spot;4;false;0;Units;C;ECB concertation time 14:15 CET;2020-02-13;10.0415
B;Business;EUR;Euro;NOK;Norwegian krone;SP;Spot;4;false;0;Units;C;ECB concertation time 14:15 CET;2020-02-14;10.0258
B;Business;EUR;Euro;NOK;Norwegian krone;SP;Spot;4;false;0;Units;C;ECB concertation time 14:15 CET;2020-02-17;10.0373
B;Business;EUR;Euro;NOK;Norwegian krone;SP;Spot;4;false;0;Units;C;ECB concertation time 14:15 CET;2020-02-18;10.0883
B;Business;EUR;Euro;NOK;Norwegian krone;SP;Spot;4;false;0;Units;C;ECB concertation time 14:15 CET;2020-02-19;10.0178
B;Business;EUR;Euro;NOK;Norwegian krone;SP;Spot;4;false;0;Units;C;ECB concertation time 14:15 CET;2020-02-20;10.0455
B;Business;EUR;Euro;NOK;Norwegian krone;SP;Spot;4;false;0;Units;C;ECB concertation time 14:15 CET;2020-02-21;10.0873
B;Business;EUR;Euro;NOK;Norwegian krone;SP;Spot;4;false;0;Units;C;ECB concertation time 14:15 CET;2020-02-24;10.1328
B;Business;EUR;Euro;NOK;Norwegian krone;SP;Spot;4;false;0;Units;C;ECB concertation time 14:15 CET;2020-02-25;10.16
B;Business;EUR;Euro;NOK;Norwegian krone;SP;Spot;4;false;0;Units;C;ECB concertation time 14:15 CET;2020-02-26;10.2113
B;Business;EUR;Euro;NOK;Norwegian krone;SP;Spot;4;false;0;Units;C;ECB concertation time 14:15 CET;2020-02-27;10.2918
B;Business;EUR;Euro;NOK;Norwegian krone;SP;Spot;4;false;0;Units;C;ECB concertation time 14:15 CET;2020-02-28;10.3888
B;Business;EUR;Euro;NOK;Norwegian krone;SP;Spot;4;false;0;Units;C;ECB concertation time 14:15 CET;2020-03-02;10.4043
B;Business;EUR;Euro;NOK;Norwegian krone;SP;Spot;4;false;0;Units;C;ECB concertation time 14:15 CET;2020-03-03;10.3328
B;Business;EUR;Euro;NOK;Norwegian krone;SP;Spot;4;false;0;Units;C;ECB concertation time 14:15 CET;2020-03-04;10.3051
B;Business;EUR;Euro;NOK;Norwegian krone;SP;Spot;4;false;0;Units;C;ECB concertation time 14:15 CET;2020-03-05;10.371
B;Business;EUR;Euro;NOK;Norwegian krone;SP;Spot;4;false;0;Units;C;ECB concertation time 14:15 CET;2020-03-06;10.4983
B;Business;EUR;Euro;NOK;Norwegian krone;SP;Spot;4;false;0;Units;C;ECB concertation time 14:15 CET;2020-03-09;10.89
B;Business;EUR;Euro;NOK;Norwegian krone;SP;Spot;4;false;0;Units;C;ECB concertation time 14:15 CET;2020-03-10;10.8433
B;Business;EUR;Euro;NOK;Norwegian krone;SP;Spot;4;false;0;Units;C;ECB concertation time 14:15 CET;2020-03-11;10.8558
B;Business;EUR;Euro;NOK;Norwegian krone;SP;Spot;4;false;0;Units;C;ECB concertation time 14:15 CET;2020-03-12;11.3682
B;Business;EUR;Euro;NOK;Norwegian krone;SP;Spot;4;false;0;Units;C;ECB concertation time 14:15 CET;2020-03-13;11.0966
B;Business;EUR;Euro;NOK;Norwegian krone;SP;Spot;4;false;0;Units;C;ECB concertation time 14:15 CET;2020-03-16;11.4765
B;Business;EUR;Euro;NOK;Norwegian krone;SP;Spot;4;false;0;Units;C;ECB concertation time 14:15 CET;2020-03-17;11.5063
B;Business;EUR;Euro;NOK;Norwegian krone;SP;Spot;4;false;0;Units;C;ECB concertation time 14:15 CET;2020-03-18;11.701
B;Business;EUR;Euro;NOK;Norwegian krone;SP;Spot;4;false;0;Units;C;ECB concertation time 14:15 CET;2020-03-19;12.3165
B;Business;EUR;Euro;NOK;Norwegian krone;SP;Spot;4;false;0;Units;C;ECB concertation time 14:15 CET;2020-03-20;12.1215
B;Business;EUR;Euro;NOK;Norwegian krone;SP;Spot;4;false;0;Units;C;ECB concertation time 14:15 CET;2020-03-23;12.2568
B;Business;EUR;Euro;NOK;Norwegian krone;SP;Spot;4;false;0;Units;C;ECB concertation time 14:15 CET;2020-03-24;11.9745
B;Business;EUR;Euro;NOK;Norwegian krone;SP;Spot;4;false;0;Units;C;ECB concertation time 14:15 CET;2020-03-25;11.7745
B;Business;EUR;Euro;NOK;Norwegian krone;SP;Spot;4;false;0;Units;C;ECB concertation time 14:15 CET;2020-03-26;11.5273
B;Business;EUR;Euro;NOK;Norwegian krone;SP;Spot;4;false;0;Units;C;ECB concertation time 14:15 CET;2020-03-27;11.6558
B;Business;EUR;Euro;NOK;Norwegian krone;SP;Spot;4;false;0;Units;C;ECB concertation time 14:15 CET;2020-03-30;11.6888
B;Business;EUR;Euro;NOK;Norwegian krone;SP;Spot;4;false;0;Units;C;ECB concertation time 14:15 CET;2020-03-31;11.51
B;Business;EUR;Euro;NOK;Norwegian krone;SP;Spot;4;false;0;Units;C;ECB concertation time 14:15 CET;2020-04-01;11.2685
B;Business;EUR;Euro;NOK;Norwegian krone;SP;Spot;4;false;0;Units;C;ECB concertation time 14:15 CET;2020-04-02;11.2345
B;Business;EUR;Euro;NOK;Norwegian krone;SP;Spot;4;false;0;Units;C;ECB concertation time 14:15 CET;2020-04-03;11.2628
B;Business;EUR;Euro;NOK;Norwegian krone;SP;Spot;4;false;0;Units;C;ECB concertation time 14:15 CET;2020-04-06;11.3875
B;Business;EUR;Euro;NOK;Norwegian krone;SP;Spot;4;false;0;Units;C;ECB concertation time 14:15 CET;2020-04-07;11.0945
B;Business;EUR;Euro;NOK;Norwegian krone;SP;Spot;4;false;0;Units;C;ECB concertation time 14:15 CET;2020-04-08;11.194
B;Business;EUR;Euro;NOK;Norwegian krone;SP;Spot;4;false;0;Units;C;ECB concertation time 14:15 CET;2020-04-14;11.3118
B;Business;EUR;Euro;NOK;Norwegian krone;SP;Spot;4;false;0;Units;C;ECB concertation time 14:15 CET;2020-04-15;11.4503
B;Business;EUR;Euro;NOK;Norwegian krone;SP;Spot;4;false;0;Units;C;ECB concertation time 14:15 CET;2020-04-16;11.4145
B;Business;EUR;Euro;NOK;Norwegian krone;SP;Spot;4;false;0;Units;C;ECB concertation time 14:15 CET;2020-04-17;11.2845
B;Business;EUR;Euro;NOK;Norwegian krone;SP;Spot;4;false;0;Units;C;ECB concertation time 14:15 CET;2020-04-20;11.2698
B;Business;EUR;Euro;NOK;Norwegian krone;SP;Spot;4;false;0;Units;C;ECB concertation time 14:15 CET;2020-04-21;11.4843
B;Business;EUR;Euro;NOK;Norwegian krone;SP;Spot;4;false;0;Units;C;ECB concertation time 14:15 CET;2020-04-22;11.6775
B;Business;EUR;Euro;NOK;Norwegian krone;SP;Spot;4;false;0;Units;C;ECB concertation time 14:15 CET;2020-04-23;11.5165
B;Business;EUR;Euro;NOK;Norwegian krone;SP;Spot;4;false;0;Units;C;ECB concertation time 14:15 CET;2020-04-24;11.4785
B;Business;EUR;Euro;NOK;Norwegian krone;SP;Spot;4;false;0;Units;C;ECB concertation time 14:15 CET;2020-04-27;11.4513
B;Business;EUR;Euro;NOK;Norwegian krone;SP;Spot;4;false;0;Units;C;ECB concertation time 14:15 CET;2020-04-28;11.2783
B;Business;EUR;Euro;NOK;Norwegian krone;SP;Spot;4;false;0;Units;C;ECB concertation time 14:15 CET;2020-04-29;11.2728
B;Business;EUR;Euro;NOK;Norwegian krone;SP;Spot;4;false;0;Units;C;ECB concertation time 14:15 CET;2020-04-30;11.184
B;Business;EUR;Euro;NOK;Norwegian krone;SP;Spot;4;false;0;Units;C;ECB concertation time 14:15 CET;2020-05-04;11.328
B;Business;EUR;Euro;NOK;Norwegian krone;SP;Spot;4;false;0;Units;C;ECB concertation time 14:15 CET;2020-05-05;11.173
B;Business;EUR;Euro;NOK;Norwegian krone;SP;Spot;4;false;0;Units;C;ECB concertation time 14:15 CET;2020-05-06;11.09
B;Business;EUR;Euro;NOK;Norwegian krone;SP;Spot;4;false;0;Units;C;ECB concertation time 14:15 CET;2020-05-07;11.0405
B;Business;EUR;Euro;NOK;Norwegian krone;SP;Spot;4;false;0;Units;C;ECB concertation time 14:15 CET;2020-05-08;11.0695
B;Business;EUR;Euro;NOK;Norwegian krone;SP;Spot;4;false;0;Units;C;ECB concertation time 14:15 CET;2020-05-11;11.046
B;Business;EUR;Euro;NOK;Norwegian krone;SP;Spot;4;false;0;Units;C;ECB concertation time 14:15 CET;2020-05-12;11.0518
B;Business;EUR;Euro;NOK;Norwegian krone;SP;Spot;4;false;0;Units;C;ECB concertation time 14:15 CET;2020-05-13;10.938
B;Business;EUR;Euro;NOK;Norwegian krone;SP;Spot;4;false;0;Units;C;ECB concertation time 14:15 CET;2020-05-14;11.0598
B;Business;EUR;Euro;NOK;Norwegian krone;SP;Spot;4;false;0;Units;C;ECB concertation time 14:15 CET;2020-05-15;11.0568
B;Business;EUR;Euro;NOK;Norwegian krone;SP;Spot;4;false;0;Units;C;ECB concertation time 14:15 CET;2020-05-18;10.9663
B;Business;EUR;Euro;NOK;Norwegian krone;SP;Spot;4;false;0;Units;C;ECB concertation time 14:15 CET;2020-05-19;10.9153
B;Business;EUR;Euro;NOK;Norwegian krone;SP;Spot;4;false;0;Units;C;ECB concertation time 14:15 CET;2020-05-20;10.8765
B;Business;EUR;Euro;NOK;Norwegian krone;SP;Spot;4;false;0;Units;C;ECB concertation time 14:15 CET;2020-05-22;10.9078
B;Business;EUR;Euro;NOK;Norwegian krone;SP;Spot;4;false;0;Units;C;ECB concertation time 14:15 CET;2020-05-25;10.9358
B;Business;EUR;Euro;NOK;Norwegian krone;SP;Spot;4;false;0;Units;C;ECB concertation time 14:15 CET;2020-05-26;10.8943
B;Business;EUR;Euro;NOK;Norwegian krone;SP;Spot;4;false;0;Units;C;ECB concertation time 14:15 CET;2020-05-27;10.8283
B;Business;EUR;Euro;NOK;Norwegian krone;SP;Spot;4;false;0;Units;C;ECB concertation time 14:15 CET;2020-05-28;10.8553
B;Business;EUR;Euro;NOK;Norwegian krone;SP;Spot;4;false;0;Units;C;ECB concertation time 14:15 CET;2020-05-29;10.788
B;Business;EUR;Euro;NOK;Norwegian krone;SP;Spot;4;false;0;Units;C;ECB concertation time 14:15 CET;2020-06-02;10.6798
B;Business;EUR;Euro;NOK;Norwegian krone;SP;Spot;4;false;0;Units;C;ECB concertation time 14:15 CET;2020-06-03;10.6777
B;Business;EUR;Euro;NOK;Norwegian krone;SP;Spot;4;false;0;Units;C;ECB concertation time 14:15 CET;2020-06-04;10.6048
B;Business;EUR;Euro;NOK;Norwegian krone;SP;Spot;4;false;0;Units;C;ECB concertation time 14:15 CET;2020-06-05;10.5403
B;Business;EUR;Euro;NOK;Norwegian krone;SP;Spot;4;false;0;Units;C;ECB concertation time 14:15 CET;2020-06-08;10.4603
B;Business;EUR;Euro;NOK;Norwegian krone;SP;Spot;4;false;0;Units;C;ECB concertation time 14:15 CET;2020-06-09;10.5418
B;Business;EUR;Euro;NOK;Norwegian krone;SP;Spot;4;false;0;Units;C;ECB concertation time 14:15 CET;2020-06-10;10.5383
B;Business;EUR;Euro;NOK;Norwegian krone;SP;Spot;4;false;0;Units;C;ECB concertation time 14:15 CET;2020-06-11;10.72
B;Business;EUR;Euro;NOK;Norwegian krone;SP;Spot;4;false;0;Units;C;ECB concertation time 14:15 CET;2020-06-12;10.8475
B;Business;EUR;Euro;NOK;Norwegian krone;SP;Spot;4;false;0;Units;C;ECB concertation time 14:15 CET;2020-06-15;10.8894
B;Business;EUR;Euro;NOK;Norwegian krone;SP;Spot;4;false;0;Units;C;ECB concertation time 14:15 CET;2020-06-16;10.7389
B;Business;EUR;Euro;NOK;Norwegian krone;SP;Spot;4;false;0;Units;C;ECB concertation time 14:15 CET;2020-06-17;10.705
B;Business;EUR;Euro;NOK;Norwegian krone;SP;Spot;4;false;0;Units;C;ECB concertation time 14:15 CET;2020-06-18;10.7083
B;Business;EUR;Euro;NOK;Norwegian krone;SP;Spot;4;false;0;Units;C;ECB concertation time 14:15 CET;2020-06-19;10.7135
B;Business;EUR;Euro;NOK;Norwegian krone;SP;Spot;4;false;0;Units;C;ECB concertation time 14:15 CET;2020-06-22;10.7985
B;Business;EUR;Euro;NOK;Norwegian krone;SP;Spot;4;false;0;Units;C;ECB concertation time 14:15 CET;2020-06-23;10.7345
B;Business;EUR;Euro;NOK;Norwegian krone;SP;Spot;4;false;0;Units;C;ECB concertation time 14:15 CET;2020-06-24;10.7958
B;Business;EUR;Euro;NOK;Norwegian krone;SP;Spot;4;false;0;Units;C;ECB concertation time 14:15 CET;2020-06-25;10.8748
B;Business;EUR;Euro;NOK;Norwegian krone;SP;Spot;4;false;0;Units;C;ECB concertation time 14:15 CET;2020-06-26;10.885
B;Business;EUR;Euro;NOK;Norwegian krone;SP;Spot;4;false;0;Units;C;ECB concertation time 14:15 CET;2020-06-29;10.9013
B;Business;EUR;Euro;NOK;Norwegian krone;SP;Spot;4;false;0;Units;C;ECB concertation time 14:15 CET;2020-06-30;10.912
B;Business;EUR;Euro;NOK;Norwegian krone;SP;Spot;4;false;0;Units;C;ECB concertation time 14:15 CET;2020-07-01;10.7736
B;Business;EUR;Euro;NOK;Norwegian krone;SP;Spot;4;false;0;Units;C;ECB concertation time 14:15 CET;2020-07-02;10.6873
B;Business;EUR;Euro;NOK;Norwegian krone;SP;Spot;4;false;0;Units;C;ECB concertation time 14:15 CET;2020-07-03;10.6775
B;Business;EUR;Euro;NOK;Norwegian krone;SP;Spot;4;false;0;Units;C;ECB concertation time 14:15 CET;2020-07-06;10.6218
B;Business;EUR;Euro;NOK;Norwegian krone;SP;Spot;4;false;0;Units;C;ECB concertation time 14:15 CET;2020-07-07;10.6428
B;Business;EUR;Euro;NOK;Norwegian krone;SP;Spot;4;false;0;Units;C;ECB concertation time 14:15 CET;2020-07-08;10.6885
B;Business;EUR;Euro;NOK;Norwegian krone;SP;Spot;4;false;0;Units;C;ECB concertation time 14:15 CET;2020-07-09;10.6173
B;Business;EUR;Euro;NOK;Norwegian krone;SP;Spot;4;false;0;Units;C;ECB concertation time 14:15 CET;2020-07-10;10.7163
B;Business;EUR;Euro;NOK;Norwegian krone;SP;Spot;4;false;0;Units;C;ECB concertation time 14:15 CET;2020-07-13;10.665
B;Business;EUR;Euro;NOK;Norwegian krone;SP;Spot;4;false;0;Units;C;ECB concertation time 14:15 CET;2020-07-14;10.711
B;Business;EUR;Euro;NOK;Norwegian krone;SP;Spot;4;false;0;Units;C;ECB concertation time 14:15 CET;2020-07-15;10.6275
B;Business;EUR;Euro;NOK;Norwegian krone;SP;Spot;4;false;0;Units;C;ECB concertation time 14:15 CET;2020-07-16;10.6148
B;Business;EUR;Euro;NOK;Norwegian krone;SP;Spot;4;false;0;Units;C;ECB concertation time 14:15 CET;2020-07-17;10.5995
B;Business;EUR;Euro;NOK;Norwegian krone;SP;Spot;4;false;0;Units;C;ECB concertation time 14:15 CET;2020-07-20;10.606
B;Business;EUR;Euro;NOK;Norwegian krone;SP;Spot;4;false;0;Units;C;ECB concertation time 14:15 CET;2020-07-21;10.4933
B;Business;EUR;Euro;NOK;Norwegian krone;SP;Spot;4;false;0;Units;C;ECB concertation time 14:15 CET;2020-07-22;10.5343
B;Business;EUR;Euro;NOK;Norwegian krone;SP;Spot;4;false;0;Units;C;ECB concertation time 14:15 CET;2020-07-23;10.6073
B;Business;EUR;Euro;NOK;Norwegian krone;SP;Spot;4;false;0;Units;C;ECB concertation time 14:15 CET;2020-07-24;10.6953
B;Business;EUR;Euro;NOK;Norwegian krone;SP;Spot;4;false;0;Units;C;ECB concertation time 14:15 CET;2020-07-27;10.6683
B;Business;EUR;Euro;NOK;Norwegian krone;SP;Spot;4;false;0;Units;C;ECB concertation time 14:15 CET;2020-07-28;10.694
B;Business;EUR;Euro;NOK;Norwegian krone;SP;Spot;4;false;0;Units;C;ECB concertation time 14:15 CET;2020-07-29;10.6573
B;Business;EUR;Euro;NOK;Norwegian krone;SP;Spot;4;false;0;Units;C;ECB concertation time 14:15 CET;2020-07-30;10.7213
B;Business;EUR;Euro;NOK;Norwegian krone;SP;Spot;4;false;0;Units;C;ECB concertation time 14:15 CET;2020-07-31;10.7323
B;Business;EUR;Euro;NOK;Norwegian krone;SP;Spot;4;false;0;Units;C;ECB concertation time 14:15 CET;2020-08-03;10.7188
B;Business;EUR;Euro;NOK;Norwegian krone;SP;Spot;4;false;0;Units;C;ECB concertation time 14:15 CET;2020-08-04;10.7568
B;Business;EUR;Euro;NOK;Norwegian krone;SP;Spot;4;false;0;Units;C;ECB concertation time 14:15 CET;2020-08-05;10.6585
B;Business;EUR;Euro;NOK;Norwegian krone;SP;Spot;4;false;0;Units;C;ECB concertation time 14:15 CET;2020-08-06;10.6538
B;Business;EUR;Euro;NOK;Norwegian krone;SP;Spot;4;false;0;Units;C;ECB concertation time 14:15 CET;2020-08-07;10.6433
B;Business;EUR;Euro;NOK;Norwegian krone;SP;Spot;4;false;0;Units;C;ECB concertation time 14:15 CET;2020-08-10;10.629
B;Business;EUR;Euro;NOK;Norwegian krone;SP;Spot;4;false;0;Units;C;ECB concertation time 14:15 CET;2020-08-11;10.5658
B;Business;EUR;Euro;NOK;Norwegian krone;SP;Spot;4;false;0;Units;C;ECB concertation time 14:15 CET;2020-08-12;10.5463
B;Business;EUR;Euro;NOK;Norwegian krone;SP;Spot;4;false;0;Units;C;ECB concertation time 14:15 CET;2020-08-13;10.5148
B;Business;EUR;Euro;NOK;Norwegian krone;SP;Spot;4;false;0;Units;C;ECB concertation time 14:15 CET;2020-08-14;10.5403
B;Business;EUR;Euro;NOK;Norwegian krone;SP;Spot;4;false;0;Units;C;ECB concertation time 14:15 CET;2020-08-17;10.512
B;Business;EUR;Euro;NOK;Norwegian krone;SP;Spot;4;false;0;Units;C;ECB concertation time 14:15 CET;2020-08-18;10.501
B;Business;EUR;Euro;NOK;Norwegian krone;SP;Spot;4;false;0;Units;C;ECB concertation time 14:15 CET;2020-08-19;10.5455
B;Business;EUR;Euro;NOK;Norwegian krone;SP;Spot;4;false;0;Units;C;ECB concertation time 14:15 CET;2020-08-20;10.6068
B;Business;EUR;Euro;NOK;Norwegian krone;SP;Spot;4;false;0;Units;C;ECB concertation time 14:15 CET;2020-08-21;10.5913
B;Business;EUR;Euro;NOK;Norwegian krone;SP;Spot;4;false;0;Units;C;ECB concertation time 14:15 CET;2020-08-24;10.6188
B;Business;EUR;Euro;NOK;Norwegian krone;SP;Spot;4;false;0;Units;C;ECB concertation time 14:15 CET;2020-08-25;10.5688
B;Business;EUR;Euro;NOK;Norwegian krone;SP;Spot;4;false;0;Units;C;ECB concertation time 14:15 CET;2020-08-26;10.5603
B;Business;EUR;Euro;NOK;Norwegian krone;SP;Spot;4;false;0;Units;C;ECB concertation time 14:15 CET;2020-08-27;10.5178
B;Business;EUR;Euro;NOK;Norwegian krone;SP;Spot;4;false;0;Units;C;ECB concertation time 14:15 CET;2020-08-28;10.47
B;Business;EUR;Euro;NOK;Norwegian krone;SP;Spot;4;false;0;Units;C;ECB concertation time 14:15 CET;2020-08-31;10.455
B;Business;EUR;Euro;NOK;Norwegian krone;SP;Spot;4;false;0;Units;C;ECB concertation time 14:15 CET;2020-09-01;10.4378
B;Business;EUR;Euro;NOK;Norwegian krone;SP;Spot;4;false;0;Units;C;ECB concertation time 14:15 CET;2020-09-02;10.406
B;Business;EUR;Euro;NOK;Norwegian krone;SP;Spot;4;false;0;Units;C;ECB concertation time 14:15 CET;2020-09-03;10.5315
B;Business;EUR;Euro;NOK;Norwegian krone;SP;Spot;4;false;0;Units;C;ECB concertation time 14:15 CET;2020-09-04;10.5768
B;Business;EUR;Euro;NOK;Norwegian krone;SP;Spot;4;false;0;Units;C;ECB concertation time 14:15 CET;2020-09-07;10.5453
B;Business;EUR;Euro;NOK;Norwegian krone;SP;Spot;4;false;0;Units;C;ECB concertation time 14:15 CET;2020-09-08;10.6713
B;Business;EUR;Euro;NOK;Norwegian krone;SP;Spot;4;false;0;Units;C;ECB concertation time 14:15 CET;2020-09-09;10.715
B;Business;EUR;Euro;NOK;Norwegian krone;SP;Spot;4;false;0;Units;C;ECB concertation time 14:15 CET;2020-09-10;10.687
B;Business;EUR;Euro;NOK;Norwegian krone;SP;Spot;4;false;0;Units;C;ECB concertation time 14:15 CET;2020-09-11;10.7028
B;Business;EUR;Euro;NOK;Norwegian krone;SP;Spot;4;false;0;Units;C;ECB concertation time 14:15 CET;2020-09-14;10.6933
B;Business;EUR;Euro;NOK;Norwegian krone;SP;Spot;4;false;0;Units;C;ECB concertation time 14:15 CET;2020-09-15;10.6963
B;Business;EUR;Euro;NOK;Norwegian krone;SP;Spot;4;false;0;Units;C;ECB concertation time 14:15 CET;2020-09-16;10.6608
B;Business;EUR;Euro;NOK;Norwegian krone;SP;Spot;4;false;0;Units;C;ECB concertation time 14:15 CET;2020-09-17;10.7238
B;Business;EUR;Euro;NOK;Norwegian krone;SP;Spot;4;false;0;Units;C;ECB concertation time 14:15 CET;2020-09-18;10.7538
B;Business;EUR;Euro;NOK;Norwegian krone;SP;Spot;4;false;0;Units;C;ECB concertation time 14:15 CET;2020-09-21;10.884
B;Business;EUR;Euro;NOK;Norwegian krone;SP;Spot;4;false;0;Units;C;ECB concertation time 14:15 CET;2020-09-22;10.9528
B;Business;EUR;Euro;NOK;Norwegian krone;SP;Spot;4;false;0;Units;C;ECB concertation time 14:15 CET;2020-09-23;10.9938
B;Business;EUR;Euro;NOK;Norwegian krone;SP;Spot;4;false;0;Units;C;ECB concertation time 14:15 CET;2020-09-24;11.1023
B;Business;EUR;Euro;NOK;Norwegian krone;SP;Spot;4;false;0;Units;C;ECB concertation time 14:15 CET;2020-09-25;11.1445
B;Business;EUR;Euro;NOK;Norwegian krone;SP;Spot;4;false;0;Units;C;ECB concertation time 14:15 CET;2020-09-28;11.058
B;Business;EUR;Euro;NOK;Norwegian krone;SP;Spot;4;false;0;Units;C;ECB concertation time 14:15 CET;2020-09-29;11.0543
B;Business;EUR;Euro;NOK;Norwegian krone;SP;Spot;4;false;0;Units;C;ECB concertation time 14:15 CET;2020-09-30;11.1008
B;Business;EUR;Euro;NOK;Norwegian krone;SP;Spot;4;false;0;Units;C;ECB concertation time 14:15 CET;2020-10-01;10.9073
B;Business;EUR;Euro;NOK;Norwegian krone;SP;Spot;4;false;0;Units;C;ECB concertation time 14:15 CET;2020-10-02;10.904
B;Business;EUR;Euro;NOK;Norwegian krone;SP;Spot;4;false;0;Units;C;ECB concertation time 14:15 CET;2020-10-05;10.8855
B;Business;EUR;Euro;NOK;Norwegian krone;SP;Spot;4;false;0;Units;C;ECB concertation time 14:15 CET;2020-10-06;10.8603
B;Business;EUR;Euro;NOK;Norwegian krone;SP;Spot;4;false;0;Units;C;ECB concertation time 14:15 CET;2020-10-07;10.9313
B;Business;EUR;Euro;NOK;Norwegian krone;SP;Spot;4;false;0;Units;C;ECB concertation time 14:15 CET;2020-10-08;10.9038
B;Business;EUR;Euro;NOK;Norwegian krone;SP;Spot;4;false;0;Units;C;ECB concertation time 14:15 CET;2020-10-09;10.8623
B;Business;EUR;Euro;NOK;Norwegian krone;SP;Spot;4;false;0;Units;C;ECB concertation time 14:15 CET;2020-10-12;10.7925
B;Business;EUR;Euro;NOK;Norwegian krone;SP;Spot;4;false;0;Units;C;ECB concertation time 14:15 CET;2020-10-13;10.7923
B;Business;EUR;Euro;NOK;Norwegian krone;SP;Spot;4;false;0;Units;C;ECB concertation time 14:15 CET;2020-10-14;10.8218
B;Business;EUR;Euro;NOK;Norwegian krone;SP;Spot;4;false;0;Units;C;ECB concertation time 14:15 CET;2020-10-15;10.9678
B;Business;EUR;Euro;NOK;Norwegian krone;SP;Spot;4;false;0;Units;C;ECB concertation time 14:15 CET;2020-10-16;10.957
B;Business;EUR;Euro;NOK;Norwegian krone;SP;Spot;4;false;0;Units;C;ECB concertation time 14:15 CET;2020-10-19;10.947
B;Business;EUR;Euro;NOK;Norwegian krone;SP;Spot;4;false;0;Units;C;ECB concertation time 14:15 CET;2020-10-20;10.9698
B;Business;EUR;Euro;NOK;Norwegian krone;SP;Spot;4;false;0;Units;C;ECB concertation time 14:15 CET;2020-10-21;10.9315
B;Business;EUR;Euro;NOK;Norwegian krone;SP;Spot;4;false;0;Units;C;ECB concertation time 14:15 CET;2020-10-22;10.9325
B;Business;EUR;Euro;NOK;Norwegian krone;SP;Spot;4;false;0;Units;C;ECB concertation time 14:15 CET;2020-10-23;10.9178
B;Business;EUR;Euro;NOK;Norwegian krone;SP;Spot;4;false;0;Units;C;ECB concertation time 14:15 CET;2020-10-26;10.9465
B;Business;EUR;Euro;NOK;Norwegian krone;SP;Spot;4;false;0;Units;C;ECB concertation time 14:15 CET;2020-10-27;10.8398
B;Business;EUR;Euro;NOK;Norwegian krone;SP;Spot;4;false;0;Units;C;ECB concertation time 14:15 CET;2020-10-28;10.9693
B;Business;EUR;Euro;NOK;Norwegian krone;SP;Spot;4;false;0;Units;C;ECB concertation time 14:15 CET;2020-10-29;11.1495
B;Business;EUR;Euro;NOK;Norwegian krone;SP;Spot;4;false;0;Units;C;ECB concertation time 14:15 CET;2020-10-30;11.094
B;Business;EUR;Euro;NOK;Norwegian krone;SP;Spot;4;false;0;Units;C;ECB concertation time 14:15 CET;2020-11-02;11.1128
B;Business;EUR;Euro;NOK;Norwegian krone;SP;Spot;4;false;0;Units;C;ECB concertation time 14:15 CET;2020-11-03;11.0103
B;Business;EUR;Euro;NOK;Norwegian krone;SP;Spot;4;false;0;Units;C;ECB concertation time 14:15 CET;2020-11-04;10.9583
B;Business;EUR;Euro;NOK;Norwegian krone;SP;Spot;4;false;0;Units;C;ECB concertation time 14:15 CET;2020-11-05;10.85
B;Business;EUR;Euro;NOK;Norwegian krone;SP;Spot;4;false;0;Units;C;ECB concertation time 14:15 CET;2020-11-06;10.9203
B;Business;EUR;Euro;NOK;Norwegian krone;SP;Spot;4;false;0;Units;C;ECB concertation time 14:15 CET;2020-11-09;10.7101
B;Business;EUR;Euro;NOK;Norwegian krone;SP;Spot;4;false;0;Units;C;ECB concertation time 14:15 CET;2020-11-10;10.6618
B;Business;EUR;Euro;NOK;Norwegian krone;SP;Spot;4;false;0;Units;C;ECB concertation time 14:15 CET;2020-11-11;10.6773
B;Business;EUR;Euro;NOK;Norwegian krone;SP;Spot;4;false;0;Units;C;ECB concertation time 14:15 CET;2020-11-12;10.7658
B;Business;EUR;Euro;NOK;Norwegian krone;SP;Spot;4;false;0;Units;C;ECB concertation time 14:15 CET;2020-11-13;10.8123
B;Business;EUR;Euro;NOK;Norwegian krone;SP;Spot;4;false;0;Units;C;ECB concertation time 14:15 CET;2020-11-16;10.731
B;Business;EUR;Euro;NOK;Norwegian krone;SP;Spot;4;false;0;Units;C;ECB concertation time 14:15 CET;2020-11-17;10.7683
B;Business;EUR;Euro;NOK;Norwegian krone;SP;Spot;4;false;0;Units;C;ECB concertation time 14:15 CET;2020-11-18;10.7115
B;Business;EUR;Euro;NOK;Norwegian krone;SP;Spot;4;false;0;Units;C;ECB concertation time 14:15 CET;2020-11-19;10.69
B;Business;EUR;Euro;NOK;Norwegian krone;SP;Spot;4;false;0;Units;C;ECB concertation time 14:15 CET;2020-11-20;10.6613
B;Business;EUR;Euro;NOK;Norwegian krone;SP;Spot;4;false;0;Units;C;ECB concertation time 14:15 CET;2020-11-23;10.6903
B;Business;EUR;Euro;NOK;Norwegian krone;SP;Spot;4;false;0;Units;C;ECB concertation time 14:15 CET;2020-11-24;10.6768
B;Business;EUR;Euro;NOK;Norwegian krone;SP;Spot;4;false;0;Units;C;ECB concertation time 14:15 CET;2020-11-25;10.5488
B;Business;EUR;Euro;NOK;Norwegian krone;SP;Spot;4;false;0;Units;C;ECB concertation time 14:15 CET;2020-11-26;10.5705
B;Business;EUR;Euro;NOK;Norwegian krone;SP;Spot;4;false;0;Units;C;ECB concertation time 14:15 CET;2020-11-27;10.563
B;Business;EUR;Euro;NOK;Norwegian krone;SP;Spot;4;false;0;Units;C;ECB concertation time 14:15 CET;2020-11-30;10.561
B;Business;EUR;Euro;NOK;Norwegian krone;SP;Spot;4;false;0;Units;C;ECB concertation time 14:15 CET;2020-12-01;10.6028
B;Business;EUR;Euro;NOK;Norwegian krone;SP;Spot;4;false;0;Units;C;ECB concertation time 14:15 CET;2020-12-02;10.7003
B;Business;EUR;Euro;NOK;Norwegian krone;SP;Spot;4;false;0;Units;C;ECB concertation time 14:15 CET;2020-12-03;10.707
B;Business;EUR;Euro;NOK;Norwegian krone;SP;Spot;4;false;0;Units;C;ECB concertation time 14:15 CET;2020-12-04;10.6598
B;Business;EUR;Euro;NOK;Norwegian krone;SP;Spot;4;false;0;Units;C;ECB concertation time 14:15 CET;2020-12-07;10.6328
B;Business;EUR;Euro;NOK;Norwegian krone;SP;Spot;4;false;0;Units;C;ECB concertation time 14:15 CET;2020-12-08;10.6283
B;Business;EUR;Euro;NOK;Norwegian krone;SP;Spot;4;false;0;Units;C;ECB concertation time 14:15 CET;2020-12-09;10.5763
B;Business;EUR;Euro;NOK;Norwegian krone;SP;Spot;4;false;0;Units;C;ECB concertation time 14:15 CET;2020-12-10;10.7
B;Business;EUR;Euro;NOK;Norwegian krone;SP;Spot;4;false;0;Units;C;ECB concertation time 14:15 CET;2020-12-11;10.6968
B;Business;EUR;Euro;NOK;Norwegian krone;SP;Spot;4;false;0;Units;C;ECB concertation time 14:15 CET;2020-12-14;10.5833
B;Business;EUR;Euro;NOK;Norwegian krone;SP;Spot;4;false;0;Units;C;ECB concertation time 14:15 CET;2020-12-15;10.614
B;Business;EUR;Euro;NOK;Norwegian krone;SP;Spot;4;false;0;Units;C;ECB concertation time 14:15 CET;2020-12-16;10.5788
B;Business;EUR;Euro;NOK;Norwegian krone;SP;Spot;4;false;0;Units;C;ECB concertation time 14:15 CET;2020-12-17;10.5015
B;Business;EUR;Euro;NOK;Norwegian krone;SP;Spot;4;false;0;Units;C;ECB concertation time 14:15 CET;2020-12-18;10.5163
B;Business;EUR;Euro;NOK;Norwegian krone;SP;Spot;4;false;0;Units;C;ECB concertation time 14:15 CET;2020-12-21;10.6518
B;Business;EUR;Euro;NOK;Norwegian krone;SP;Spot;4;false;0;Units;C;ECB concertation time 14:15 CET;2020-12-22;10.5938
B;Business;EUR;Euro;NOK;Norwegian krone;SP;Spot;4;false;0;Units;C;ECB concertation time 14:15 CET;2020-12-23;10.6238
B;Business;EUR;Euro;NOK;Norwegian krone;SP;Spot;4;false;0;Units;C;ECB concertation time 14:15 CET;2020-12-28;10.5713
B;Business;EUR;Euro;NOK;Norwegian krone;SP;Spot;4;false;0;Units;C;ECB concertation time 14:15 CET;2020-12-29;10.55
B;Business;EUR;Euro;NOK;Norwegian krone;SP;Spot;4;false;0;Units;C;ECB concertation time 14:15 CET;2020-12-30;10.547
B;Business;EUR;Euro;NOK;Norwegian krone;SP;Spot;4;false;0;Units;C;ECB concertation time 14:15 CET;2020-12-31;10.4703
B;Business;EUR;Euro;NOK;Norwegian krone;SP;Spot;4;false;0;Units;C;ECB concertation time 14:15 CET;2021-01-04;10.444
B;Business;EUR;Euro;NOK;Norwegian krone;SP;Spot;4;false;0;Units;C;ECB concertation time 14:15 CET;2021-01-05;10.4713
B;Business;EUR;Euro;NOK;Norwegian krone;SP;Spot;4;false;0;Units;C;ECB concertation time 14:15 CET;2021-01-06;10.381
B;Business;EUR;Euro;NOK;Norwegian krone;SP;Spot;4;false;0;Units;C;ECB concertation time 14:15 CET;2021-01-07;10.3435
B;Business;EUR;Euro;NOK;Norwegian krone;SP;Spot;4;false;0;Units;C;ECB concertation time 14:15 CET;2021-01-08;10.2863
B;Business;EUR;Euro;NOK;Norwegian krone;SP;Spot;4;false;0;Units;C;ECB concertation time 14:15 CET;2021-01-11;10.368
B;Business;EUR;Euro;NOK;Norwegian krone;SP;Spot;4;false;0;Units;C;ECB concertation time 14:15 CET;2021-01-12;10.3765
B;Business;EUR;Euro;NOK;Norwegian krone;SP;Spot;4;false;0;Units;C;ECB concertation time 14:15 CET;2021-01-13;10.339
B;Business;EUR;Euro;NOK;Norwegian krone;SP;Spot;4;false;0;Units;C;ECB concertation time 14:15 CET;2021-01-14;10.3108
B;Business;EUR;Euro;NOK;Norwegian krone;SP;Spot;4;false;0;Units;C;ECB concertation time 14:15 CET;2021-01-15;10.3135
B;Business;EUR;Euro;NOK;Norwegian krone;SP;Spot;4;false;0;Units;C;ECB concertation time 14:15 CET;2021-01-18;10.3858
B;Business;EUR;Euro;NOK;Norwegian krone;SP;Spot;4;false;0;Units;C;ECB concertation time 14:15 CET;2021-01-19;10.3423
B;Business;EUR;Euro;NOK;Norwegian krone;SP;Spot;4;false;0;Units;C;ECB concertation time 14:15 CET;2021-01-20;10.323
B;Business;EUR;Euro;NOK;Norwegian krone;SP;Spot;4;false;0;Units;C;ECB concertation time 14:15 CET;2021-01-21;10.2513
B;Business;EUR;Euro;NOK;Norwegian krone;SP;Spot;4;false;0;Units;C;ECB concertation time 14:15 CET;2021-01-22;10.3308
B;Business;EUR;Euro;NOK;Norwegian krone;SP;Spot;4;false;0;Units;C;ECB concertation time 14:15 CET;2021-01-25;10.3478
B;Business;EUR;Euro;NOK;Norwegian krone;SP;Spot;4;false;0;Units;C;ECB concertation time 14:15 CET;2021-01-26;10.3873
B;Business;EUR;Euro;NOK;Norwegian krone;SP;Spot;4;false;0;Units;C;ECB concertation time 14:15 CET;2021-01-27;10.4555
B;Business;EUR;Euro;NOK;Norwegian krone;SP;Spot;4;false;0;Units;C;ECB concertation time 14:15 CET;2021-01-28;10.5205
B;Business;EUR;Euro;NOK;Norwegian krone;SP;Spot;4;false;0;Units;C;ECB concertation time 14:15 CET;2021-01-29;10.343
B;Business;EUR;Euro;NOK;Norwegian krone;SP;Spot;4;false;0;Units;C;ECB concertation time 14:15 CET;2021-02-01;10.389
B;Business;EUR;Euro;NOK;Norwegian krone;SP;Spot;4;false;0;Units;C;ECB concertation time 14:15 CET;2021-02-02;10.3463
B;Business;EUR;Euro;NOK;Norwegian krone;SP;Spot;4;false;0;Units;C;ECB concertation time 14:15 CET;2021-02-03;10.354
B;Business;EUR;Euro;NOK;Norwegian krone;SP;Spot;4;false;0;Units;C;ECB concertation time 14:15 CET;2021-02-04;10.338
B;Business;EUR;Euro;NOK;Norwegian krone;SP;Spot;4;false;0;Units;C;ECB concertation time 14:15 CET;2021-02-05;10.3068
B;Business;EUR;Euro;NOK;Norwegian krone;SP;Spot;4;false;0;Units;C;ECB concertation time 14:15 CET;2021-02-08;10.2725
B;Business;EUR;Euro;NOK;Norwegian krone;SP;Spot;4;false;0;Units;C;ECB concertation time 14:15 CET;2021-02-09;10.2588
B;Business;EUR;Euro;NOK;Norwegian krone;SP;Spot;4;false;0;Units;C;ECB concertation time 14:15 CET;2021-02-10;10.228
B;Business;EUR;Euro;NOK;Norwegian krone;SP;Spot;4;false;0;Units;C;ECB concertation time 14:15 CET;2021-02-11;10.2595
B;Business;EUR;Euro;NOK;Norwegian krone;SP;Spot;4;false;0;Units;C;ECB concertation time 14:15 CET;2021-02-12;10.285
B;Business;EUR;Euro;NOK;Norwegian krone;SP;Spot;4;false;0;Units;C;ECB concertation time 14:15 CET;2021-02-15;10.1963
B;Business;EUR;Euro;NOK;Norwegian krone;SP;Spot;4;false;0;Units;C;ECB concertation time 14:15 CET;2021-02-16;10.1938
B;Business;EUR;Euro;NOK;Norwegian krone;SP;Spot;4;false;0;Units;C;ECB concertation time 14:15 CET;2021-02-17;10.2113
B;Business;EUR;Euro;NOK;Norwegian krone;SP;Spot;4;false;0;Units;C;ECB concertation time 14:15 CET;2021-02-18;10.2178
B;Business;EUR;Euro;NOK;Norwegian krone;SP;Spot;4;false;0;Units;C;ECB concertation time 14:15 CET;2021-02-19;10.2095
B;Business;EUR;Euro;NOK;Norwegian krone;SP;Spot;4;false;0;Units;C;ECB concertation time 14:15 CET;2021-02-22;10.3185
B;Business;EUR;Euro;NOK;Norwegian krone;SP;Spot;4;false;0;Units;C;ECB concertation time 14:15 CET;2021-02-23;10.319
B;Business;EUR;Euro;NOK;Norwegian krone;SP;Spot;4;false;0;Units;C;ECB concertation time 14:15 CET;2021-02-24;10.2483
B;Business;EUR;Euro;NOK;Norwegian krone;SP;Spot;4;false;0;Units;C;ECB concertation time 14:15 CET;2021-02-25;10.2275
B;Business;EUR;Euro;NOK;Norwegian krone;SP;Spot;4;false;0;Units;C;ECB concertation time 14:15 CET;2021-02-26;10.4012
B;Business;EUR;Euro;NOK;Norwegian krone;SP;Spot;4;false;0;Units;C;ECB concertation time 14:15 CET;2021-03-01;10.36
B;Business;EUR;Euro;NOK;Norwegian krone;SP;Spot;4;false;0;Units;C;ECB concertation time 14:15 CET;2021-03-02;10.2555
B;Business;EUR;Euro;NOK;Norwegian krone;SP;Spot;4;false;0;Units;C;ECB concertation time 14:15 CET;2021-03-03;10.2451
B;Business;EUR;Euro;NOK;Norwegian krone;SP;Spot;4;false;0;Units;C;ECB concertation time 14:15 CET;2021-03-04;10.2595
B;Business;EUR;Euro;NOK;Norwegian krone;SP;Spot;4;false;0;Units;C;ECB concertation time 14:15 CET;2021-03-05;10.211
B;Business;EUR;Euro;NOK;Norwegian krone;SP;Spot;4;false;0;Units;C;ECB concertation time 14:15 CET;2021-03-08;10.1785
B;Business;EUR;Euro;NOK;Norwegian krone;SP;Spot;4;false;0;Units;C;ECB concertation time 14:15 CET;2021-03-09;10.0838
B;Business;EUR;Euro;NOK;Norwegian krone;SP;Spot;4;false;0;Units;C;ECB concertation time 14:15 CET;2021-03-10;10.0813
B;Business;EUR;Euro;NOK;Norwegian krone;SP;Spot;4;false;0;Units;C;ECB concertation time 14:15 CET;2021-03-11;10.091
B;Business;EUR;Euro;NOK;Norwegian krone;SP;Spot;4;false;0;Units;C;ECB concertation time 14:15 CET;2021-03-12;10.0863
B;Business;EUR;Euro;NOK;Norwegian krone;SP;Spot;4;false;0;Units;C;ECB concertation time 14:15 CET;2021-03-15;10.0988
B;Business;EUR;Euro;NOK;Norwegian krone;SP;Spot;4;false;0;Units;C;ECB concertation time 14:15 CET;2021-03-16;10.1028
B;Business;EUR;Euro;NOK;Norwegian krone;SP;Spot;4;false;0;Units;C;ECB concertation time 14:15 CET;2021-03-17;10.1213
B;Business;EUR;Euro;NOK;Norwegian krone;SP;Spot;4;false;0;Units;C;ECB concertation time 14:15 CET;2021-03-18;10.1058
B;Business;EUR;Euro;NOK;Norwegian krone;SP;Spot;4;false;0;Units;C;ECB concertation time 14:15 CET;2021-03-19;10.2018
B;Business;EUR;Euro;NOK;Norwegian krone;SP;Spot;4;false;0;Units;C;ECB concertation time 14:15 CET;2021-03-22;10.1393
B;Business;EUR;Euro;NOK;Norwegian krone;SP;Spot;4;false;0;Units;C;ECB concertation time 14:15 CET;2021-03-23;10.1783
B;Business;EUR;Euro;NOK;Norwegian krone;SP;Spot;4;false;0;Units;C;ECB concertation time 14:15 CET;2021-03-24;10.1563
B;Business;EUR;Euro;NOK;Norwegian krone;SP;Spot;4;false;0;Units;C;ECB concertation time 14:15 CET;2021-03-25;10.1653
B;Business;EUR;Euro;NOK;Norwegian krone;SP;Spot;4;false;0;Units;C;ECB concertation time 14:15 CET;2021-03-26;10.1258
B;Business;EUR;Euro;NOK;Norwegian krone;SP;Spot;4;false;0;Units;C;ECB concertation time 14:15 CET;2021-03-29;10.0738
B;Business;EUR;Euro;NOK;Norwegian krone;SP;Spot;4;false;0;Units;C;ECB concertation time 14:15 CET;2021-03-30;10.0613
B;Business;EUR;Euro;NOK;Norwegian krone;SP;Spot;4;false;0;Units;C;ECB concertation time 14:15 CET;2021-03-31;9.9955
B;Business;EUR;Euro;NOK;Norwegian krone;SP;Spot;4;false;0;Units;C;ECB concertation time 14:15 CET;2021-04-06;10.0768
B;Business;EUR;Euro;NOK;Norwegian krone;SP;Spot;4;false;0;Units;C;ECB concertation time 14:15 CET;2021-04-07;10.0535
B;Business;EUR;Euro;NOK;Norwegian krone;SP;Spot;4;false;0;Units;C;ECB concertation time 14:15 CET;2021-04-08;10.078
B;Business;EUR;Euro;NOK;Norwegian krone;SP;Spot;4;false;0;Units;C;ECB concertation time 14:15 CET;2021-04-09;10.113
B;Business;EUR;Euro;NOK;Norwegian krone;SP;Spot;4;false;0;Units;C;ECB concertation time 14:15 CET;2021-04-12;10.094
B;Business;EUR;Euro;NOK;Norwegian krone;SP;Spot;4;false;0;Units;C;ECB concertation time 14:15 CET;2021-04-13;10.1675
B;Business;EUR;Euro;NOK;Norwegian krone;SP;Spot;4;false;0;Units;C;ECB concertation time 14:15 CET;2021-04-14;10.0745
B;Business;EUR;Euro;NOK;Norwegian krone;SP;Spot;4;false;0;Units;C;ECB concertation time 14:15 CET;2021-04-15;10.0433
B;Business;EUR;Euro;NOK;Norwegian krone;SP;Spot;4;false;0;Units;C;ECB concertation time 14:15 CET;2021-04-16;10.018
B;Business;EUR;Euro;NOK;Norwegian krone;SP;Spot;4;false;0;Units;C;ECB concertation time 14:15 CET;2021-04-19;9.9733
B;Business;EUR;Euro;NOK;Norwegian krone;SP;Spot;4;false;0;Units;C;ECB concertation time 14:15 CET;2021-04-20;9.9965
B;Business;EUR;Euro;NOK;Norwegian krone;SP;Spot;4;false;0;Units;C;ECB concertation time 14:15 CET;2021-04-21;10.0423
B;Business;EUR;Euro;NOK;Norwegian krone;SP;Spot;4;false;0;Units;C;ECB concertation time 14:15 CET;2021-04-22;10.0475
B;Business;EUR;Euro;NOK;Norwegian krone;SP;Spot;4;false;0;Units;C;ECB concertation time 14:15 CET;2021-04-23;10.043
B;Business;EUR;Euro;NOK;Norwegian krone;SP;Spot;4;false;0;Units;C;ECB concertation time 14:15 CET;2021-04-26;10.0358
B;Business;EUR;Euro;NOK;Norwegian krone;SP;Spot;4;false;0;Units;C;ECB concertation time 14:15 CET;2021-04-27;10.0073
B;Business;EUR;Euro;NOK;Norwegian krone;SP;Spot;4;false;0;Units;C;ECB concertation time 14:15 CET;2021-04-28;9.9795
B;Business;EUR;Euro;NOK;Norwegian krone;SP;Spot;4;false;0;Units;C;ECB concertation time 14:15 CET;2021-04-29;9.9145
B;Business;EUR;Euro;NOK;Norwegian krone;SP;Spot;4;false;0;Units;C;ECB concertation time 14:15 CET;2021-04-30;9.9533
B;Business;EUR;Euro;NOK;Norwegian krone;SP;Spot;4;false;0;Units;C;ECB concertation time 14:15 CET;2021-05-03;10.016
B;Business;EUR;Euro;NOK;Norwegian krone;SP;Spot;4;false;0;Units;C;ECB concertation time 14:15 CET;2021-05-04;10.0123
B;Business;EUR;Euro;NOK;Norwegian krone;SP;Spot;4;false;0;Units;C;ECB concertation time 14:15 CET;2021-05-05;9.9848
B;Business;EUR;Euro;NOK;Norwegian krone;SP;Spot;4;false;0;Units;C;ECB concertation time 14:15 CET;2021-05-06;10.0558
B;Business;EUR;Euro;NOK;Norwegian krone;SP;Spot;4;false;0;Units;C;ECB concertation time 14:15 CET;2021-05-07;10.0125
B;Business;EUR;Euro;NOK;Norwegian krone;SP;Spot;4;false;0;Units;C;ECB concertation time 14:15 CET;2021-05-10;10.0008
B;Business;EUR;Euro;NOK;Norwegian krone;SP;Spot;4;false;0;Units;C;ECB concertation time 14:15 CET;2021-05-11;10.032
B;Business;EUR;Euro;NOK;Norwegian krone;SP;Spot;4;false;0;Units;C;ECB concertation time 14:15 CET;2021-05-12;10.0263
B;Business;EUR;Euro;NOK;Norwegian krone;SP;Spot;4;false;0;Units;C;ECB concertation time 14:15 CET;2021-05-14;10.0074
B;Business;EUR;Euro;NOK;Norwegian krone;SP;Spot;4;false;0;Units;C;ECB concertation time 14:15 CET;2021-05-18;10.0125
B;Business;EUR;Euro;NOK;Norwegian krone;SP;Spot;4;false;0;Units;C;ECB concertation time 14:15 CET;2021-05-19;10.1058
B;Business;EUR;Euro;NOK;Norwegian krone;SP;Spot;4;false;0;Units;C;ECB concertation time 14:15 CET;2021-05-20;10.1775
B;Business;EUR;Euro;NOK;Norwegian krone;SP;Spot;4;false;0;Units;C;ECB concertation time 14:15 CET;2021-05-21;10.142
B;Business;EUR;Euro;NOK;Norwegian krone;SP;Spot;4;false;0;Units;C;ECB concertation time 14:15 CET;2021-05-25;10.1965
B;Business;EUR;Euro;NOK;Norwegian krone;SP;Spot;4;false;0;Units;C;ECB concertation time 14:15 CET;2021-05-26;10.178
B;Business;EUR;Euro;NOK;Norwegian krone;SP;Spot;4;false;0;Units;C;ECB concertation time 14:15 CET;2021-05-27;10.1953
B;Business;EUR;Euro;NOK;Norwegian krone;SP;Spot;4;false;0;Units;C;ECB concertation time 14:15 CET;2021-05-28;10.179
B;Business;EUR;Euro;NOK;Norwegian krone;SP;Spot;4;false;0;Units;C;ECB concertation time 14:15 CET;2021-05-31;10.2183
B;Business;EUR;Euro;NOK;Norwegian krone;SP;Spot;4;false;0;Units;C;ECB concertation time 14:15 CET;2021-06-01;10.1113
B;Business;EUR;Euro;NOK;Norwegian krone;SP;Spot;4;false;0;Units;C;ECB concertation time 14:15 CET;2021-06-02;10.1393
B;Business;EUR;Euro;NOK;Norwegian krone;SP;Spot;4;false;0;Units;C;ECB concertation time 14:15 CET;2021-06-03;10.1501
B;Business;EUR;Euro;NOK;Norwegian krone;SP;Spot;4;false;0;Units;C;ECB concertation time 14:15 CET;2021-06-04;10.156
B;Business;EUR;Euro;NOK;Norwegian krone;SP;Spot;4;false;0;Units;C;ECB concertation time 14:15 CET;2021-06-07;10.0483
B;Business;EUR;Euro;NOK;Norwegian krone;SP;Spot;4;false;0;Units;C;ECB concertation time 14:15 CET;2021-06-08;10.048
B;Business;EUR;Euro;NOK;Norwegian krone;SP;Spot;4;false;0;Units;C;ECB concertation time 14:15 CET;2021-06-09;10.0518
B;Business;EUR;Euro;NOK;Norwegian krone;SP;Spot;4;false;0;Units;C;ECB concertation time 14:15 CET;2021-06-10;10.1118
B;Business;EUR;Euro;NOK;Norwegian krone;SP;Spot;4;false;0;Units;C;ECB concertation time 14:15 CET;2021-06-11;10.0828
B;Business;EUR;Euro;NOK;Norwegian krone;SP;Spot;4;false;0;Units;C;ECB concertation time 14:15 CET;2021-06-14;10.0828
B;Business;EUR;Euro;NOK;Norwegian krone;SP;Spot;4;false;0;Units;C;ECB concertation time 14:15 CET;2021-06-15;10.0823
B;Business;EUR;Euro;NOK;Norwegian krone;SP;Spot;4;false;0;Units;C;ECB concertation time 14:15 CET;2021-06-16;10.1208
B;Business;EUR;Euro;NOK;Norwegian krone;SP;Spot;4;false;0;Units;C;ECB concertation time 14:15 CET;2021-06-17;10.1973
B;Business;EUR;Euro;NOK;Norwegian krone;SP;Spot;4;false;0;Units;C;ECB concertation time 14:15 CET;2021-06-18;10.2868
B;Business;EUR;Euro;NOK;Norwegian krone;SP;Spot;4;false;0;Units;C;ECB concertation time 14:15 CET;2021-06-21;10.2673
B;Business;EUR;Euro;NOK;Norwegian krone;SP;Spot;4;false;0;Units;C;ECB concertation time 14:15 CET;2021-06-22;10.2198
B;Business;EUR;Euro;NOK;Norwegian krone;SP;Spot;4;false;0;Units;C;ECB concertation time 14:15 CET;2021-06-23;10.1725
B;Business;EUR;Euro;NOK;Norwegian krone;SP;Spot;4;false;0;Units;C;ECB concertation time 14:15 CET;2021-06-24;10.174
B;Business;EUR;Euro;NOK;Norwegian krone;SP;Spot;4;false;0;Units;C;ECB concertation time 14:15 CET;2021-06-25;10.136
B;Business;EUR;Euro;NOK;Norwegian krone;SP;Spot;4;false;0;Units;C;ECB concertation time 14:15 CET;2021-06-28;10.1763
B;Business;EUR;Euro;NOK;Norwegian krone;SP;Spot;4;false;0;Units;C;ECB concertation time 14:15 CET;2021-06-29;10.1893
B;Business;EUR;Euro;NOK;Norwegian krone;SP;Spot;4;false;0;Units;C;ECB concertation time 14:15 CET;2021-06-30;10.1717
B;Business;EUR;Euro;NOK;Norwegian krone;SP;Spot;4;false;0;Units;C;ECB concertation time 14:15 CET;2021-07-01;10.2105
B;Business;EUR;Euro;NOK;Norwegian krone;SP;Spot;4;false;0;Units;C;ECB concertation time 14:15 CET;2021-07-02;10.2375
B;Business;EUR;Euro;NOK;Norwegian krone;SP;Spot;4;false;0;Units;C;ECB concertation time 14:15 CET;2021-07-05;10.1778
B;Business;EUR;Euro;NOK;Norwegian krone;SP;Spot;4;false;0;Units;C;ECB concertation time 14:15 CET;2021-07-06;10.215
B;Business;EUR;Euro;NOK;Norwegian krone;SP;Spot;4;false;0;Units;C;ECB concertation time 14:15 CET;2021-07-07;10.2475
B;Business;EUR;Euro;NOK;Norwegian krone;SP;Spot;4;false;0;Units;C;ECB concertation time 14:15 CET;2021-07-08;10.4138
B;Business;EUR;Euro;NOK;Norwegian krone;SP;Spot;4;false;0;Units;C;ECB concertation time 14:15 CET;2021-07-09;10.3355
B;Business;EUR;Euro;NOK;Norwegian krone;SP;Spot;4;false;0;Units;C;ECB concertation time 14:15 CET;2021-07-12;10.328
B;Business;EUR;Euro;NOK;Norwegian krone;SP;Spot;4;false;0;Units;C;ECB concertation time 14:15 CET;2021-07-13;10.3085
B;Business;EUR;Euro;NOK;Norwegian krone;SP;Spot;4;false;0;Units;C;ECB concertation time 14:15 CET;2021-07-14;10.332
B;Business;EUR;Euro;NOK;Norwegian krone;SP;Spot;4;false;0;Units;C;ECB concertation time 14:15 CET;2021-07-15;10.3803
B;Business;EUR;Euro;NOK;Norwegian krone;SP;Spot;4;false;0;Units;C;ECB concertation time 14:15 CET;2021-07-16;10.3878
B;Business;EUR;Euro;NOK;Norwegian krone;SP;Spot;4;false;0;Units;C;ECB concertation time 14:15 CET;2021-07-19;10.538
B;Business;EUR;Euro;NOK;Norwegian krone;SP;Spot;4;false;0;Units;C;ECB concertation time 14:15 CET;2021-07-20;10.617
B;Business;EUR;Euro;NOK;Norwegian krone;SP;Spot;4;false;0;Units;C;ECB concertation time 14:15 CET;2021-07-21;10.5808
B;Business;EUR;Euro;NOK;Norwegian krone;SP;Spot;4;false;0;Units;C;ECB concertation time 14:15 CET;2021-07-22;10.3795
B;Business;EUR;Euro;NOK;Norwegian krone;SP;Spot;4;false;0;Units;C;ECB concertation time 14:15 CET;2021-07-23;10.4065
B;Business;EUR;Euro;NOK;Norwegian krone;SP;Spot;4;false;0;Units;C;ECB concertation time 14:15 CET;2021-07-26;10.427
B;Business;EUR;Euro;NOK;Norwegian krone;SP;Spot;4;false;0;Units;C;ECB concertation time 14:15 CET;2021-07-27;10.4423
B;Business;EUR;Euro;NOK;Norwegian krone;SP;Spot;4;false;0;Units;C;ECB concertation time 14:15 CET;2021-07-28;10.4828
B;Business;EUR;Euro;NOK;Norwegian krone;SP;Spot;4;false;0;Units;C;ECB concertation time 14:15 CET;2021-07-29;10.3993
B;Business;EUR;Euro;NOK;Norwegian krone;SP;Spot;4;false;0;Units;C;ECB concertation time 14:15 CET;2021-07-30;10.4405
B;Business;EUR;Euro;NOK;Norwegian krone;SP;Spot;4;false;0;Units;C;ECB concertation time 14:15 CET;2021-08-02;10.4515
B;Business;EUR;Euro;NOK;Norwegian krone;SP;Spot;4;false;0;Units;C;ECB concertation time 14:15 CET;2021-08-03;10.4343
B;Business;EUR;Euro;NOK;Norwegian krone;SP;Spot;4;false;0;Units;C;ECB concertation time 14:15 CET;2021-08-04;10.455
B;Business;EUR;Euro;NOK;Norwegian krone;SP;Spot;4;false;0;Units;C;ECB concertation time 14:15 CET;2021-08-05;10.441
B;Business;EUR;Euro;NOK;Norwegian krone;SP;Spot;4;false;0;Units;C;ECB concertation time 14:15 CET;2021-08-06;10.423
B;Business;EUR;Euro;NOK;Norwegian krone;SP;Spot;4;false;0;Units;C;ECB concertation time 14:15 CET;2021-08-09;10.4885
B;Business;EUR;Euro;NOK;Norwegian krone;SP;Spot;4;false;0;Units;C;ECB concertation time 14:15 CET;2021-08-10;10.468
B;Business;EUR;Euro;NOK;Norwegian krone;SP;Spot;4;false;0;Units;C;ECB concertation time 14:15 CET;2021-08-11;10.4548
B;Business;EUR;Euro;NOK;Norwegian krone;SP;Spot;4;false;0;Units;C;ECB concertation time 14:15 CET;2021-08-12;10.3755
B;Business;EUR;Euro;NOK;Norwegian krone;SP;Spot;4;false;0;Units;C;ECB concertation time 14:15 CET;2021-08-13;10.3753
B;Business;EUR;Euro;NOK;Norwegian krone;SP;Spot;4;false;0;Units;C;ECB concertation time 14:15 CET;2021-08-16;10.4048
B;Business;EUR;Euro;NOK;Norwegian krone;SP;Spot;4;false;0;Units;C;ECB concertation time 14:15 CET;2021-08-17;10.3983
B;Business;EUR;Euro;NOK;Norwegian krone;SP;Spot;4;false;0;Units;C;ECB concertation time 14:15 CET;2021-08-18;10.422
B;Business;EUR;Euro;NOK;Norwegian krone;SP;Spot;4;false;0;Units;C;ECB concertation time 14:15 CET;2021-08-19;10.545
B;Business;EUR;Euro;NOK;Norwegian krone;SP;Spot;4;false;0;Units;C;ECB concertation time 14:15 CET;2021-08-20;10.6
B;Business;EUR;Euro;NOK;Norwegian krone;SP;Spot;4;false;0;Units;C;ECB concertation time 14:15 CET;2021-08-23;10.487
B;Business;EUR;Euro;NOK;Norwegian krone;SP;Spot;4;false;0;Units;C;ECB concertation time 14:15 CET;2021-08-24;10.4003
B;Business;EUR;Euro;NOK;Norwegian krone;SP;Spot;4;false;0;Units;C;ECB concertation time 14:15 CET;2021-08-25;10.3863
B;Business;EUR;Euro;NOK;Norwegian krone;SP;Spot;4;false;0;Units;C;ECB concertation time 14:15 CET;2021-08-26;10.3615
B;Business;EUR;Euro;NOK;Norwegian krone;SP;Spot;4;false;0;Units;C;ECB concertation time 14:15 CET;2021-08-27;10.3575
B;Business;EUR;Euro;NOK;Norwegian krone;SP;Spot;4;false;0;Units;C;ECB concertation time 14:15 CET;2021-08-30;10.2395
B;Business;EUR;Euro;NOK;Norwegian krone;SP;Spot;4;false;0;Units;C;ECB concertation time 14:15 CET;2021-08-31;10.26
B;Business;EUR;Euro;NOK;Norwegian krone;SP;Spot;4;false;0;Units;C;ECB concertation time 14:15 CET;2021-09-01;10.2633
B;Business;EUR;Euro;NOK;Norwegian krone;SP;Spot;4;false;0;Units;C;ECB concertation time 14:15 CET;2021-09-02;10.2938
B;Business;EUR;Euro;NOK;Norwegian krone;SP;Spot;4;false;0;Units;C;ECB concertation time 14:15 CET;2021-09-03;10.2738
B;Business;EUR;Euro;NOK;Norwegian krone;SP;Spot;4;false;0;Units;C;ECB concertation time 14:15 CET;2021-09-06;10.2728
B;Business;EUR;Euro;NOK;Norwegian krone;SP;Spot;4;false;0;Units;C;ECB concertation time 14:15 CET;2021-09-07;10.299
B;Business;EUR;Euro;NOK;Norwegian krone;SP;Spot;4;false;0;Units;C;ECB concertation time 14:15 CET;2021-09-08;10.265
B;Business;EUR;Euro;NOK;Norwegian krone;SP;Spot;4;false;0;Units;C;ECB concertation time 14:15 CET;2021-09-09;10.2648
B;Business;EUR;Euro;NOK;Norwegian krone;SP;Spot;4;false;0;Units;C;ECB concertation time 14:15 CET;2021-09-10;10.2028
B;Business;EUR;Euro;NOK;Norwegian krone;SP;Spot;4;false;0;Units;C;ECB concertation time 14:15 CET;2021-09-13;10.1885
B;Business;EUR;Euro;NOK;Norwegian krone;SP;Spot;4;false;0;Units;C;ECB concertation time 14:15 CET;2021-09-14;10.1745
B;Business;EUR;Euro;NOK;Norwegian krone;SP;Spot;4;false;0;Units;C;ECB concertation time 14:15 CET;2021-09-15;10.1418
B;Business;EUR;Euro;NOK;Norwegian krone;SP;Spot;4;false;0;Units;C;ECB concertation time 14:15 CET;2021-09-16;10.1293
B;Business;EUR;Euro;NOK;Norwegian krone;SP;Spot;4;false;0;Units;C;ECB concertation time 14:15 CET;2021-09-17;10.1208
B;Business;EUR;Euro;NOK;Norwegian krone;SP;Spot;4;false;0;Units;C;ECB concertation time 14:15 CET;2021-09-20;10.243
B;Business;EUR;Euro;NOK;Norwegian krone;SP;Spot;4;false;0;Units;C;ECB concertation time 14:15 CET;2021-09-21;10.1828
B;Business;EUR;Euro;NOK;Norwegian krone;SP;Spot;4;false;0;Units;C;ECB concertation time 14:15 CET;2021-09-22;10.1268
B;Business;EUR;Euro;NOK;Norwegian krone;SP;Spot;4;false;0;Units;C;ECB concertation time 14:15 CET;2021-09-23;10.086
B;Business;EUR;Euro;NOK;Norwegian krone;SP;Spot;4;false;0;Units;C;ECB concertation time 14:15 CET;2021-09-24;10.089
B;Business;EUR;Euro;NOK;Norwegian krone;SP;Spot;4;false;0;Units;C;ECB concertation time 14:15 CET;2021-09-27;10.0655
B;Business;EUR;Euro;NOK;Norwegian krone;SP;Spot;4;false;0;Units;C;ECB concertation time 14:15 CET;2021-09-28;10.102
B;Business;EUR;Euro;NOK;Norwegian krone;SP;Spot;4;false;0;Units;C;ECB concertation time 14:15 CET;2021-09-29;10.143
B;Business;EUR;Euro;NOK;Norwegian krone;SP;Spot;4;false;0;Units;C;ECB concertation time 14:15 CET;2021-09-30;10.165
B;Business;EUR;Euro;NOK;Norwegian krone;SP;Spot;4;false;0;Units;C;ECB concertation time 14:15 CET;2021-10-01;10.0204
B;Business;EUR;Euro;NOK;Norwegian krone;SP;Spot;4;false;0;Units;C;ECB concertation time 14:15 CET;2021-10-04;9.977
B;Business;EUR;Euro;NOK;Norwegian krone;SP;Spot;4;false;0;Units;C;ECB concertation time 14:15 CET;2021-10-05;9.9155
B;Business;EUR;Euro;NOK;Norwegian krone;SP;Spot;4;false;0;Units;C;ECB concertation time 14:15 CET;2021-10-06;9.923
B;Business;EUR;Euro;NOK;Norwegian krone;SP;Spot;4;false;0;Units;C;ECB concertation time 14:15 CET;2021-10-07;9.9388
B;Business;EUR;Euro;NOK;Norwegian krone;SP;Spot;4;false;0;Units;C;ECB concertation time 14:15 CET;2021-10-08;9.8855
B;Business;EUR;Euro;NOK;Norwegian krone;SP;Spot;4;false;0;Units;C;ECB concertation time 14:15 CET;2021-10-11;9.888
B;Business;EUR;Euro;NOK;Norwegian krone;SP;Spot;4;false;0;Units;C;ECB concertation time 14:15 CET;2021-10-12;9.8608
B;Business;EUR;Euro;NOK;Norwegian krone;SP;Spot;4;false;0;Units;C;ECB concertation time 14:15 CET;2021-10-13;9.8555
B;Business;EUR;Euro;NOK;Norwegian krone;SP;Spot;4;false;0;Units;C;ECB concertation time 14:15 CET;2021-10-14;9.7928
B;Business;EUR;Euro;NOK;Norwegian krone;SP;Spot;4;false;0;Units;C;ECB concertation time 14:15 CET;2021-10-15;9.7625
B;Business;EUR;Euro;NOK;Norwegian krone;SP;Spot;4;false;0;Units;C;ECB concertation time 14:15 CET;2021-10-18;9.7643
B;Business;EUR;Euro;NOK;Norwegian krone;SP;Spot;4;false;0;Units;C;ECB concertation time 14:15 CET;2021-10-19;9.734
B;Business;EUR;Euro;NOK;Norwegian krone;SP;Spot;4;false;0;Units;C;ECB concertation time 14:15 CET;2021-10-20;9.7435
B;Business;EUR;Euro;NOK;Norwegian krone;SP;Spot;4;false;0;Units;C;ECB concertation time 14:15 CET;2021-10-21;9.7065
B;Business;EUR;Euro;NOK;Norwegian krone;SP;Spot;4;false;0;Units;C;ECB concertation time 14:15 CET;2021-10-22;9.7075
B;Business;EUR;Euro;NOK;Norwegian krone;SP;Spot;4;false;0;Units;C;ECB concertation time 14:15 CET;2021-10-25;9.7098
B;Business;EUR;Euro;NOK;Norwegian krone;SP;Spot;4;false;0;Units;C;ECB concertation time 14:15 CET;2021-10-26;9.6828
B;Business;EUR;Euro;NOK;Norwegian krone;SP;Spot;4;false;0;Units;C;ECB concertation time 14:15 CET;2021-10-27;9.7368
B;Business;EUR;Euro;NOK;Norwegian krone;SP;Spot;4;false;0;Units;C;ECB concertation time 14:15 CET;2021-10-28;9.7468
B;Business;EUR;Euro;NOK;Norwegian krone;SP;Spot;4;false;0;Units;C;ECB concertation time 14:15 CET;2021-10-29;9.7495
B;Business;EUR;Euro;NOK;Norwegian krone;SP;Spot;4;false;0;Units;C;ECB concertation time 14:15 CET;2021-11-01;9.7368
B;Business;EUR;Euro;NOK;Norwegian krone;SP;Spot;4;false;0;Units;C;ECB concertation time 14:15 CET;2021-11-02;9.792
B;Business;EUR;Euro;NOK;Norwegian krone;SP;Spot;4;false;0;Units;C;ECB concertation time 14:15 CET;2021-11-03;9.861
B;Business;EUR;Euro;NOK;Norwegian krone;SP;Spot;4;false;0;Units;C;ECB concertation time 14:15 CET;2021-11-04;9.859
B;Business;EUR;Euro;NOK;Norwegian krone;SP;Spot;4;false;0;Units;C;ECB concertation time 14:15 CET;2021-11-05;9.8878
B;Business;EUR;Euro;NOK;Norwegian krone;SP;Spot;4;false;0;Units;C;ECB concertation time 14:15 CET;2021-11-08;9.8745
B;Business;EUR;Euro;NOK;Norwegian krone;SP;Spot;4;false;0;Units;C;ECB concertation time 14:15 CET;2021-11-09;9.8555
B;Business;EUR;Euro;NOK;Norwegian krone;SP;Spot;4;false;0;Units;C;ECB concertation time 14:15 CET;2021-11-10;9.8848
B;Business;EUR;Euro;NOK;Norwegian krone;SP;Spot;4;false;0;Units;C;ECB concertation time 14:15 CET;2021-11-11;9.9695
B;Business;EUR;Euro;NOK;Norwegian krone;SP;Spot;4;false;0;Units;C;ECB concertation time 14:15 CET;2021-11-12;9.9508
B;Business;EUR;Euro;NOK;Norwegian krone;SP;Spot;4;false;0;Units;C;ECB concertation time 14:15 CET;2021-11-15;9.9173
B;Business;EUR;Euro;NOK;Norwegian krone;SP;Spot;4;false;0;Units;C;ECB concertation time 14:15 CET;2021-11-16;9.8863
B;Business;EUR;Euro;NOK;Norwegian krone;SP;Spot;4;false;0;Units;C;ECB concertation time 14:15 CET;2021-11-17;9.8895
B;Business;EUR;Euro;NOK;Norwegian krone;SP;Spot;4;false;0;Units;C;ECB concertation time 14:15 CET;2021-11-18;9.9523
B;Business;EUR;Euro;NOK;Norwegian krone;SP;Spot;4;false;0;Units;C;ECB concertation time 14:15 CET;2021-11-19;10.0483
B;Business;EUR;Euro;NOK;Norwegian krone;SP;Spot;4;false;0;Units;C;ECB concertation time 14:15 CET;2021-11-22;10.0715
B;Business;EUR;Euro;NOK;Norwegian krone;SP;Spot;4;false;0;Units;C;ECB concertation time 14:15 CET;2021-11-23;10.071
B;Business;EUR;Euro;NOK;Norwegian krone;SP;Spot;4;false;0;Units;C;ECB concertation time 14:15 CET;2021-11-24;10.026
B;Business;EUR;Euro;NOK;Norwegian krone;SP;Spot;4;false;0;Units;C;ECB concertation time 14:15 CET;2021-11-25;10.0655
B;Business;EUR;Euro;NOK;Norwegian krone;SP;Spot;4;false;0;Units;C;ECB concertation time 14:15 CET;2021-11-26;10.1613
B;Business;EUR;Euro;NOK;Norwegian krone;SP;Spot;4;false;0;Units;C;ECB concertation time 14:15 CET;2021-11-29;10.214
B;Business;EUR;Euro;NOK;Norwegian krone;SP;Spot;4;false;0;Units;C;ECB concertation time 14:15 CET;2021-11-30;10.2795
B;Business;EUR;Euro;NOK;Norwegian krone;SP;Spot;4;false;0;Units;C;ECB concertation time 14:15 CET;2021-12-01;10.2195
B;Business;EUR;Euro;NOK;Norwegian krone;SP;Spot;4;false;0;Units;C;ECB concertation time 14:15 CET;2021-12-02;10.2962
B;Business;EUR;Euro;NOK;Norwegian krone;SP;Spot;4;false;0;Units;C;ECB concertation time 14:15 CET;2021-12-03;10.2875
B;Business;EUR;Euro;NOK;Norwegian krone;SP;Spot;4;false;0;Units;C;ECB concertation time 14:15 CET;2021-12-06;10.2943
B;Business;EUR;Euro;NOK;Norwegian krone;SP;Spot;4;false;0;Units;C;ECB concertation time 14:15 CET;2021-12-07;10.19
B;Business;EUR;Euro;NOK;Norwegian krone;SP;Spot;4;false;0;Units;C;ECB concertation time 14:15 CET;2021-12-08;10.096
B;Business;EUR;Euro;NOK;Norwegian krone;SP;Spot;4;false;0;Units;C;ECB concertation time 14:15 CET;2021-12-09;10.155
B;Business;EUR;Euro;NOK;Norwegian krone;SP;Spot;4;false;0;Units;C;ECB concertation time 14:15 CET;2021-12-10;10.1335
B;Business;EUR;Euro;NOK;Norwegian krone;SP;Spot;4;false;0;Units;C;ECB concertation time 14:15 CET;2021-12-13;10.1598
B;Business;EUR;Euro;NOK;Norwegian krone;SP;Spot;4;false;0;Units;C;ECB concertation time 14:15 CET;2021-12-14;10.2475
B;Business;EUR;Euro;NOK;Norwegian krone;SP;Spot;4;false;0;Units;C;ECB concertation time 14:15 CET;2021-12-15;10.2278
B;Business;EUR;Euro;NOK;Norwegian krone;SP;Spot;4;false;0;Units;C;ECB concertation time 14:15 CET;2021-12-16;10.1458
B;Business;EUR;Euro;NOK;Norwegian krone;SP;Spot;4;false;0;Units;C;ECB concertation time 14:15 CET;2021-12-17;10.1783
B;Business;EUR;Euro;NOK;Norwegian krone;SP;Spot;4;false;0;Units;C;ECB concertation time 14:15 CET;2021-12-20;10.1915
B;Business;EUR;Euro;NOK;Norwegian krone;SP;Spot;4;false;0;Units;C;ECB concertation time 14:15 CET;2021-12-21;10.1488
B;Business;EUR;Euro;NOK;Norwegian krone;SP;Spot;4;false;0;Units;C;ECB concertation time 14:15 CET;2021-12-22;10.0613
B;Business;EUR;Euro;NOK;Norwegian krone;SP;Spot;4;false;0;Units;C;ECB concertation time 14:15 CET;2021-12-23;10.0113
B;Business;EUR;Euro;NOK;Norwegian krone;SP;Spot;4;false;0;Units;C;ECB concertation time 14:15 CET;2021-12-27;10.0405
B;Business;EUR;Euro;NOK;Norwegian krone;SP;Spot;4;false;0;Units;C;ECB concertation time 14:15 CET;2021-12-28;9.9728
B;Business;EUR;Euro;NOK;Norwegian krone;SP;Spot;4;false;0;Units;C;ECB concertation time 14:15 CET;2021-12-29;9.9883
B;Business;EUR;Euro;NOK;Norwegian krone;SP;Spot;4;false;0;Units;C;ECB concertation time 14:15 CET;2021-12-30;9.9703
B;Business;EUR;Euro;NOK;Norwegian krone;SP;Spot;4;false;0;Units;C;ECB concertation time 14:15 CET;2021-12-31;9.9888
B;Business;EUR;Euro;NOK;Norwegian krone;SP;Spot;4;false;0;Units;C;ECB concertation time 14:15 CET;2022-01-03;10.0013
B;Business;EUR;Euro;NOK;Norwegian krone;SP;Spot;4;false;0;Units;C;ECB concertation time 14:15 CET;2022-01-04;10.0138
B;Business;EUR;Euro;NOK;Norwegian krone;SP;Spot;4;false;0;Units;C;ECB concertation time 14:15 CET;2022-01-05;9.9672
B;Business;EUR;Euro;NOK;Norwegian krone;SP;Spot;4;false;0;Units;C;ECB concertation time 14:15 CET;2022-01-06;10.035
B;Business;EUR;Euro;NOK;Norwegian krone;SP;Spot;4;false;0;Units;C;ECB concertation time 14:15 CET;2022-01-07;10.0288
B;Business;EUR;Euro;NOK;Norwegian krone;SP;Spot;4;false;0;Units;C;ECB concertation time 14:15 CET;2022-01-10;10.0253
B;Business;EUR;Euro;NOK;Norwegian krone;SP;Spot;4;false;0;Units;C;ECB concertation time 14:15 CET;2022-01-11;10.0165
B;Business;EUR;Euro;NOK;Norwegian krone;SP;Spot;4;false;0;Units;C;ECB concertation time 14:15 CET;2022-01-12;9.927
B;Business;EUR;Euro;NOK;Norwegian krone;SP;Spot;4;false;0;Units;C;ECB concertation time 14:15 CET;2022-01-13;9.9333
B;Business;EUR;Euro;NOK;Norwegian krone;SP;Spot;4;false;0;Units;C;ECB concertation time 14:15 CET;2022-01-14;9.9863
B;Business;EUR;Euro;NOK;Norwegian krone;SP;Spot;4;false;0;Units;C;ECB concertation time 14:15 CET;2022-01-17;9.9623
B;Business;EUR;Euro;NOK;Norwegian krone;SP;Spot;4;false;0;Units;C;ECB concertation time 14:15 CET;2022-01-18;9.9638
B;Business;EUR;Euro;NOK;Norwegian krone;SP;Spot;4;false;0;Units;C;ECB concertation time 14:15 CET;2022-01-19;9.9368
B;Business;EUR;Euro;NOK;Norwegian krone;SP;Spot;4;false;0;Units;C;ECB concertation time 14:15 CET;2022-01-20;9.9578
B;Business;EUR;Euro;NOK;Norwegian krone;SP;Spot;4;false;0;Units;C;ECB concertation time 14:15 CET;2022-01-21;10.0523
B;Business;EUR;Euro;NOK;Norwegian krone;SP;Spot;4;false;0;Units;C;ECB concertation time 14:15 CET;2022-01-24;10.1638
B;Business;EUR;Euro;NOK;Norwegian krone;SP;Spot;4;false;0;Units;C;ECB concertation time 14:15 CET;2022-01-25;10.1385
B;Business;EUR;Euro;NOK;Norwegian krone;SP;Spot;4;false;0;Units;C;ECB concertation time 14:15 CET;2022-01-26;10.0115
B;Business;EUR;Euro;NOK;Norwegian krone;SP;Spot;4;false;0;Units;C;ECB concertation time 14:15 CET;2022-01-27;9.9903
B;Business;EUR;Euro;NOK;Norwegian krone;SP;Spot;4;false;0;Units;C;ECB concertation time 14:15 CET;2022-01-28;10.026
B;Business;EUR;Euro;NOK;Norwegian krone;SP;Spot;4;false;0;Units;C;ECB concertation time 14:15 CET;2022-01-31;10.0085
B;Business;EUR;Euro;NOK;Norwegian krone;SP;Spot;4;false;0;Units;C;ECB concertation time 14:15 CET;2022-02-01;9.9638
B;Business;EUR;Euro;NOK;Norwegian krone;SP;Spot;4;false;0;Units;C;ECB concertation time 14:15 CET;2022-02-02;9.9228
B;Business;EUR;Euro;NOK;Norwegian krone;SP;Spot;4;false;0;Units;C;ECB concertation time 14:15 CET;2022-02-03;9.9545
B;Business;EUR;Euro;NOK;Norwegian krone;SP;Spot;4;false;0;Units;C;ECB concertation time 14:15 CET;2022-02-04;10.0483
B;Business;EUR;Euro;NOK;Norwegian krone;SP;Spot;4;false;0;Units;C;ECB concertation time 14:15 CET;2022-02-07;10.0658
B;Business;EUR;Euro;NOK;Norwegian krone;SP;Spot;4;false;0;Units;C;ECB concertation time 14:15 CET;2022-02-08;10.0758
B;Business;EUR;Euro;NOK;Norwegian krone;SP;Spot;4;false;0;Units;C;ECB concertation time 14:15 CET;2022-02-09;10.0585
B;Business;EUR;Euro;NOK;Norwegian krone;SP;Spot;4;false;0;Units;C;ECB concertation time 14:15 CET;2022-02-10;10.0693
B;Business;EUR;Euro;NOK;Norwegian krone;SP;Spot;4;false;0;Units;C;ECB concertation time 14:15 CET;2022-02-11;10.0732
B;Business;EUR;Euro;NOK;Norwegian krone;SP;Spot;4;false;0;Units;C;ECB concertation time 14:15 CET;2022-02-14;10.0693
B;Business;EUR;Euro;NOK;Norwegian krone;SP;Spot;4;false;0;Units;C;ECB concertation time 14:15 CET;2022-02-15;10.0893
B;Business;EUR;Euro;NOK;Norwegian krone;SP;Spot;4;false;0;Units;C;ECB concertation time 14:15 CET;2022-02-16;10.1095
B;Business;EUR;Euro;NOK;Norwegian krone;SP;Spot;4;false;0;Units;C;ECB concertation time 14:15 CET;2022-02-17;10.1225
B;Business;EUR;Euro;NOK;Norwegian krone;SP;Spot;4;false;0;Units;C;ECB concertation time 14:15 CET;2022-02-18;10.1465
B;Business;EUR;Euro;NOK;Norwegian krone;SP;Spot;4;false;0;Units;C;ECB concertation time 14:15 CET;2022-02-21;10.1738
B;Business;EUR;Euro;NOK;Norwegian krone;SP;Spot;4;false;0;Units;C;ECB concertation time 14:15 CET;2022-02-22;10.1018
B;Business;EUR;Euro;NOK;Norwegian krone;SP;Spot;4;false;0;Units;C;ECB concertation time 14:15 CET;2022-02-23;10.0335
B;Business;EUR;Euro;NOK;Norwegian krone;SP;Spot;4;false;0;Units;C;ECB concertation time 14:15 CET;2022-02-24;10.0878
B;Business;EUR;Euro;NOK;Norwegian krone;SP;Spot;4;false;0;Units;C;ECB concertation time 14:15 CET;2022-02-25;9.9756
B;Business;EUR;Euro;NOK;Norwegian krone;SP;Spot;4;false;0;Units;C;ECB concertation time 14:15 CET;2022-02-28;9.9465
B;Business;EUR;Euro;NOK;Norwegian krone;SP;Spot;4;false;0;Units;C;ECB concertation time 14:15 CET;2022-03-01;9.8598
B;Business;EUR;Euro;NOK;Norwegian krone;SP;Spot;4;false;0;Units;C;ECB concertation time 14:15 CET;2022-03-02;9.8826
B;Business;EUR;Euro;NOK;Norwegian krone;SP;Spot;4;false;0;Units;C;ECB concertation time 14:15 CET;2022-03-03;9.8418
B;Business;EUR;Euro;NOK;Norwegian krone;SP;Spot;4;false;0;Units;C;ECB concertation time 14:15 CET;2022-03-04;9.8358
B;Business;EUR;Euro;NOK;Norwegian krone;SP;Spot;4;false;0;Units;C;ECB concertation time 14:15 CET;2022-03-07;9.8325
B;Business;EUR;Euro;NOK;Norwegian krone;SP;Spot;4;false;0;Units;C;ECB concertation time 14:15 CET;2022-03-08;9.7925
B;Business;EUR;Euro;NOK;Norwegian krone;SP;Spot;4;false;0;Units;C;ECB concertation time 14:15 CET;2022-03-09;9.798
B;Business;EUR;Euro;NOK;Norwegian krone;SP;Spot;4;false;0;Units;C;ECB concertation time 14:15 CET;2022-03-10;9.919
B;Business;EUR;Euro;NOK;Norwegian krone;SP;Spot;4;false;0;Units;C;ECB concertation time 14:15 CET;2022-03-11;9.8033
B;Business;EUR;Euro;NOK;Norwegian krone;SP;Spot;4;false;0;Units;C;ECB concertation time 14:15 CET;2022-03-14;9.8588
B;Business;EUR;Euro;NOK;Norwegian krone;SP;Spot;4;false;0;Units;C;ECB concertation time 14:15 CET;2022-03-15;9.849
B;Business;EUR;Euro;NOK;Norwegian krone;SP;Spot;4;false;0;Units;C;ECB concertation time 14:15 CET;2022-03-16;9.7988
B;Business;EUR;Euro;NOK;Norwegian krone;SP;Spot;4;false;0;Units;C;ECB concertation time 14:15 CET;2022-03-17;9.78
B;Business;EUR;Euro;NOK;Norwegian krone;SP;Spot;4;false;0;Units;C;ECB concertation time 14:15 CET;2022-03-18;9.694
B;Business;EUR;Euro;NOK;Norwegian krone;SP;Spot;4;false;0;Units;C;ECB concertation time 14:15 CET;2022-03-21;9.6575
B;Business;EUR;Euro;NOK;Norwegian krone;SP;Spot;4;false;0;Units;C;ECB concertation time 14:15 CET;2022-03-22;9.6233
B;Business;EUR;Euro;NOK;Norwegian krone;SP;Spot;4;false;0;Units;C;ECB concertation time 14:15 CET;2022-03-23;9.6425
B;Business;EUR;Euro;NOK;Norwegian krone;SP;Spot;4;false;0;Units;C;ECB concertation time 14:15 CET;2022-03-24;9.4923
B;Business;EUR;Euro;NOK;Norwegian krone;SP;Spot;4;false;0;Units;C;ECB concertation time 14:15 CET;2022-03-25;9.5205
B;Business;EUR;Euro;NOK;Norwegian krone;SP;Spot;4;false;0;Units;C;ECB concertation time 14:15 CET;2022-03-28;9.5123
B;Business;EUR;Euro;NOK;Norwegian krone;SP;Spot;4;false;0;Units;C;ECB concertation time 14:15 CET;2022-03-29;9.5995
B;Business;EUR;Euro;NOK;Norwegian krone;SP;Spot;4;false;0;Units;C;ECB concertation time 14:15 CET;2022-03-30;9.6398
B;Business;EUR;Euro;NOK;Norwegian krone;SP;Spot;4;false;0;Units;C;ECB concertation time 14:15 CET;2022-03-31;9.711
B;Business;EUR;Euro;NOK;Norwegian krone;SP;Spot;4;false;0;Units;C;ECB concertation time 14:15 CET;2022-04-01;9.6628
B;Business;EUR;Euro;NOK;Norwegian krone;SP;Spot;4;false;0;Units;C;ECB concertation time 14:15 CET;2022-04-04;9.5489
B;Business;EUR;Euro;NOK;Norwegian krone;SP;Spot;4;false;0;Units;C;ECB concertation time 14:15 CET;2022-04-05;9.5398
B;Business;EUR;Euro;NOK;Norwegian krone;SP;Spot;4;false;0;Units;C;ECB concertation time 14:15 CET;2022-04-06;9.5523
B;Business;EUR;Euro;NOK;Norwegian krone;SP;Spot;4;false;0;Units;C;ECB concertation time 14:15 CET;2022-04-07;9.5595
B;Business;EUR;Euro;NOK;Norwegian krone;SP;Spot;4;false;0;Units;C;ECB concertation time 14:15 CET;2022-04-08;9.508
B;Business;EUR;Euro;NOK;Norwegian krone;SP;Spot;4;false;0;Units;C;ECB concertation time 14:15 CET;2022-04-11;9.5478
B;Business;EUR;Euro;NOK;Norwegian krone;SP;Spot;4;false;0;Units;C;ECB concertation time 14:15 CET;2022-04-12;9.5395
B;Business;EUR;Euro;NOK;Norwegian krone;SP;Spot;4;false;0;Units;C;ECB concertation time 14:15 CET;2022-04-13;9.5693
B;Business;EUR;Euro;NOK;Norwegian krone;SP;Spot;4;false;0;Units;C;ECB concertation time 14:15 CET;2022-04-19;9.5228
B;Business;EUR;Euro;NOK;Norwegian krone;SP;Spot;4;false;0;Units;C;ECB concertation time 14:15 CET;2022-04-20;9.5443
B;Business;EUR;Euro;NOK;Norwegian krone;SP;Spot;4;false;0;Units;C;ECB concertation time 14:15 CET;2022-04-21;9.5788
B;Business;EUR;Euro;NOK;Norwegian krone;SP;Spot;4;false;0;Units;C;ECB concertation time 14:15 CET;2022-04-22;9.6255
B;Business;EUR;Euro;NOK;Norwegian krone;SP;Spot;4;false;0;Units;C;ECB concertation time 14:15 CET;2022-04-25;9.7018
B;Business;EUR;Euro;NOK;Norwegian krone;SP;Spot;4;false;0;Units;C;ECB concertation time 14:15 CET;2022-04-26;9.7943
B;Business;EUR;Euro;NOK;Norwegian krone;SP;Spot;4;false;0;Units;C;ECB concertation time 14:15 CET;2022-04-27;9.7838
B;Business;EUR;Euro;NOK;Norwegian krone;SP;Spot;4;false;0;Units;C;ECB concertation time 14:15 CET;2022-04-28;9.899
B;Business;EUR;Euro;NOK;Norwegian krone;SP;Spot;4;false;0;Units;C;ECB concertation time 14:15 CET;2022-04-29;9.7525
B;Business;EUR;Euro;NOK;Norwegian krone;SP;Spot;4;false;0;Units;C;ECB concertation time 14:15 CET;2022-05-02;9.9248
B;Business;EUR;Euro;NOK;Norwegian krone;SP;Spot;4;false;0;Units;C;ECB concertation time 14:15 CET;2022-05-03;9.909
B;Business;EUR;Euro;NOK;Norwegian krone;SP;Spot;4;false;0;Units;C;ECB concertation time 14:15 CET;2022-05-04;9.9042
B;Business;EUR;Euro;NOK;Norwegian krone;SP;Spot;4;false;0;Units;C;ECB concertation time 14:15 CET;2022-05-05;9.8463
B;Business;EUR;Euro;NOK;Norwegian krone;SP;Spot;4;false;0;Units;C;ECB concertation time 14:15 CET;2022-05-06;9.9808
B;Business;EUR;Euro;NOK;Norwegian krone;SP;Spot;4;false;0;Units;C;ECB concertation time 14:15 CET;2022-05-09;10.0583
B;Business;EUR;Euro;NOK;Norwegian krone;SP;Spot;4;false;0;Units;C;ECB concertation time 14:15 CET;2022-05-10;10.2315
B;Business;EUR;Euro;NOK;Norwegian krone;SP;Spot;4;false;0;Units;C;ECB concertation time 14:15 CET;2022-05-11;10.1793
B;Business;EUR;Euro;NOK;Norwegian krone;SP;Spot;4;false;0;Units;C;ECB concertation time 14:15 CET;2022-05-12;10.2898
B;Business;EUR;Euro;NOK;Norwegian krone;SP;Spot;4;false;0;Units;C;ECB concertation time 14:15 CET;2022-05-13;10.2043
B;Business;EUR;Euro;NOK;Norwegian krone;SP;Spot;4;false;0;Units;C;ECB concertation time 14:15 CET;2022-05-16;10.2188
B;Business;EUR;Euro;NOK;Norwegian krone;SP;Spot;4;false;0;Units;C;ECB concertation time 14:15 CET;2022-05-18;10.2125
B;Business;EUR;Euro;NOK;Norwegian krone;SP;Spot;4;false;0;Units;C;ECB concertation time 14:15 CET;2022-05-19;10.3102
B;Business;EUR;Euro;NOK;Norwegian krone;SP;Spot;4;false;0;Units;C;ECB concertation time 14:15 CET;2022-05-20;10.262
B;Business;EUR;Euro;NOK;Norwegian krone;SP;Spot;4;false;0;Units;C;ECB concertation time 14:15 CET;2022-05-23;10.252
B;Business;EUR;Euro;NOK;Norwegian krone;SP;Spot;4;false;0;Units;C;ECB concertation time 14:15 CET;2022-05-24;10.289
B;Business;EUR;Euro;NOK;Norwegian krone;SP;Spot;4;false;0;Units;C;ECB concertation time 14:15 CET;2022-05-25;10.2704
B;Business;EUR;Euro;NOK;Norwegian krone;SP;Spot;4;false;0;Units;C;ECB concertation time 14:15 CET;2022-05-27;10.179
B;Business;EUR;Euro;NOK;Norwegian krone;SP;Spot;4;false;0;Units;C;ECB concertation time 14:15 CET;2022-05-30;10.1256
B;Business;EUR;Euro;NOK;Norwegian krone;SP;Spot;4;false;0;Units;C;ECB concertation time 14:15 CET;2022-05-31;10.0983
B;Business;EUR;Euro;NOK;Norwegian krone;SP;Spot;4;false;0;Units;C;ECB concertation time 14:15 CET;2022-06-01;10.0438
B;Business;EUR;Euro;NOK;Norwegian krone;SP;Spot;4;false;0;Units;C;ECB concertation time 14:15 CET;2022-06-02;10.0845
B;Business;EUR;Euro;NOK;Norwegian krone;SP;Spot;4;false;0;Units;C;ECB concertation time 14:15 CET;2022-06-03;10.103
B;Business;EUR;Euro;NOK;Norwegian krone;SP;Spot;4;false;0;Units;C;ECB concertation time 14:15 CET;2022-06-07;10.1843
B;Business;EUR;Euro;NOK;Norwegian krone;SP;Spot;4;false;0;Units;C;ECB concertation time 14:15 CET;2022-06-08;10.1395
B;Business;EUR;Euro;NOK;Norwegian krone;SP;Spot;4;false;0;Units;C;ECB concertation time 14:15 CET;2022-06-09;10.1818
B;Business;EUR;Euro;NOK;Norwegian krone;SP;Spot;4;false;0;Units;C;ECB concertation time 14:15 CET;2022-06-10;10.1495
B;Business;EUR;Euro;NOK;Norwegian krone;SP;Spot;4;false;0;Units;C;ECB concertation time 14:15 CET;2022-06-13;10.3222
B;Business;EUR;Euro;NOK;Norwegian krone;SP;Spot;4;false;0;Units;C;ECB concertation time 14:15 CET;2022-06-14;10.3945
B;Business;EUR;Euro;NOK;Norwegian krone;SP;Spot;4;false;0;Units;C;ECB concertation time 14:15 CET;2022-06-15;10.3868
B;Business;EUR;Euro;NOK;Norwegian krone;SP;Spot;4;false;0;Units;C;ECB concertation time 14:15 CET;2022-06-16;10.4588
B;Business;EUR;Euro;NOK;Norwegian krone;SP;Spot;4;false;0;Units;C;ECB concertation time 14:15 CET;2022-06-17;10.4525
B;Business;EUR;Euro;NOK;Norwegian krone;SP;Spot;4;false;0;Units;C;ECB concertation time 14:15 CET;2022-06-20;10.4085
B;Business;EUR;Euro;NOK;Norwegian krone;SP;Spot;4;false;0;Units;C;ECB concertation time 14:15 CET;2022-06-21;10.3283
B;Business;EUR;Euro;NOK;Norwegian krone;SP;Spot;4;false;0;Units;C;ECB concertation time 14:15 CET;2022-06-22;10.5045
B;Business;EUR;Euro;NOK;Norwegian krone;SP;Spot;4;false;0;Units;C;ECB concertation time 14:15 CET;2022-06-23;10.475
B;Business;EUR;Euro;NOK;Norwegian krone;SP;Spot;4;false;0;Units;C;ECB concertation time 14:15 CET;2022-06-24;10.4345
B;Business;EUR;Euro;NOK;Norwegian krone;SP;Spot;4;false;0;Units;C;ECB concertation time 14:15 CET;2022-06-27;10.408
B;Business;EUR;Euro;NOK;Norwegian krone;SP;Spot;4;false;0;Units;C;ECB concertation time 14:15 CET;2022-06-28;10.337
B;Business;EUR;Euro;NOK;Norwegian krone;SP;Spot;4;false;0;Units;C;ECB concertation time 14:15 CET;2022-06-29;10.3065
B;Business;EUR;Euro;NOK;Norwegian krone;SP;Spot;4;false;0;Units;C;ECB concertation time 14:15 CET;2022-06-30;10.3485
B;Business;EUR;Euro;NOK;Norwegian krone;SP;Spot;4;false;0;Units;C;ECB concertation time 14:15 CET;2022-07-01;10.3651
B;Business;EUR;Euro;NOK;Norwegian krone;SP;Spot;4;false;0;Units;C;ECB concertation time 14:15 CET;2022-07-04;10.2958
B;Business;EUR;Euro;NOK;Norwegian krone;SP;Spot;4;false;0;Units;C;ECB concertation time 14:15 CET;2022-07-05;10.285
B;Business;EUR;Euro;NOK;Norwegian krone;SP;Spot;4;false;0;Units;C;ECB concertation time 14:15 CET;2022-07-06;10.2803
B;Business;EUR;Euro;NOK;Norwegian krone;SP;Spot;4;false;0;Units;C;ECB concertation time 14:15 CET;2022-07-07;10.291
B;Business;EUR;Euro;NOK;Norwegian krone;SP;Spot;4;false;0;Units;C;ECB concertation time 14:15 CET;2022-07-08;10.263
B;Business;EUR;Euro;NOK;Norwegian krone;SP;Spot;4;false;0;Units;C;ECB concertation time 14:15 CET;2022-07-11;10.299
B;Business;EUR;Euro;NOK;Norwegian krone;SP;Spot;4;false;0;Units;C;ECB concertation time 14:15 CET;2022-07-12;10.2754
B;Business;EUR;Euro;NOK;Norwegian krone;SP;Spot;4;false;0;Units;C;ECB concertation time 14:15 CET;2022-07-13;10.2428
B;Business;EUR;Euro;NOK;Norwegian krone;SP;Spot;4;false;0;Units;C;ECB concertation time 14:15 CET;2022-07-14;10.2536
B;Business;EUR;Euro;NOK;Norwegian krone;SP;Spot;4;false;0;Units;C;ECB concertation time 14:15 CET;2022-07-15;10.2763
B;Business;EUR;Euro;NOK;Norwegian krone;SP;Spot;4;false;0;Units;C;ECB concertation time 14:15 CET;2022-07-18;10.2553
B;Business;EUR;Euro;NOK;Norwegian krone;SP;Spot;4;false;0;Units;C;ECB concertation time 14:15 CET;2022-07-19;10.176
B;Business;EUR;Euro;NOK;Norwegian krone;SP;Spot;4;false;0;Units;C;ECB concertation time 14:15 CET;2022-07-20;10.1323
B;Business;EUR;Euro;NOK;Norwegian krone;SP;Spot;4;false;0;Units;C;ECB concertation time 14:15 CET;2022-07-21;10.175
B;Business;EUR;Euro;NOK;Norwegian krone;SP;Spot;4;false;0;Units;C;ECB concertation time 14:15 CET;2022-07-22;10.1498
B;Business;EUR;Euro;NOK;Norwegian krone;SP;Spot;4;false;0;Units;C;ECB concertation time 14:15 CET;2022-07-25;10.0704
B;Business;EUR;Euro;NOK;Norwegian krone;SP;Spot;4;false;0;Units;C;ECB concertation time 14:15 CET;2022-07-26;10.0105
B;Business;EUR;Euro;NOK;Norwegian krone;SP;Spot;4;false;0;Units;C;ECB concertation time 14:15 CET;2022-07-27;9.9558
B;Business;EUR;Euro;NOK;Norwegian krone;SP;Spot;4;false;0;Units;C;ECB concertation time 14:15 CET;2022-07-28;9.8983
B;Business;EUR;Euro;NOK;Norwegian krone;SP;Spot;4;false;0;Units;C;ECB concertation time 14:15 CET;2022-07-29;9.8773
B;Business;EUR;Euro;NOK;Norwegian krone;SP;Spot;4;false;0;Units;C;ECB concertation time 14:15 CET;2022-08-01;9.8638
B;Business;EUR;Euro;NOK;Norwegian krone;SP;Spot;4;false;0;Units;C;ECB concertation time 14:15 CET;2022-08-02;9.9305
B;Business;EUR;Euro;NOK;Norwegian krone;SP;Spot;4;false;0;Units;C;ECB concertation time 14:15 CET;2022-08-03;9.8743
B;Business;EUR;Euro;NOK;Norwegian krone;SP;Spot;4;false;0;Units;C;ECB concertation time 14:15 CET;2022-08-04;9.9065
B;Business;EUR;Euro;NOK;Norwegian krone;SP;Spot;4;false;0;Units;C;ECB concertation time 14:15 CET;2022-08-05;9.982
B;Business;EUR;Euro;NOK;Norwegian krone;SP;Spot;4;false;0;Units;C;ECB concertation time 14:15 CET;2022-08-08;9.9405
B;Business;EUR;Euro;NOK;Norwegian krone;SP;Spot;4;false;0;Units;C;ECB concertation time 14:15 CET;2022-08-09;9.9365
B;Business;EUR;Euro;NOK;Norwegian krone;SP;Spot;4;false;0;Units;C;ECB concertation time 14:15 CET;2022-08-10;9.9118
B;Business;EUR;Euro;NOK;Norwegian krone;SP;Spot;4;false;0;Units;C;ECB concertation time 14:15 CET;2022-08-11;9.804
B;Business;EUR;Euro;NOK;Norwegian krone;SP;Spot;4;false;0;Units;C;ECB concertation time 14:15 CET;2022-08-12;9.813
B;Business;EUR;Euro;NOK;Norwegian krone;SP;Spot;4;false;0;Units;C;ECB concertation time 14:15 CET;2022-08-15;9.871
B;Business;EUR;Euro;NOK;Norwegian krone;SP;Spot;4;false;0;Units;C;ECB concertation time 14:15 CET;2022-08-16;9.8428
B;Business;EUR;Euro;NOK;Norwegian krone;SP;Spot;4;false;0;Units;C;ECB concertation time 14:15 CET;2022-08-17;9.8428
B;Business;EUR;Euro;NOK;Norwegian krone;SP;Spot;4;false;0;Units;C;ECB concertation time 14:15 CET;2022-08-18;9.8283
B;Business;EUR;Euro;NOK;Norwegian krone;SP;Spot;4;false;0;Units;C;ECB concertation time 14:15 CET;2022-08-19;9.8418
B;Business;EUR;Euro;NOK;Norwegian krone;SP;Spot;4;false;0;Units;C;ECB concertation time 14:15 CET;2022-08-22;9.7719
B;Business;EUR;Euro;NOK;Norwegian krone;SP;Spot;4;false;0;Units;C;ECB concertation time 14:15 CET;2022-08-23;9.7438
B;Business;EUR;Euro;NOK;Norwegian krone;SP;Spot;4;false;0;Units;C;ECB concertation time 14:15 CET;2022-08-24;9.636
B;Business;EUR;Euro;NOK;Norwegian krone;SP;Spot;4;false;0;Units;C;ECB concertation time 14:15 CET;2022-08-25;9.64
B;Business;EUR;Euro;NOK;Norwegian krone;SP;Spot;4;false;0;Units;C;ECB concertation time 14:15 CET;2022-08-26;9.667
B;Business;EUR;Euro;NOK;Norwegian krone;SP;Spot;4;false;0;Units;C;ECB concertation time 14:15 CET;2022-08-29;9.7675
B;Business;EUR;Euro;NOK;Norwegian krone;SP;Spot;4;false;0;Units;C;ECB concertation time 14:15 CET;2022-08-30;9.7553
B;Business;EUR;Euro;NOK;Norwegian krone;SP;Spot;4;false;0;Units;C;ECB concertation time 14:15 CET;2022-08-31;9.9388
B;Business;EUR;Euro;NOK;Norwegian krone;SP;Spot;4;false;0;Units;C;ECB concertation time 14:15 CET;2022-09-01;10.013
B;Business;EUR;Euro;NOK;Norwegian krone;SP;Spot;4;false;0;Units;C;ECB concertation time 14:15 CET;2022-09-02;10.0035
B;Business;EUR;Euro;NOK;Norwegian krone;SP;Spot;4;false;0;Units;C;ECB concertation time 14:15 CET;2022-09-05;9.9188
B;Business;EUR;Euro;NOK;Norwegian krone;SP;Spot;4;false;0;Units;C;ECB concertation time 14:15 CET;2022-09-06;9.8945
B;Business;EUR;Euro;NOK;Norwegian krone;SP;Spot;4;false;0;Units;C;ECB concertation time 14:15 CET;2022-09-07;9.9483
B;Business;EUR;Euro;NOK;Norwegian krone;SP;Spot;4;false;0;Units;C;ECB concertation time 14:15 CET;2022-09-08;10.0615
B;Business;EUR;Euro;NOK;Norwegian krone;SP;Spot;4;false;0;Units;C;ECB concertation time 14:15 CET;2022-09-09;9.9836
B;Business;EUR;Euro;NOK;Norwegian krone;SP;Spot;4;false;0;Units;C;ECB concertation time 14:15 CET;2022-09-12;9.9718
B;Business;EUR;Euro;NOK;Norwegian krone;SP;Spot;4;false;0;Units;C;ECB concertation time 14:15 CET;2022-09-13;9.9988
B;Business;EUR;Euro;NOK;Norwegian krone;SP;Spot;4;false;0;Units;C;ECB concertation time 14:15 CET;2022-09-14;10.1125
B;Business;EUR;Euro;NOK;Norwegian krone;SP;Spot;4;false;0;Units;C;ECB concertation time 14:15 CET;2022-09-15;10.1203
B;Business;EUR;Euro;NOK;Norwegian krone;SP;Spot;4;false;0;Units;C;ECB concertation time 14:15 CET;2022-09-16;10.1985
B;Business;EUR;Euro;NOK;Norwegian krone;SP;Spot;4;false;0;Units;C;ECB concertation time 14:15 CET;2022-09-19;10.2826
B;Business;EUR;Euro;NOK;Norwegian krone;SP;Spot;4;false;0;Units;C;ECB concertation time 14:15 CET;2022-09-20;10.273
B;Business;EUR;Euro;NOK;Norwegian krone;SP;Spot;4;false;0;Units;C;ECB concertation time 14:15 CET;2022-09-21;10.2858
B;Business;EUR;Euro;NOK;Norwegian krone;SP;Spot;4;false;0;Units;C;ECB concertation time 14:15 CET;2022-09-22;10.235
B;Business;EUR;Euro;NOK;Norwegian krone;SP;Spot;4;false;0;Units;C;ECB concertation time 14:15 CET;2022-09-23;10.2335
B;Business;EUR;Euro;NOK;Norwegian krone;SP;Spot;4;false;0;Units;C;ECB concertation time 14:15 CET;2022-09-26;10.3585
B;Business;EUR;Euro;NOK;Norwegian krone;SP;Spot;4;false;0;Units;C;ECB concertation time 14:15 CET;2022-09-27;10.3473
B;Business;EUR;Euro;NOK;Norwegian krone;SP;Spot;4;false;0;Units;C;ECB concertation time 14:15 CET;2022-09-28;10.4576
B;Business;EUR;Euro;NOK;Norwegian krone;SP;Spot;4;false;0;Units;C;ECB concertation time 14:15 CET;2022-09-29;10.4518
B;Business;EUR;Euro;NOK;Norwegian krone;SP;Spot;4;false;0;Units;C;ECB concertation time 14:15 CET;2022-09-30;10.5838
B;Business;EUR;Euro;NOK;Norwegian krone;SP;Spot;4;false;0;Units;C;ECB concertation time 14:15 CET;2022-10-03;10.5655
B;Business;EUR;Euro;NOK;Norwegian krone;SP;Spot;4;false;0;Units;C;ECB concertation time 14:15 CET;2022-10-04;10.4915
B;Business;EUR;Euro;NOK;Norwegian krone;SP;Spot;4;false;0;Units;C;ECB concertation time 14:15 CET;2022-10-05;10.4858
B;Business;EUR;Euro;NOK;Norwegian krone;SP;Spot;4;false;0;Units;C;ECB concertation time 14:15 CET;2022-10-06;10.4278
B;Business;EUR;Euro;NOK;Norwegian krone;SP;Spot;4;false;0;Units;C;ECB concertation time 14:15 CET;2022-10-07;10.4498
B;Business;EUR;Euro;NOK;Norwegian krone;SP;Spot;4;false;0;Units;C;ECB concertation time 14:15 CET;2022-10-10;10.3378
B;Business;EUR;Euro;NOK;Norwegian krone;SP;Spot;4;false;0;Units;C;ECB concertation time 14:15 CET;2022-10-11;10.4235
B;Business;EUR;Euro;NOK;Norwegian krone;SP;Spot;4;false;0;Units;C;ECB concertation time 14:15 CET;2022-10-12;10.4145
B;Business;EUR;Euro;NOK;Norwegian krone;SP;Spot;4;false;0;Units;C;ECB concertation time 14:15 CET;2022-10-13;10.3525
B;Business;EUR;Euro;NOK;Norwegian krone;SP;Spot;4;false;0;Units;C;ECB concertation time 14:15 CET;2022-10-14;10.3323
B;Business;EUR;Euro;NOK;Norwegian krone;SP;Spot;4;false;0;Units;C;ECB concertation time 14:15 CET;2022-10-17;10.342
B;Business;EUR;Euro;NOK;Norwegian krone;SP;Spot;4;false;0;Units;C;ECB concertation time 14:15 CET;2022-10-18;10.3528
B;Business;EUR;Euro;NOK;Norwegian krone;SP;Spot;4;false;0;Units;C;ECB concertation time 14:15 CET;2022-10-19;10.3823
B;Business;EUR;Euro;NOK;Norwegian krone;SP;Spot;4;false;0;Units;C;ECB concertation time 14:15 CET;2022-10-20;10.402
B;Business;EUR;Euro;NOK;Norwegian krone;SP;Spot;4;false;0;Units;C;ECB concertation time 14:15 CET;2022-10-21;10.4315
B;Business;EUR;Euro;NOK;Norwegian krone;SP;Spot;4;false;0;Units;C;ECB concertation time 14:15 CET;2022-10-24;10.392
B;Business;EUR;Euro;NOK;Norwegian krone;SP;Spot;4;false;0;Units;C;ECB concertation time 14:15 CET;2022-10-25;10.391
B;Business;EUR;Euro;NOK;Norwegian krone;SP;Spot;4;false;0;Units;C;ECB concertation time 14:15 CET;2022-10-26;10.3408
B;Business;EUR;Euro;NOK;Norwegian krone;SP;Spot;4;false;0;Units;C;ECB concertation time 14:15 CET;2022-10-27;10.342
B;Business;EUR;Euro;NOK;Norwegian krone;SP;Spot;4;false;0;Units;C;ECB concertation time 14:15 CET;2022-10-28;10.2695
B;Business;EUR;Euro;NOK;Norwegian krone;SP;Spot;4;false;0;Units;C;ECB concertation time 14:15 CET;2022-10-31;10.3028
B;Business;EUR;Euro;NOK;Norwegian krone;SP;Spot;4;false;0;Units;C;ECB concertation time 14:15 CET;2022-11-01;10.1835
B;Business;EUR;Euro;NOK;Norwegian krone;SP;Spot;4;false;0;Units;C;ECB concertation time 14:15 CET;2022-11-02;10.2388
B;Business;EUR;Euro;NOK;Norwegian krone;SP;Spot;4;false;0;Units;C;ECB concertation time 14:15 CET;2022-11-03;10.3543
B;Business;EUR;Euro;NOK;Norwegian krone;SP;Spot;4;false;0;Units;C;ECB concertation time 14:15 CET;2022-11-04;10.2019
B;Business;EUR;Euro;NOK;Norwegian krone;SP;Spot;4;false;0;Units;C;ECB concertation time 14:15 CET;2022-11-07;10.2555
B;Business;EUR;Euro;NOK;Norwegian krone;SP;Spot;4;false;0;Units;C;ECB concertation time 14:15 CET;2022-11-08;10.2795
B;Business;EUR;Euro;NOK;Norwegian krone;SP;Spot;4;false;0;Units;C;ECB concertation time 14:15 CET;2022-11-09;10.322
B;Business;EUR;Euro;NOK;Norwegian krone;SP;Spot;4;false;0;Units;C;ECB concertation time 14:15 CET;2022-11-10;10.3615
B;Business;EUR;Euro;NOK;Norwegian krone;SP;Spot;4;false;0;Units;C;ECB concertation time 14:15 CET;2022-11-11;10.2635
B;Business;EUR;Euro;NOK;Norwegian krone;SP;Spot;4;false;0;Units;C;ECB concertation time 14:15 CET;2022-11-14;10.3143
B;Business;EUR;Euro;NOK;Norwegian krone;SP;Spot;4;false;0;Units;C;ECB concertation time 14:15 CET;2022-11-15;10.357
B;Business;EUR;Euro;NOK;Norwegian krone;SP;Spot;4;false;0;Units;C;ECB concertation time 14:15 CET;2022-11-16;10.3675
B;Business;EUR;Euro;NOK;Norwegian krone;SP;Spot;4;false;0;Units;C;ECB concertation time 14:15 CET;2022-11-17;10.498
B;Business;EUR;Euro;NOK;Norwegian krone;SP;Spot;4;false;0;Units;C;ECB concertation time 14:15 CET;2022-11-18;10.486
B;Business;EUR;Euro;NOK;Norwegian krone;SP;Spot;4;false;0;Units;C;ECB concertation time 14:15 CET;2022-11-21;10.4898
B;Business;EUR;Euro;NOK;Norwegian krone;SP;Spot;4;false;0;Units;C;ECB concertation time 14:15 CET;2022-11-22;10.4445
B;Business;EUR;Euro;NOK;Norwegian krone;SP;Spot;4;false;0;Units;C;ECB concertation time 14:15 CET;2022-11-23;10.3659
B;Business;EUR;Euro;NOK;Norwegian krone;SP;Spot;4;false;0;Units;C;ECB concertation time 14:15 CET;2022-11-24;10.3435
B;Business;EUR;Euro;NOK;Norwegian krone;SP;Spot;4;false;0;Units;C;ECB concertation time 14:15 CET;2022-11-25;10.2985
B;Business;EUR;Euro;NOK;Norwegian krone;SP;Spot;4;false;0;Units;C;ECB concertation time 14:15 CET;2022-11-28;10.364
B;Business;EUR;Euro;NOK;Norwegian krone;SP;Spot;4;false;0;Units;C;ECB concertation time 14:15 CET;2022-11-29;10.3313
B;Business;EUR;Euro;NOK;Norwegian krone;SP;Spot;4;false;0;Units;C;ECB concertation time 14:15 CET;2022-11-30;10.2648
B;Business;EUR;Euro;NOK;Norwegian krone;SP;Spot;4;false;0;Units;C;ECB concertation time 14:15 CET;2022-12-01;10.2495
B;Business;EUR;Euro;NOK;Norwegian krone;SP;Spot;4;false;0;Units;C;ECB concertation time 14:15 CET;2022-12-02;10.2615
B;Business;EUR;Euro;NOK;Norwegian krone;SP;Spot;4;false;0;Units;C;ECB concertation time 14:15 CET;2022-12-05;10.3366
B;Business;EUR;Euro;NOK;Norwegian krone;SP;Spot;4;false;0;Units;C;ECB concertation time 14:15 CET;2022-12-06;10.4408
B;Business;EUR;Euro;NOK;Norwegian krone;SP;Spot;4;false;0;Units;C;ECB concertation time 14:15 CET;2022-12-07;10.5255
B;Business;EUR;Euro;NOK;Norwegian krone;SP;Spot;4;false;0;Units;C;ECB concertation time 14:15 CET;2022-12-08;10.488
B;Business;EUR;Euro;NOK;Norwegian krone;SP;Spot;4;false;0;Units;C;ECB concertation time 14:15 CET;2022-12-09;10.5345
B;Business;EUR;Euro;NOK;Norwegian krone;SP;Spot;4;false;0;Units;C;ECB concertation time 14:15 CET;2022-12-12;10.5548
B;Business;EUR;Euro;NOK;Norwegian krone;SP;Spot;4;false;0;Units;C;ECB concertation time 14:15 CET;2022-12-13;10.4679
B;Business;EUR;Euro;NOK;Norwegian krone;SP;Spot;4;false;0;Units;C;ECB concertation time 14:15 CET;2022-12-14;10.362
B;Business;EUR;Euro;NOK;Norwegian krone;SP;Spot;4;false;0;Units;C;ECB concertation time 14:15 CET;2022-12-15;10.4013
B;Business;EUR;Euro;NOK;Norwegian krone;SP;Spot;4;false;0;Units;C;ECB concertation time 14:15 CET;2022-12-16;10.4833
B;Business;EUR;Euro;NOK;Norwegian krone;SP;Spot;4;false;0;Units;C;ECB concertation time 14:15 CET;2022-12-19;10.5025
B;Business;EUR;Euro;NOK;Norwegian krone;SP;Spot;4;false;0;Units;C;ECB concertation time 14:15 CET;2022-12-20;10.5098
B;Business;EUR;Euro;NOK;Norwegian krone;SP;Spot;4;false;0;Units;C;ECB concertation time 14:15 CET;2022-12-21;10.4309
B;Business;EUR;Euro;NOK;Norwegian krone;SP;Spot;4;false;0;Units;C;ECB concertation time 14:15 CET;2022-12-22;10.4123
B;Business;EUR;Euro;NOK;Norwegian krone;SP;Spot;4;false;0;Units;C;ECB concertation time 14:15 CET;2022-12-23;10.4448
B;Business;EUR;Euro;NOK;Norwegian krone;SP;Spot;4;false;0;Units;C;ECB concertation time 14:15 CET;2022-12-27;10.4895
B;Business;EUR;Euro;NOK;Norwegian krone;SP;Spot;4;false;0;Units;C;ECB concertation time 14:15 CET;2022-12-28;10.4495
B;Business;EUR;Euro;NOK;Norwegian krone;SP;Spot;4;false;0;Units;C;ECB concertation time 14:15 CET;2022-12-29;10.55
B;Business;EUR;Euro;NOK;Norwegian krone;SP;Spot;4;false;0;Units;C;ECB concertation time 14:15 CET;2022-12-30;10.5138
B;Business;EUR;Euro;NOK;Norwegian krone;SP;Spot;4;false;0;Units;C;ECB concertation time 14:15 CET;2023-01-02;10.5135
B;Business;EUR;Euro;NOK;Norwegian krone;SP;Spot;4;false;0;Units;C;ECB concertation time 14:15 CET;2023-01-03;10.528
B;Business;EUR;Euro;NOK;Norwegian krone;SP;Spot;4;false;0;Units;C;ECB concertation time 14:15 CET;2023-01-04;10.738
B;Business;EUR;Euro;NOK;Norwegian krone;SP;Spot;4;false;0;Units;C;ECB concertation time 14:15 CET;2023-01-05;10.7248
B;Business;EUR;Euro;NOK;Norwegian krone;SP;Spot;4;false;0;Units;C;ECB concertation time 14:15 CET;2023-01-06;10.807
B;Business;EUR;Euro;NOK;Norwegian krone;SP;Spot;4;false;0;Units;C;ECB concertation time 14:15 CET;2023-01-09;10.6108
B;Business;EUR;Euro;NOK;Norwegian krone;SP;Spot;4;false;0;Units;C;ECB concertation time 14:15 CET;2023-01-10;10.6785
B;Business;EUR;Euro;NOK;Norwegian krone;SP;Spot;4;false;0;Units;C;ECB concertation time 14:15 CET;2023-01-11;10.738
B;Business;EUR;Euro;NOK;Norwegian krone;SP;Spot;4;false;0;Units;C;ECB concertation time 14:15 CET;2023-01-12;10.7228
B;Business;EUR;Euro;NOK;Norwegian krone;SP;Spot;4;false;0;Units;C;ECB concertation time 14:15 CET;2023-01-13;10.6945
B;Business;EUR;Euro;NOK;Norwegian krone;SP;Spot;4;false;0;Units;C;ECB concertation time 14:15 CET;2023-01-16;10.6945
B;Business;EUR;Euro;NOK;Norwegian krone;SP;Spot;4;false;0;Units;C;ECB concertation time 14:15 CET;2023-01-17;10.7463
B;Business;EUR;Euro;NOK;Norwegian krone;SP;Spot;4;false;0;Units;C;ECB concertation time 14:15 CET;2023-01-18;10.6553
B;Business;EUR;Euro;NOK;Norwegian krone;SP;Spot;4;false;0;Units;C;ECB concertation time 14:15 CET;2023-01-19;10.746
B;Business;EUR;Euro;NOK;Norwegian krone;SP;Spot;4;false;0;Units;C;ECB concertation time 14:15 CET;2023-01-20;10.7135
B;Business;EUR;Euro;NOK;Norwegian krone;SP;Spot;4;false;0;Units;C;ECB concertation time 14:15 CET;2023-01-23;10.6835
B;Business;EUR;Euro;NOK;Norwegian krone;SP;Spot;4;false;0;Units;C;ECB concertation time 14:15 CET;2023-01-24;10.7193
B;Business;EUR;Euro;NOK;Norwegian krone;SP;Spot;4;false;0;Units;C;ECB concertation time 14:15 CET;2023-01-25;10.7896
B;Business;EUR;Euro;NOK;Norwegian krone;SP;Spot;4;false;0;Units;C;ECB concertation time 14:15 CET;2023-01-26;10.762
B;Business;EUR;Euro;NOK;Norwegian krone;SP;Spot;4;false;0;Units;C;ECB concertation time 14:15 CET;2023-01-27;10.76
B;Business;EUR;Euro;NOK;Norwegian krone;SP;Spot;4;false;0;Units;C;ECB concertation time 14:15 CET;2023-01-30;10.7925
B;Business;EUR;Euro;NOK;Norwegian krone;SP;Spot;4;false;0;Units;C;ECB concertation time 14:15 CET;2023-01-31;10.9083
B;Business;EUR;Euro;NOK;Norwegian krone;SP;Spot;4;false;0;Units;C;ECB concertation time 14:15 CET;2023-02-01;10.8569
B;Business;EUR;Euro;NOK;Norwegian krone;SP;Spot;4;false;0;Units;C;ECB concertation time 14:15 CET;2023-02-02;10.9535
B;Business;EUR;Euro;NOK;Norwegian krone;SP;Spot;4;false;0;Units;C;ECB concertation time 14:15 CET;2023-02-03;10.9783
B;Business;EUR;Euro;NOK;Norwegian krone;SP;Spot;4;false;0;Units;C;ECB concertation time 14:15 CET;2023-02-06;11.0428
B;Business;EUR;Euro;NOK;Norwegian krone;SP;Spot;4;false;0;Units;C;ECB concertation time 14:15 CET;2023-02-07;11.1253
B;Business;EUR;Euro;NOK;Norwegian krone;SP;Spot;4;false;0;Units;C;ECB concertation time 14:15 CET;2023-02-08;11.026
B;Business;EUR;Euro;NOK;Norwegian krone;SP;Spot;4;false;0;Units;C;ECB concertation time 14:15 CET;2023-02-09;10.9123
B;Business;EUR;Euro;NOK;Norwegian krone;SP;Spot;4;false;0;Units;C;ECB concertation time 14:15 CET;2023-02-10;10.871
B;Business;EUR;Euro;NOK;Norwegian krone;SP;Spot;4;false;0;Units;C;ECB concertation time 14:15 CET;2023-02-13;10.8213
B;Business;EUR;Euro;NOK;Norwegian krone;SP;Spot;4;false;0;Units;C;ECB concertation time 14:15 CET;2023-02-14;10.8778
B;Business;EUR;Euro;NOK;Norwegian krone;SP;Spot;4;false;0;Units;C;ECB concertation time 14:15 CET;2023-02-15;10.9193
B;Business;EUR;Euro;NOK;Norwegian krone;SP;Spot;4;false;0;Units;C;ECB concertation time 14:15 CET;2023-02-16;10.9513
B;Business;EUR;Euro;NOK;Norwegian krone;SP;Spot;4;false;0;Units;C;ECB concertation time 14:15 CET;2023-02-17;11.015
B;Business;EUR;Euro;NOK;Norwegian krone;SP;Spot;4;false;0;Units;C;ECB concertation time 14:15 CET;2023-02-20;10.9683
B;Business;EUR;Euro;NOK;Norwegian krone;SP;Spot;4;false;0;Units;C;ECB concertation time 14:15 CET;2023-02-21;10.9468
B;Business;EUR;Euro;NOK;Norwegian krone;SP;Spot;4;false;0;Units;C;ECB concertation time 14:15 CET;2023-02-22;10.9665
B;Business;EUR;Euro;NOK;Norwegian krone;SP;Spot;4;false;0;Units;C;ECB concertation time 14:15 CET;2023-02-23;10.9545
B;Business;EUR;Euro;NOK;Norwegian krone;SP;Spot;4;false;0;Units;C;ECB concertation time 14:15 CET;2023-02-24;10.937
B;Business;EUR;Euro;NOK;Norwegian krone;SP;Spot;4;false;0;Units;C;ECB concertation time 14:15 CET;2023-02-27;10.9635
B;Business;EUR;Euro;NOK;Norwegian krone;SP;Spot;4;false;0;Units;C;ECB concertation time 14:15 CET;2023-02-28;10.9713
B;Business;EUR;Euro;NOK;Norwegian krone;SP;Spot;4;false;0;Units;C;ECB concertation time 14:15 CET;2023-03-01;11.0365
B;Business;EUR;Euro;NOK;Norwegian krone;SP;Spot;4;false;0;Units;C;ECB concertation time 14:15 CET;2023-03-02;11.085
B;Business;EUR;Euro;NOK;Norwegian krone;SP;Spot;4;false;0;Units;C;ECB concertation time 14:15 CET;2023-03-03;11.061
B;Business;EUR;Euro;NOK;Norwegian krone;SP;Spot;4;false;0;Units;C;ECB concertation time 14:15 CET;2023-03-06;11.1109
B;Business;EUR;Euro;NOK;Norwegian krone;SP;Spot;4;false;0;Units;C;ECB concertation time 14:15 CET;2023-03-07;11.1935
B;Business;EUR;Euro;NOK;Norwegian krone;SP;Spot;4;false;0;Units;C;ECB concertation time 14:15 CET;2023-03-08;11.2205
B;Business;EUR;Euro;NOK;Norwegian krone;SP;Spot;4;false;0;Units;C;ECB concertation time 14:15 CET;2023-03-09;11.2715
B;Business;EUR;Euro;NOK;Norwegian krone;SP;Spot;4;false;0;Units;C;ECB concertation time 14:15 CET;2023-03-10;11.29
B;Business;EUR;Euro;NOK;Norwegian krone;SP;Spot;4;false;0;Units;C;ECB concertation time 14:15 CET;2023-03-13;11.3893
B;Business;EUR;Euro;NOK;Norwegian krone;SP;Spot;4;false;0;Units;C;ECB concertation time 14:15 CET;2023-03-14;11.335
B;Business;EUR;Euro;NOK;Norwegian krone;SP;Spot;4;false;0;Units;C;ECB concertation time 14:15 CET;2023-03-15;11.34
B;Business;EUR;Euro;NOK;Norwegian krone;SP;Spot;4;false;0;Units;C;ECB concertation time 14:15 CET;2023-03-16;11.4487
B;Business;EUR;Euro;NOK;Norwegian krone;SP;Spot;4;false;0;Units;C;ECB concertation time 14:15 CET;2023-03-17;11.4218
B;Business;EUR;Euro;NOK;Norwegian krone;SP;Spot;4;false;0;Units;C;ECB concertation time 14:15 CET;2023-03-20;11.421
B;Business;EUR;Euro;NOK;Norwegian krone;SP;Spot;4;false;0;Units;C;ECB concertation time 14:15 CET;2023-03-21;11.3125
B;Business;EUR;Euro;NOK;Norwegian krone;SP;Spot;4;false;0;Units;C;ECB concertation time 14:15 CET;2023-03-22;11.332
B;Business;EUR;Euro;NOK;Norwegian krone;SP;Spot;4;false;0;Units;C;ECB concertation time 14:15 CET;2023-03-23;11.284
B;Business;EUR;Euro;NOK;Norwegian krone;SP;Spot;4;false;0;Units;C;ECB concertation time 14:15 CET;2023-03-24;11.3065
B;Business;EUR;Euro;NOK;Norwegian krone;SP;Spot;4;false;0;Units;C;ECB concertation time 14:15 CET;2023-03-27;11.338
B;Business;EUR;Euro;NOK;Norwegian krone;SP;Spot;4;false;0;Units;C;ECB concertation time 14:15 CET;2023-03-28;11.324
B;Business;EUR;Euro;NOK;Norwegian krone;SP;Spot;4;false;0;Units;C;ECB concertation time 14:15 CET;2023-03-29;11.3005
B;Business;EUR;Euro;NOK;Norwegian krone;SP;Spot;4;false;0;Units;C;ECB concertation time 14:15 CET;2023-03-30;11.357
B;Business;EUR;Euro;NOK;Norwegian krone;SP;Spot;4;false;0;Units;C;ECB concertation time 14:15 CET;2023-03-31;11.394
B;Business;EUR;Euro;NOK;Norwegian krone;SP;Spot;4;false;0;Units;C;ECB concertation time 14:15 CET;2023-04-03;11.2515
B;Business;EUR;Euro;NOK;Norwegian krone;SP;Spot;4;false;0;Units;C;ECB concertation time 14:15 CET;2023-04-04;11.2345
B;Business;EUR;Euro;NOK;Norwegian krone;SP;Spot;4;false;0;Units;C;ECB concertation time 14:15 CET;2023-04-05;11.399
B;Business;EUR;Euro;NOK;Norwegian krone;SP;Spot;4;false;0;Units;C;ECB concertation time 14:15 CET;2023-04-11;11.5435
B;Business;EUR;Euro;NOK;Norwegian krone;SP;Spot;4;false;0;Units;C;ECB concertation time 14:15 CET;2023-04-12;11.4745
B;Business;EUR;Euro;NOK;Norwegian krone;SP;Spot;4;false;0;Units;C;ECB concertation time 14:15 CET;2023-04-13;11.457
B;Business;EUR;Euro;NOK;Norwegian krone;SP;Spot;4;false;0;Units;C;ECB concertation time 14:15 CET;2023-04-14;11.402
B;Business;EUR;Euro;NOK;Norwegian krone;SP;Spot;4;false;0;Units;C;ECB concertation time 14:15 CET;2023-04-17;11.364
B;Business;EUR;Euro;NOK;Norwegian krone;SP;Spot;4;false;0;Units;C;ECB concertation time 14:15 CET;2023-04-18;11.4675
B;Business;EUR;Euro;NOK;Norwegian krone;SP;Spot;4;false;0;Units;C;ECB concertation time 14:15 CET;2023-04-19;11.5335
B;Business;EUR;Euro;NOK;Norwegian krone;SP;Spot;4;false;0;Units;C;ECB concertation time 14:15 CET;2023-04-20;11.604
B;Business;EUR;Euro;NOK;Norwegian krone;SP;Spot;4;false;0;Units;C;ECB concertation time 14:15 CET;2023-04-21;11.6505
B;Business;EUR;Euro;NOK;Norwegian krone;SP;Spot;4;false;0;Units;C;ECB concertation time 14:15 CET;2023-04-24;11.647
B;Business;EUR;Euro;NOK;Norwegian krone;SP;Spot;4;false;0;Units;C;ECB concertation time 14:15 CET;2023-04-25;11.695
B;Business;EUR;Euro;NOK;Norwegian krone;SP;Spot;4;false;0;Units;C;ECB concertation time 14:15 CET;2023-04-26;11.722
B;Business;EUR;Euro;NOK;Norwegian krone;SP;Spot;4;false;0;Units;C;ECB concertation time 14:15 CET;2023-04-27;11.714
B;Business;EUR;Euro;NOK;Norwegian krone;SP;Spot;4;false;0;Units;C;ECB concertation time 14:15 CET;2023-04-28;11.791
B;Business;EUR;Euro;NOK;Norwegian krone;SP;Spot;4;false;0;Units;C;ECB concertation time 14:15 CET;2023-05-02;11.762
B;Business;EUR;Euro;NOK;Norwegian krone;SP;Spot;4;false;0;Units;C;ECB concertation time 14:15 CET;2023-05-03;11.886
B;Business;EUR;Euro;NOK;Norwegian krone;SP;Spot;4;false;0;Units;C;ECB concertation time 14:15 CET;2023-05-04;11.8282
B;Business;EUR;Euro;NOK;Norwegian krone;SP;Spot;4;false;0;Units;C;ECB concertation time 14:15 CET;2023-05-05;11.6895
B;Business;EUR;Euro;NOK;Norwegian krone;SP;Spot;4;false;0;Units;C;ECB concertation time 14:15 CET;2023-05-08;11.5505
B;Business;EUR;Euro;NOK;Norwegian krone;SP;Spot;4;false;0;Units;C;ECB concertation time 14:15 CET;2023-05-09;11.575
B;Business;EUR;Euro;NOK;Norwegian krone;SP;Spot;4;false;0;Units;C;ECB concertation time 14:15 CET;2023-05-10;11.5485
B;Business;EUR;Euro;NOK;Norwegian krone;SP;Spot;4;false;0;Units;C;ECB concertation time 14:15 CET;2023-05-11;11.518
B;Business;EUR;Euro;NOK;Norwegian krone;SP;Spot;4;false;0;Units;C;ECB concertation time 14:15 CET;2023-05-12;11.631
B;Business;EUR;Euro;NOK;Norwegian krone;SP;Spot;4;false;0;Units;C;ECB concertation time 14:15 CET;2023-05-15;11.583
B;Business;EUR;Euro;NOK;Norwegian krone;SP;Spot;4;false;0;Units;C;ECB concertation time 14:15 CET;2023-05-16;11.613
B;Business;EUR;Euro;NOK;Norwegian krone;SP;Spot;4;false;0;Units;C;ECB concertation time 14:15 CET;2023-05-19;11.701
B;Business;EUR;Euro;NOK;Norwegian krone;SP;Spot;4;false;0;Units;C;ECB concertation time 14:15 CET;2023-05-22;11.7765
B;Business;EUR;Euro;NOK;Norwegian krone;SP;Spot;4;false;0;Units;C;ECB concertation time 14:15 CET;2023-05-23;11.792
B;Business;EUR;Euro;NOK;Norwegian krone;SP;Spot;4;false;0;Units;C;ECB concertation time 14:15 CET;2023-05-24;11.8175
B;Business;EUR;Euro;NOK;Norwegian krone;SP;Spot;4;false;0;Units;C;ECB concertation time 14:15 CET;2023-05-25;11.7695
B;Business;EUR;Euro;NOK;Norwegian krone;SP;Spot;4;false;0;Units;C;ECB concertation time 14:15 CET;2023-05-26;11.8218
B;Business;EUR;Euro;NOK;Norwegian krone;SP;Spot;4;false;0;Units;C;ECB concertation time 14:15 CET;2023-05-30;11.8745
B;Business;EUR;Euro;NOK;Norwegian krone;SP;Spot;4;false;0;Units;C;ECB concertation time 14:15 CET;2023-05-31;12.0045
B;Business;EUR;Euro;NOK;Norwegian krone;SP;Spot;4;false;0;Units;C;ECB concertation time 14:15 CET;2023-06-01;11.967
B;Business;EUR;Euro;NOK;Norwegian krone;SP;Spot;4;false;0;Units;C;ECB concertation time 14:15 CET;2023-06-02;11.845
B;Business;EUR;Euro;NOK;Norwegian krone;SP;Spot;4;false;0;Units;C;ECB concertation time 14:15 CET;2023-06-05;11.8275
B;Business;EUR;Euro;NOK;Norwegian krone;SP;Spot;4;false;0;Units;C;ECB concertation time 14:15 CET;2023-06-06;11.8775
B;Business;EUR;Euro;NOK;Norwegian krone;SP;Spot;4;false;0;Units;C;ECB concertation time 14:15 CET;2023-06-07;11.7975
B;Business;EUR;Euro;NOK;Norwegian krone;SP;Spot;4;false;0;Units;C;ECB concertation time 14:15 CET;2023-06-08;11.758
B;Business;EUR;Euro;NOK;Norwegian krone;SP;Spot;4;false;0;Units;C;ECB concertation time 14:15 CET;2023-06-09;11.612
B;Business;EUR;Euro;NOK;Norwegian krone;SP;Spot;4;false;0;Units;C;ECB concertation time 14:15 CET;2023-06-12;11.634
B;Business;EUR;Euro;NOK;Norwegian krone;SP;Spot;4;false;0;Units;C;ECB concertation time 14:15 CET;2023-06-13;11.6235
B;Business;EUR;Euro;NOK;Norwegian krone;SP;Spot;4;false;0;Units;C;ECB concertation time 14:15 CET;2023-06-14;11.476
B;Business;EUR;Euro;NOK;Norwegian krone;SP;Spot;4;false;0;Units;C;ECB concertation time 14:15 CET;2023-06-15;11.5025
B;Business;EUR;Euro;NOK;Norwegian krone;SP;Spot;4;false;0;Units;C;ECB concertation time 14:15 CET;2023-06-16;11.517
B;Business;EUR;Euro;NOK;Norwegian krone;SP;Spot;4;false;0;Units;C;ECB concertation time 14:15 CET;2023-06-19;11.6335
B;Business;EUR;Euro;NOK;Norwegian krone;SP;Spot;4;false;0;Units;C;ECB concertation time 14:15 CET;2023-06-20;11.7155
B;Business;EUR;Euro;NOK;Norwegian krone;SP;Spot;4;false;0;Units;C;ECB concertation time 14:15 CET;2023-06-21;11.747
B;Business;EUR;Euro;NOK;Norwegian krone;SP;Spot;4;false;0;Units;C;ECB concertation time 14:15 CET;2023-06-22;11.599
B;Business;EUR;Euro;NOK;Norwegian krone;SP;Spot;4;false;0;Units;C;ECB concertation time 14:15 CET;2023-06-23;11.8565
B;Business;EUR;Euro;NOK;Norwegian krone;SP;Spot;4;false;0;Units;C;ECB concertation time 14:15 CET;2023-06-26;11.708
B;Business;EUR;Euro;NOK;Norwegian krone;SP;Spot;4;false;0;Units;C;ECB concertation time 14:15 CET;2023-06-27;11.7563
B;Business;EUR;Euro;NOK;Norwegian krone;SP;Spot;4;false;0;Units;C;ECB concertation time 14:15 CET;2023-06-28;11.8395
B;Business;EUR;Euro;NOK;Norwegian krone;SP;Spot;4;false;0;Units;C;ECB concertation time 14:15 CET;2023-06-29;11.7645
B;Business;EUR;Euro;NOK;Norwegian krone;SP;Spot;4;false;0;Units;C;ECB concertation time 14:15 CET;2023-06-30;11.704
B;Business;EUR;Euro;NOK;Norwegian krone;SP;Spot;4;false;0;Units;C;ECB concertation time 14:15 CET;2023-07-03;11.6945
B;Business;EUR;Euro;NOK;Norwegian krone;SP;Spot;4;false;0;Units;C;ECB concertation time 14:15 CET;2023-07-04;11.5958
B;Business;EUR;Euro;NOK;Norwegian krone;SP;Spot;4;false;0;Units;C;ECB concertation time 14:15 CET;2023-07-05;11.6455
B;Business;EUR;Euro;NOK;Norwegian krone;SP;Spot;4;false;0;Units;C;ECB concertation time 14:15 CET;2023-07-06;11.637
B;Business;EUR;Euro;NOK;Norwegian krone;SP;Spot;4;false;0;Units;C;ECB concertation time 14:15 CET;2023-07-07;11.7085
B;Business;EUR;Euro;NOK;Norwegian krone;SP;Spot;4;false;0;Units;C;ECB concertation time 14:15 CET;2023-07-10;11.5635
B;Business;EUR;Euro;NOK;Norwegian krone;SP;Spot;4;false;0;Units;C;ECB concertation time 14:15 CET;2023-07-11;11.452
B;Business;EUR;Euro;NOK;Norwegian krone;SP;Spot;4;false;0;Units;C;ECB concertation time 14:15 CET;2023-07-12;11.331
B;Business;EUR;Euro;NOK;Norwegian krone;SP;Spot;4;false;0;Units;C;ECB concertation time 14:15 CET;2023-07-13;11.248
B;Business;EUR;Euro;NOK;Norwegian krone;SP;Spot;4;false;0;Units;C;ECB concertation time 14:15 CET;2023-07-14;11.2105
B;Business;EUR;Euro;NOK;Norwegian krone;SP;Spot;4;false;0;Units;C;ECB concertation time 14:15 CET;2023-07-17;11.242
B;Business;EUR;Euro;NOK;Norwegian krone;SP;Spot;4;false;0;Units;C;ECB concertation time 14:15 CET;2023-07-18;11.3395
B;Business;EUR;Euro;NOK;Norwegian krone;SP;Spot;4;false;0;Units;C;ECB concertation time 14:15 CET;2023-07-19;11.266
B;Business;EUR;Euro;NOK;Norwegian krone;SP;Spot;4;false;0;Units;C;ECB concertation time 14:15 CET;2023-07-20;11.1555
B;Business;EUR;Euro;NOK;Norwegian krone;SP;Spot;4;false;0;Units;C;ECB concertation time 14:15 CET;2023-07-21;11.1775
B;Business;EUR;Euro;NOK;Norwegian krone;SP;Spot;4;false;0;Units;C;ECB concertation time 14:15 CET;2023-07-24;11.1925
B;Business;EUR;Euro;NOK;Norwegian krone;SP;Spot;4;false;0;Units;C;ECB concertation time 14:15 CET;2023-07-25;11.1605
B;Business;EUR;Euro;NOK;Norwegian krone;SP;Spot;4;false;0;Units;C;ECB concertation time 14:15 CET;2023-07-26;11.2
B;Business;EUR;Euro;NOK;Norwegian krone;SP;Spot;4;false;0;Units;C;ECB concertation time 14:15 CET;2023-07-27;11.1275
B;Business;EUR;Euro;NOK;Norwegian krone;SP;Spot;4;false;0;Units;C;ECB concertation time 14:15 CET;2023-07-28;11.168
B;Business;EUR;Euro;NOK;Norwegian krone;SP;Spot;4;false;0;Units;C;ECB concertation time 14:15 CET;2023-07-31;11.1805
B;Business;EUR;Euro;NOK;Norwegian krone;SP;Spot;4;false;0;Units;C;ECB concertation time 14:15 CET;2023-08-01;11.211
B;Business;EUR;Euro;NOK;Norwegian krone;SP;Spot;4;false;0;Units;C;ECB concertation time 14:15 CET;2023-08-02;11.1615
B;Business;EUR;Euro;NOK;Norwegian krone;SP;Spot;4;false;0;Units;C;ECB concertation time 14:15 CET;2023-08-03;11.2765
B;Business;EUR;Euro;NOK;Norwegian krone;SP;Spot;4;false;0;Units;C;ECB concertation time 14:15 CET;2023-08-04;11.1858
B;Business;EUR;Euro;NOK;Norwegian krone;SP;Spot;4;false;0;Units;C;ECB concertation time 14:15 CET;2023-08-07;11.1485
B;Business;EUR;Euro;NOK;Norwegian krone;SP;Spot;4;false;0;Units;C;ECB concertation time 14:15 CET;2023-08-08;11.295
B;Business;EUR;Euro;NOK;Norwegian krone;SP;Spot;4;false;0;Units;C;ECB concertation time 14:15 CET;2023-08-09;11.2063
B;Business;EUR;Euro;NOK;Norwegian krone;SP;Spot;4;false;0;Units;C;ECB concertation time 14:15 CET;2023-08-10;11.1785
B;Business;EUR;Euro;NOK;Norwegian krone;SP;Spot;4;false;0;Units;C;ECB concertation time 14:15 CET;2023-08-11;11.4225
B;Business;EUR;Euro;NOK;Norwegian krone;SP;Spot;4;false;0;Units;C;ECB concertation time 14:15 CET;2023-08-14;11.434
B;Business;EUR;Euro;NOK;Norwegian krone;SP;Spot;4;false;0;Units;C;ECB concertation time 14:15 CET;2023-08-15;11.4705
B;Business;EUR;Euro;NOK;Norwegian krone;SP;Spot;4;false;0;Units;C;ECB concertation time 14:15 CET;2023-08-16;11.453
B;Business;EUR;Euro;NOK;Norwegian krone;SP;Spot;4;false;0;Units;C;ECB concertation time 14:15 CET;2023-08-17;11.4985
B;Business;EUR;Euro;NOK;Norwegian krone;SP;Spot;4;false;0;Units;C;ECB concertation time 14:15 CET;2023-08-18;11.58
B;Business;EUR;Euro;NOK;Norwegian krone;SP;Spot;4;false;0;Units;C;ECB concertation time 14:15 CET;2023-08-21;11.5205
B;Business;EUR;Euro;NOK;Norwegian krone;SP;Spot;4;false;0;Units;C;ECB concertation time 14:15 CET;2023-08-22;11.5195
B;Business;EUR;Euro;NOK;Norwegian krone;SP;Spot;4;false;0;Units;C;ECB concertation time 14:15 CET;2023-08-23;11.573
B;Business;EUR;Euro;NOK;Norwegian krone;SP;Spot;4;false;0;Units;C;ECB concertation time 14:15 CET;2023-08-24;11.5775
B;Business;EUR;Euro;NOK;Norwegian krone;SP;Spot;4;false;0;Units;C;ECB concertation time 14:15 CET;2023-08-25;11.518
B;Business;EUR;Euro;NOK;Norwegian krone;SP;Spot;4;false;0;Units;C;ECB concertation time 14:15 CET;2023-08-28;11.5705
B;Business;EUR;Euro;NOK;Norwegian krone;SP;Spot;4;false;0;Units;C;ECB concertation time 14:15 CET;2023-08-29;11.5645
B;Business;EUR;Euro;NOK;Norwegian krone;SP;Spot;4;false;0;Units;C;ECB concertation time 14:15 CET;2023-08-30;11.546
B;Business;EUR;Euro;NOK;Norwegian krone;SP;Spot;4;false;0;Units;C;ECB concertation time 14:15 CET;2023-08-31;11.58
B;Business;EUR;Euro;NOK;Norwegian krone;SP;Spot;4;false;0;Units;C;ECB concertation time 14:15 CET;2023-09-01;11.486
B;Business;EUR;Euro;NOK;Norwegian krone;SP;Spot;4;false;0;Units;C;ECB concertation time 14:15 CET;2023-09-04;11.5005
B;Business;EUR;Euro;NOK;Norwegian krone;SP;Spot;4;false;0;Units;C;ECB concertation time 14:15 CET;2023-09-05;11.5435
B;Business;EUR;Euro;NOK;Norwegian krone;SP;Spot;4;false;0;Units;C;ECB concertation time 14:15 CET;2023-09-06;11.492
B;Business;EUR;Euro;NOK;Norwegian krone;SP;Spot;4;false;0;Units;C;ECB concertation time 14:15 CET;2023-09-07;11.4805
B;Business;EUR;Euro;NOK;Norwegian krone;SP;Spot;4;false;0;Units;C;ECB concertation time 14:15 CET;2023-09-08;11.422
B;Business;EUR;Euro;NOK;Norwegian krone;SP;Spot;4;false;0;Units;C;ECB concertation time 14:15 CET;2023-09-11;11.424
B;Business;EUR;Euro;NOK;Norwegian krone;SP;Spot;4;false;0;Units;C;ECB concertation time 14:15 CET;2023-09-12;11.454
B;Business;EUR;Euro;NOK;Norwegian krone;SP;Spot;4;false;0;Units;C;ECB concertation time 14:15 CET;2023-09-13;11.478
B;Business;EUR;Euro;NOK;Norwegian krone;SP;Spot;4;false;0;Units;C;ECB concertation time 14:15 CET;2023-09-14;11.5038
B;Business;EUR;Euro;NOK;Norwegian krone;SP;Spot;4;false;0;Units;C;ECB concertation time 14:15 CET;2023-09-15;11.422
B;Business;EUR;Euro;NOK;Norwegian krone;SP;Spot;4;false;0;Units;C;ECB concertation time 14:15 CET;2023-09-18;11.5688
B;Business;EUR;Euro;NOK;Norwegian krone;SP;Spot;4;false;0;Units;C;ECB concertation time 14:15 CET;2023-09-19;11.4905
B;Business;EUR;Euro;NOK;Norwegian krone;SP;Spot;4;false;0;Units;C;ECB concertation time 14:15 CET;2023-09-20;11.482
B;Business;EUR;Euro;NOK;Norwegian krone;SP;Spot;4;false;0;Units;C;ECB concertation time 14:15 CET;2023-09-21;11.527
B;Business;EUR;Euro;NOK;Norwegian krone;SP;Spot;4;false;0;Units;C;ECB concertation time 14:15 CET;2023-09-22;11.427
B;Business;EUR;Euro;NOK;Norwegian krone;SP;Spot;4;false;0;Units;C;ECB concertation time 14:15 CET;2023-09-25;11.43
B;Business;EUR;Euro;NOK;Norwegian krone;SP;Spot;4;false;0;Units;C;ECB concertation time 14:15 CET;2023-09-26;11.44
B;Business;EUR;Euro;NOK;Norwegian krone;SP;Spot;4;false;0;Units;C;ECB concertation time 14:15 CET;2023-09-27;11.361
B;Business;EUR;Euro;NOK;Norwegian krone;SP;Spot;4;false;0;Units;C;ECB concertation time 14:15 CET;2023-09-28;11.316
B;Business;EUR;Euro;NOK;Norwegian krone;SP;Spot;4;false;0;Units;C;ECB concertation time 14:15 CET;2023-09-29;11.2535
B;Business;EUR;Euro;NOK;Norwegian krone;SP;Spot;4;false;0;Units;C;ECB concertation time 14:15 CET;2023-10-02;11.3225
B;Business;EUR;Euro;NOK;Norwegian krone;SP;Spot;4;false;0;Units;C;ECB concertation time 14:15 CET;2023-10-03;11.4258
B;Business;EUR;Euro;NOK;Norwegian krone;SP;Spot;4;false;0;Units;C;ECB concertation time 14:15 CET;2023-10-04;11.5135
B;Business;EUR;Euro;NOK;Norwegian krone;SP;Spot;4;false;0;Units;C;ECB concertation time 14:15 CET;2023-10-05;11.5703
B;Business;EUR;Euro;NOK;Norwegian krone;SP;Spot;4;false;0;Units;C;ECB concertation time 14:15 CET;2023-10-06;11.609
B;Business;EUR;Euro;NOK;Norwegian krone;SP;Spot;4;false;0;Units;C;ECB concertation time 14:15 CET;2023-10-09;11.4828
B;Business;EUR;Euro;NOK;Norwegian krone;SP;Spot;4;false;0;Units;C;ECB concertation time 14:15 CET;2023-10-10;11.4965
B;Business;EUR;Euro;NOK;Norwegian krone;SP;Spot;4;false;0;Units;C;ECB concertation time 14:15 CET;2023-10-11;11.4953
B;Business;EUR;Euro;NOK;Norwegian krone;SP;Spot;4;false;0;Units;C;ECB concertation time 14:15 CET;2023-10-12;11.5165
B;Business;EUR;Euro;NOK;Norwegian krone;SP;Spot;4;false;0;Units;C;ECB concertation time 14:15 CET;2023-10-13;11.516
B;Business;EUR;Euro;NOK;Norwegian krone;SP;Spot;4;false;0;Units;C;ECB concertation time 14:15 CET;2023-10-16;11.517
B;Business;EUR;Euro;NOK;Norwegian krone;SP;Spot;4;false;0;Units;C;ECB concertation time 14:15 CET;2023-10-17;11.576
B;Business;EUR;Euro;NOK;Norwegian krone;SP;Spot;4;false;0;Units;C;ECB concertation time 14:15 CET;2023-10-18;11.595
B;Business;EUR;Euro;NOK;Norwegian krone;SP;Spot;4;false;0;Units;C;ECB concertation time 14:15 CET;2023-10-19;11.6973
B;Business;EUR;Euro;NOK;Norwegian krone;SP;Spot;4;false;0;Units;C;ECB concertation time 14:15 CET;2023-10-20;11.6808
B;Business;EUR;Euro;NOK;Norwegian krone;SP;Spot;4;false;0;Units;C;ECB concertation time 14:15 CET;2023-10-23;11.7985
B;Business;EUR;Euro;NOK;Norwegian krone;SP;Spot;4;false;0;Units;C;ECB concertation time 14:15 CET;2023-10-24;11.8255
B;Business;EUR;Euro;NOK;Norwegian krone;SP;Spot;4;false;0;Units;C;ECB concertation time 14:15 CET;2023-10-25;11.838
B;Business;EUR;Euro;NOK;Norwegian krone;SP;Spot;4;false;0;Units;C;ECB concertation time 14:15 CET;2023-10-26;11.855
B;Business;EUR;Euro;NOK;Norwegian krone;SP;Spot;4;false;0;Units;C;ECB concertation time 14:15 CET;2023-10-27;11.8285
B;Business;EUR;Euro;NOK;Norwegian krone;SP;Spot;4;false;0;Units;C;ECB concertation time 14:15 CET;2023-10-30;11.7905
B;Business;EUR;Euro;NOK;Norwegian krone;SP;Spot;4;false;0;Units;C;ECB concertation time 14:15 CET;2023-10-31;11.8735
B;Business;EUR;Euro;NOK;Norwegian krone;SP;Spot;4;false;0;Units;C;ECB concertation time 14:15 CET;2023-11-01;11.796
B;Business;EUR;Euro;NOK;Norwegian krone;SP;Spot;4;false;0;Units;C;ECB concertation time 14:15 CET;2023-11-02;11.8743
B;Business;EUR;Euro;NOK;Norwegian krone;SP;Spot;4;false;0;Units;C;ECB concertation time 14:15 CET;2023-11-03;11.8535
B;Business;EUR;Euro;NOK;Norwegian krone;SP;Spot;4;false;0;Units;C;ECB concertation time 14:15 CET;2023-11-06;11.8235
B;Business;EUR;Euro;NOK;Norwegian krone;SP;Spot;4;false;0;Units;C;ECB concertation time 14:15 CET;2023-11-07;11.922
B;Business;EUR;Euro;NOK;Norwegian krone;SP;Spot;4;false;0;Units;C;ECB concertation time 14:15 CET;2023-11-08;11.9305
B;Business;EUR;Euro;NOK;Norwegian krone;SP;Spot;4;false;0;Units;C;ECB concertation time 14:15 CET;2023-11-09;11.9335
B;Business;EUR;Euro;NOK;Norwegian krone;SP;Spot;4;false;0;Units;C;ECB concertation time 14:15 CET;2023-11-10;11.8725
B;Business;EUR;Euro;NOK;Norwegian krone;SP;Spot;4;false;0;Units;C;ECB concertation time 14:15 CET;2023-11-13;11.877
B;Business;EUR;Euro;NOK;Norwegian krone;SP;Spot;4;false;0;Units;C;ECB concertation time 14:15 CET;2023-11-14;11.945
B;Business;EUR;Euro;NOK;Norwegian krone;SP;Spot;4;false;0;Units;C;ECB concertation time 14:15 CET;2023-11-15;11.746
B;Business;EUR;Euro;NOK;Norwegian krone;SP;Spot;4;false;0;Units;C;ECB concertation time 14:15 CET;2023-11-16;11.7675
B;Business;EUR;Euro;NOK;Norwegian krone;SP;Spot;4;false;0;Units;C;ECB concertation time 14:15 CET;2023-11-17;11.811
B;Business;EUR;Euro;NOK;Norwegian krone;SP;Spot;4;false;0;Units;C;ECB concertation time 14:15 CET;2023-11-20;11.72
B;Business;EUR;Euro;NOK;Norwegian krone;SP;Spot;4;false;0;Units;C;ECB concertation time 14:15 CET;2023-11-21;11.67
B;Business;EUR;Euro;NOK;Norwegian krone;SP;Spot;4;false;0;Units;C;ECB concertation time 14:15 CET;2023-11-22;11.702
B;Business;EUR;Euro;NOK;Norwegian krone;SP;Spot;4;false;0;Units;C;ECB concertation time 14:15 CET;2023-11-23;11.711
B;Business;EUR;Euro;NOK;Norwegian krone;SP;Spot;4;false;0;Units;C;ECB concertation time 14:15 CET;2023-11-24;11.7345
B;Business;EUR;Euro;NOK;Norwegian krone;SP;Spot;4;false;0;Units;C;ECB concertation time 14:15 CET;2023-11-27;11.684
B;Business;EUR;Euro;NOK;Norwegian krone;SP;Spot;4;false;0;Units;C;ECB concertation time 14:15 CET;2023-11-28;11.7165
B;Business;EUR;Euro;NOK;Norwegian krone;SP;Spot;4;false;0;Units;C;ECB concertation time 14:15 CET;2023-11-29;11.6965
B;Business;EUR;Euro;NOK;Norwegian krone;SP;Spot;4;false;0;Units;C;ECB concertation time 14:15 CET;2023-11-30;11.72
B;Business;EUR;Euro;NOK;Norwegian krone;SP;Spot;4;false;0;Units;C;ECB concertation time 14:15 CET;2023-12-01;11.698
B;Business;EUR;Euro;NOK;Norwegian krone;SP;Spot;4;false;0;Units;C;ECB concertation time 14:15 CET;2023-12-04;11.678
B;Business;EUR;Euro;NOK;Norwegian krone;SP;Spot;4;false;0;Units;C;ECB concertation time 14:15 CET;2023-12-05;11.7865
B;Business;EUR;Euro;NOK;Norwegian krone;SP;Spot;4;false;0;Units;C;ECB concertation time 14:15 CET;2023-12-06;11.796
B;Business;EUR;Euro;NOK;Norwegian krone;SP;Spot;4;false;0;Units;C;ECB concertation time 14:15 CET;2023-12-07;11.7535
B;Business;EUR;Euro;NOK;Norwegian krone;SP;Spot;4;false;0;Units;C;ECB concertation time 14:15 CET;2023-12-08;11.727
B;Business;EUR;Euro;NOK;Norwegian krone;SP;Spot;4;false;0;Units;C;ECB concertation time 14:15 CET;2023-12-11;11.795
B;Business;EUR;Euro;NOK;Norwegian krone;SP;Spot;4;false;0;Units;C;ECB concertation time 14:15 CET;2023-12-12;11.778
B;Business;EUR;Euro;NOK;Norwegian krone;SP;Spot;4;false;0;Units;C;ECB concertation time 14:15 CET;2023-12-13;11.825
B;Business;EUR;Euro;NOK;Norwegian krone;SP;Spot;4;false;0;Units;C;ECB concertation time 14:15 CET;2023-12-14;11.518
B;Business;EUR;Euro;NOK;Norwegian krone;SP;Spot;4;false;0;Units;C;ECB concertation time 14:15 CET;2023-12-15;11.4495
B;Business;EUR;Euro;NOK;Norwegian krone;SP;Spot;4;false;0;Units;C;ECB concertation time 14:15 CET;2023-12-18;11.3485
B;Business;EUR;Euro;NOK;Norwegian krone;SP;Spot;4;false;0;Units;C;ECB concertation time 14:15 CET;2023-12-19;11.3655
B;Business;EUR;Euro;NOK;Norwegian krone;SP;Spot;4;false;0;Units;C;ECB concertation time 14:15 CET;2023-12-20;11.2895
B;Business;EUR;Euro;NOK;Norwegian krone;SP;Spot;4;false;0;Units;C;ECB concertation time 14:15 CET;2023-12-21;11.315
B;Business;EUR;Euro;NOK;Norwegian krone;SP;Spot;4;false;0;Units;C;ECB concertation time 14:15 CET;2023-12-22;11.2705
B;Business;EUR;Euro;NOK;Norwegian krone;SP;Spot;4;false;0;Units;C;ECB concertation time 14:15 CET;2023-12-27;11.2355
B;Business;EUR;Euro;NOK;Norwegian krone;SP;Spot;4;false;0;Units;C;ECB concertation time 14:15 CET;2023-12-28;11.2625
B;Business;EUR;Euro;NOK;Norwegian krone;SP;Spot;4;false;0;Units;C;ECB concertation time 14:15 CET;2023-12-29;11.2405
B;Business;EUR;Euro;NOK;Norwegian krone;SP;Spot;4;false;0;Units;C;ECB concertation time 14:15 CET;2024-01-02;11.2815
B;Business;EUR;Euro;NOK;Norwegian krone;SP;Spot;4;false;0;Units;C;ECB concertation time 14:15 CET;2024-01-03;11.32
B;Business;EUR;Euro;NOK;Norwegian krone;SP;Spot;4;false;0;Units;C;ECB concertation time 14:15 CET;2024-01-04;11.2845
B;Business;EUR;Euro;NOK;Norwegian krone;SP;Spot;4;false;0;Units;C;ECB concertation time 14:15 CET;2024-01-05;11.309
B;Business;EUR;Euro;NOK;Norwegian krone;SP;Spot;4;false;0;Units;C;ECB concertation time 14:15 CET;2024-01-08;11.362
B;Business;EUR;Euro;NOK;Norwegian krone;SP;Spot;4;false;0;Units;C;ECB concertation time 14:15 CET;2024-01-09;11.308
B;Business;EUR;Euro;NOK;Norwegian krone;SP;Spot;4;false;0;Units;C;ECB concertation time 14:15 CET;2024-01-10;11.2915
B;Business;EUR;Euro;NOK;Norwegian krone;SP;Spot;4;false;0;Units;C;ECB concertation time 14:15 CET;2024-01-11;11.3283
B;Business;EUR;Euro;NOK;Norwegian krone;SP;Spot;4;false;0;Units;C;ECB concertation time 14:15 CET;2024-01-12;11.2765
B;Business;EUR;Euro;NOK;Norwegian krone;SP;Spot;4;false;0;Units;C;ECB concertation time 14:15 CET;2024-01-15;11.314
B;Business;EUR;Euro;NOK;Norwegian krone;SP;Spot;4;false;0;Units;C;ECB concertation time 14:15 CET;2024-01-16;11.3335
B;Business;EUR;Euro;NOK;Norwegian krone;SP;Spot;4;false;0;Units;C;ECB concertation time 14:15 CET;2024-01-17;11.4335
B;Business;EUR;Euro;NOK;Norwegian krone;SP;Spot;4;false;0;Units;C;ECB concertation time 14:15 CET;2024-01-18;11.446
B;Business;EUR;Euro;NOK;Norwegian krone;SP;Spot;4;false;0;Units;C;ECB concertation time 14:15 CET;2024-01-19;11.41
B;Business;EUR;Euro;NOK;Norwegian krone;SP;Spot;4;false;0;Units;C;ECB concertation time 14:15 CET;2024-01-22;11.441
B;Business;EUR;Euro;NOK;Norwegian krone;SP;Spot;4;false;0;Units;C;ECB concertation time 14:15 CET;2024-01-23;11.4298
B;Business;EUR;Euro;NOK;Norwegian krone;SP;Spot;4;false;0;Units;C;ECB concertation time 14:15 CET;2024-01-24;11.4155
B;Business;EUR;Euro;NOK;Norwegian krone;SP;Spot;4;false;0;Units;C;ECB concertation time 14:15 CET;2024-01-25;11.3905
B;Business;EUR;Euro;NOK;Norwegian krone;SP;Spot;4;false;0;Units;C;ECB concertation time 14:15 CET;2024-01-26;11.3325
B;Business;EUR;Euro;NOK;Norwegian krone;SP;Spot;4;false;0;Units;C;ECB concertation time 14:15 CET;2024-01-29;11.305
B;Business;EUR;Euro;NOK;Norwegian krone;SP;Spot;4;false;0;Units;C;ECB concertation time 14:15 CET;2024-01-30;11.3383
B;Business;EUR;Euro;NOK;Norwegian krone;SP;Spot;4;false;0;Units;C;ECB concertation time 14:15 CET;2024-01-31;11.351
B;Business;EUR;Euro;NOK;Norwegian krone;SP;Spot;4;false;0;Units;C;ECB concertation time 14:15 CET;2024-02-01;11.3665
B;Business;EUR;Euro;NOK;Norwegian krone;SP;Spot;4;false;0;Units;C;ECB concertation time 14:15 CET;2024-02-02;11.387
B;Business;EUR;Euro;NOK;Norwegian krone;SP;Spot;4;false;0;Units;C;ECB concertation time 14:15 CET;2024-02-05;11.465
B;Business;EUR;Euro;NOK;Norwegian krone;SP;Spot;4;false;0;Units;C;ECB concertation time 14:15 CET;2024-02-06;11.458
B;Business;EUR;Euro;NOK;Norwegian krone;SP;Spot;4;false;0;Units;C;ECB concertation time 14:15 CET;2024-02-07;11.376
B;Business;EUR;Euro;NOK;Norwegian krone;SP;Spot;4;false;0;Units;C;ECB concertation time 14:15 CET;2024-02-08;11.412
B;Business;EUR;Euro;NOK;Norwegian krone;SP;Spot;4;false;0;Units;C;ECB concertation time 14:15 CET;2024-02-09;11.399
B;Business;EUR;Euro;NOK;Norwegian krone;SP;Spot;4;false;0;Units;C;ECB concertation time 14:15 CET;2024-02-12;11.32
B;Business;EUR;Euro;NOK;Norwegian krone;SP;Spot;4;false;0;Units;C;ECB concertation time 14:15 CET;2024-02-13;11.302
B;Business;EUR;Euro;NOK;Norwegian krone;SP;Spot;4;false;0;Units;C;ECB concertation time 14:15 CET;2024-02-14;11.3375
B;Business;EUR;Euro;NOK;Norwegian krone;SP;Spot;4;false;0;Units;C;ECB concertation time 14:15 CET;2024-02-15;11.361
B;Business;EUR;Euro;NOK;Norwegian krone;SP;Spot;4;false;0;Units;C;ECB concertation time 14:15 CET;2024-02-16;11.3555
B;Business;EUR;Euro;NOK;Norwegian krone;SP;Spot;4;false;0;Units;C;ECB concertation time 14:15 CET;2024-02-19;11.3045
B;Business;EUR;Euro;NOK;Norwegian krone;SP;Spot;4;false;0;Units;C;ECB concertation time 14:15 CET;2024-02-20;11.3275
B;Business;EUR;Euro;NOK;Norwegian krone;SP;Spot;4;false;0;Units;C;ECB concertation time 14:15 CET;2024-02-21;11.3345
B;Business;EUR;Euro;NOK;Norwegian krone;SP;Spot;4;false;0;Units;C;ECB concertation time 14:15 CET;2024-02-22;11.356
B;Business;EUR;Euro;NOK;Norwegian krone;SP;Spot;4;false;0;Units;C;ECB concertation time 14:15 CET;2024-02-23;11.389
B;Business;EUR;Euro;NOK;Norwegian krone;SP;Spot;4;false;0;Units;C;ECB concertation time 14:15 CET;2024-02-26;11.4285
B;Business;EUR;Euro;NOK;Norwegian krone;SP;Spot;4;false;0;Units;C;ECB concertation time 14:15 CET;2024-02-27;11.431
B;Business;EUR;Euro;NOK;Norwegian krone;SP;Spot;4;false;0;Units;C;ECB concertation time 14:15 CET;2024-02-28;11.4675
B;Business;EUR;Euro;NOK;Norwegian krone;SP;Spot;4;false;0;Units;C;ECB concertation time 14:15 CET;2024-02-29;11.492
B;Business;EUR;Euro;NOK;Norwegian krone;SP;Spot;4;false;0;Units;C;ECB concertation time 14:15 CET;2024-03-01;11.443
B;Business;EUR;Euro;NOK;Norwegian krone;SP;Spot;4;false;0;Units;C;ECB concertation time 14:15 CET;2024-03-04;11.4325
B;Business;EUR;Euro;NOK;Norwegian krone;SP;Spot;4;false;0;Units;C;ECB concertation time 14:15 CET;2024-03-05;11.475
B;Business;EUR;Euro;NOK;Norwegian krone;SP;Spot;4;false;0;Units;C;ECB concertation time 14:15 CET;2024-03-06;11.468
B;Business;EUR;Euro;NOK;Norwegian krone;SP;Spot;4;false;0;Units;C;ECB concertation time 14:15 CET;2024-03-07;11.394
B;Business;EUR;Euro;NOK;Norwegian krone;SP;Spot;4;false;0;Units;C;ECB concertation time 14:15 CET;2024-03-08;11.3395
B;Business;EUR;Euro;NOK;Norwegian krone;SP;Spot;4;false;0;Units;C;ECB concertation time 14:15 CET;2024-03-11;11.4405
B;Business;EUR;Euro;NOK;Norwegian krone;SP;Spot;4;false;0;Units;C;ECB concertation time 14:15 CET;2024-03-12;11.4673
B;Business;EUR;Euro;NOK;Norwegian krone;SP;Spot;4;false;0;Units;C;ECB concertation time 14:15 CET;2024-03-13;11.4805
B;Business;EUR;Euro;NOK;Norwegian krone;SP;Spot;4;false;0;Units;C;ECB concertation time 14:15 CET;2024-03-14;11.467
B;Business;EUR;Euro;NOK;Norwegian krone;SP;Spot;4;false;0;Units;C;ECB concertation time 14:15 CET;2024-03-15;11.5205
B;Business;EUR;Euro;NOK;Norwegian krone;SP;Spot;4;false;0;Units;C;ECB concertation time 14:15 CET;2024-03-18;11.5565
B;Business;EUR;Euro;NOK;Norwegian krone;SP;Spot;4;false;0;Units;C;ECB concertation time 14:15 CET;2024-03-19;11.5985
B;Business;EUR;Euro;NOK;Norwegian krone;SP;Spot;4;false;0;Units;C;ECB concertation time 14:15 CET;2024-03-20;11.5725
B;Business;EUR;Euro;NOK;Norwegian krone;SP;Spot;4;false;0;Units;C;ECB concertation time 14:15 CET;2024-03-21;11.543
B;Business;EUR;Euro;NOK;Norwegian krone;SP;Spot;4;false;0;Units;C;ECB concertation time 14:15 CET;2024-03-22;11.617
B;Business;EUR;Euro;NOK;Norwegian krone;SP;Spot;4;false;0;Units;C;ECB concertation time 14:15 CET;2024-03-25;11.605
B;Business;EUR;Euro;NOK;Norwegian krone;SP;Spot;4;false;0;Units;C;ECB concertation time 14:15 CET;2024-03-26;11.626
B;Business;EUR;Euro;NOK;Norwegian krone;SP;Spot;4;false;0;Units;C;ECB concertation time 14:15 CET;2024-03-27;11.6825
B;Business;EUR;Euro;NOK;Norwegian krone;SP;Spot;4;false;0;Units;C;ECB concertation time 14:15 CET;2024-04-02;11.708
B;Business;EUR;Euro;NOK;Norwegian krone;SP;Spot;4;false;0;Units;C;ECB concertation time 14:15 CET;2024-04-03;11.658
B;Business;EUR;Euro;NOK;Norwegian krone;SP;Spot;4;false;0;Units;C;ECB concertation time 14:15 CET;2024-04-04;11.6125
B;Business;EUR;Euro;NOK;Norwegian krone;SP;Spot;4;false;0;Units;C;ECB concertation time 14:15 CET;2024-04-05;11.6118
B;Business;EUR;Euro;NOK;Norwegian krone;SP;Spot;4;false;0;Units;C;ECB concertation time 14:15 CET;2024-04-08;11.5905
B;Business;EUR;Euro;NOK;Norwegian krone;SP;Spot;4;false;0;Units;C;ECB concertation time 14:15 CET;2024-04-09;11.593
B;Business;EUR;Euro;NOK;Norwegian krone;SP;Spot;4;false;0;Units;C;ECB concertation time 14:15 CET;2024-04-10;11.5665
B;Business;EUR;Euro;NOK;Norwegian krone;SP;Spot;4;false;0;Units;C;ECB concertation time 14:15 CET;2024-04-11;11.618
B;Business;EUR;Euro;NOK;Norwegian krone;SP;Spot;4;false;0;Units;C;ECB concertation time 14:15 CET;2024-04-12;11.587
B;Business;EUR;Euro;NOK;Norwegian krone;SP;Spot;4;false;0;Units;C;ECB concertation time 14:15 CET;2024-04-15;11.626
B;Business;EUR;Euro;NOK;Norwegian krone;SP;Spot;4;false;0;Units;C;ECB concertation time 14:15 CET;2024-04-16;11.6745
B;Business;EUR;Euro;NOK;Norwegian krone;SP;Spot;4;false;0;Units;C;ECB concertation time 14:15 CET;2024-04-17;11.696
B;Business;EUR;Euro;NOK;Norwegian krone;SP;Spot;4;false;0;Units;C;ECB concertation time 14:15 CET;2024-04-18;11.7375
B;Business;EUR;Euro;NOK;Norwegian krone;SP;Spot;4;false;0;Units;C;ECB concertation time 14:15 CET;2024-04-19;11.765
B;Business;EUR;Euro;NOK;Norwegian krone;SP;Spot;4;false;0;Units;C;ECB concertation time 14:15 CET;2024-04-22;11.7185
B;Business;EUR;Euro;NOK;Norwegian krone;SP;Spot;4;false;0;Units;C;ECB concertation time 14:15 CET;2024-04-23;11.731
B;Business;EUR;Euro;NOK;Norwegian krone;SP;Spot;4;false;0;Units;C;ECB concertation time 14:15 CET;2024-04-24;11.733
B;Business;EUR;Euro;NOK;Norwegian krone;SP;Spot;4;false;0;Units;C;ECB concertation time 14:15 CET;2024-04-25;11.714
B;Business;EUR;Euro;NOK;Norwegian krone;SP;Spot;4;false;0;Units;C;ECB concertation time 14:15 CET;2024-04-26;11.7995
B;Business;EUR;Euro;NOK;Norwegian krone;SP;Spot;4;false;0;Units;C;ECB concertation time 14:15 CET;2024-04-29;11.7835
B;Business;EUR;Euro;NOK;Norwegian krone;SP;Spot;4;false;0;Units;C;ECB concertation time 14:15 CET;2024-04-30;11.815
B;Business;EUR;Euro;NOK;Norwegian krone;SP;Spot;4;false;0;Units;C;ECB concertation time 14:15 CET;2024-05-02;11.843
B;Business;EUR;Euro;NOK;Norwegian krone;SP;Spot;4;false;0;Units;C;ECB concertation time 14:15 CET;2024-05-03;11.708
B;Business;EUR;Euro;NOK;Norwegian krone;SP;Spot;4;false;0;Units;C;ECB concertation time 14:15 CET;2024-05-06;11.6663
B;Business;EUR;Euro;NOK;Norwegian krone;SP;Spot;4;false;0;Units;C;ECB concertation time 14:15 CET;2024-05-07;11.698
B;Business;EUR;Euro;NOK;Norwegian krone;SP;Spot;4;false;0;Units;C;ECB concertation time 14:15 CET;2024-05-08;11.757
B;Business;EUR;Euro;NOK;Norwegian krone;SP;Spot;4;false;0;Units;C;ECB concertation time 14:15 CET;2024-05-10;11.6735
B;Business;EUR;Euro;NOK;Norwegian krone;SP;Spot;4;false;0;Units;C;ECB concertation time 14:15 CET;2024-05-13;11.68
B;Business;EUR;Euro;NOK;Norwegian krone;SP;Spot;4;false;0;Units;C;ECB concertation time 14:15 CET;2024-05-14;11.6815
B;Business;EUR;Euro;NOK;Norwegian krone;SP;Spot;4;false;0;Units;C;ECB concertation time 14:15 CET;2024-05-15;11.649
B;Business;EUR;Euro;NOK;Norwegian krone;SP;Spot;4;false;0;Units;C;ECB concertation time 14:15 CET;2024-05-16;11.642
B;Business;EUR;Euro;NOK;Norwegian krone;SP;Spot;4;false;0;Units;C;ECB concertation time 14:15 CET;2024-05-21;11.583
B;Business;EUR;Euro;NOK;Norwegian krone;SP;Spot;4;false;0;Units;C;ECB concertation time 14:15 CET;2024-05-22;11.585
B;Business;EUR;Euro;NOK;Norwegian krone;SP;Spot;4;false;0;Units;C;ECB concertation time 14:15 CET;2024-05-23;11.5165
B;Business;EUR;Euro;NOK;Norwegian krone;SP;Spot;4;false;0;Units;C;ECB concertation time 14:15 CET;2024-05-24;11.4953
B;Business;EUR;Euro;NOK;Norwegian krone;SP;Spot;4;false;0;Units;C;ECB concertation time 14:15 CET;2024-05-27;11.415
B;Business;EUR;Euro;NOK;Norwegian krone;SP;Spot;4;false;0;Units;C;ECB concertation time 14:15 CET;2024-05-28;11.407
B;Business;EUR;Euro;NOK;Norwegian krone;SP;Spot;4;false;0;Units;C;ECB concertation time 14:15 CET;2024-05-29;11.417
B;Business;EUR;Euro;NOK;Norwegian krone;SP;Spot;4;false;0;Units;C;ECB concertation time 14:15 CET;2024-05-30;11.4065
B;Business;EUR;Euro;NOK;Norwegian krone;SP;Spot;4;false;0;Units;C;ECB concertation time 14:15 CET;2024-05-31;11.383
B;Business;EUR;Euro;NOK;Norwegian krone;SP;Spot;4;false;0;Units;C;ECB concertation time 14:15 CET;2024-06-03;11.3885
B;Business;EUR;Euro;NOK;Norwegian krone;SP;Spot;4;false;0;Units;C;ECB concertation time 14:15 CET;2024-06-04;11.489
B;Business;EUR;Euro;NOK;Norwegian krone;SP;Spot;4;false;0;Units;C;ECB concertation time 14:15 CET;2024-06-05;11.475
B;Business;EUR;Euro;NOK;Norwegian krone;SP;Spot;4;false;0;Units;C;ECB concertation time 14:15 CET;2024-06-06;11.5
B;Business;EUR;Euro;NOK;Norwegian krone;SP;Spot;4;false;0;Units;C;ECB concertation time 14:15 CET;2024-06-07;11.4865
B;Business;EUR;Euro;NOK;Norwegian krone;SP;Spot;4;false;0;Units;C;ECB concertation time 14:15 CET;2024-06-10;11.512
B;Business;EUR;Euro;NOK;Norwegian krone;SP;Spot;4;false;0;Units;C;ECB concertation time 14:15 CET;2024-06-11;11.491
B;Business;EUR;Euro;NOK;Norwegian krone;SP;Spot;4;false;0;Units;C;ECB concertation time 14:15 CET;2024-06-12;11.4675
B;Business;EUR;Euro;NOK;Norwegian krone;SP;Spot;4;false;0;Units;C;ECB concertation time 14:15 CET;2024-06-13;11.4315
B;Business;EUR;Euro;NOK;Norwegian krone;SP;Spot;4;false;0;Units;C;ECB concertation time 14:15 CET;2024-06-14;11.4025
B;Business;EUR;Euro;NOK;Norwegian krone;SP;Spot;4;false;0;Units;C;ECB concertation time 14:15 CET;2024-06-17;11.486
B;Business;EUR;Euro;NOK;Norwegian krone;SP;Spot;4;false;0;Units;C;ECB concertation time 14:15 CET;2024-06-18;11.448
B;Business;EUR;Euro;NOK;Norwegian krone;SP;Spot;4;false;0;Units;C;ECB concertation time 14:15 CET;2024-06-19;11.354
B;Business;EUR;Euro;NOK;Norwegian krone;SP;Spot;4;false;0;Units;C;ECB concertation time 14:15 CET;2024-06-20;11.2915
B;Business;EUR;Euro;NOK;Norwegian krone;SP;Spot;4;false;0;Units;C;ECB concertation time 14:15 CET;2024-06-21;11.2685
B;Business;EUR;Euro;NOK;Norwegian krone;SP;Spot;4;false;0;Units;C;ECB concertation time 14:15 CET;2024-06-24;11.349
B;Business;EUR;Euro;NOK;Norwegian krone;SP;Spot;4;false;0;Units;C;ECB concertation time 14:15 CET;2024-06-25;11.3265
B;Business;EUR;Euro;NOK;Norwegian krone;SP;Spot;4;false;0;Units;C;ECB concertation time 14:15 CET;2024-06-26;11.3945
B;Business;EUR;Euro;NOK;Norwegian krone;SP;Spot;4;false;0;Units;C;ECB concertation time 14:15 CET;2024-06-27;11.398
B;Business;EUR;Euro;NOK;Norwegian krone;SP;Spot;4;false;0;Units;C;ECB concertation time 14:15 CET;2024-06-28;11.3965
B;Business;EUR;Euro;NOK;Norwegian krone;SP;Spot;4;false;0;Units;C;ECB concertation time 14:15 CET;2024-07-01;11.4315
B;Business;EUR;Euro;NOK;Norwegian krone;SP;Spot;4;false;0;Units;C;ECB concertation time 14:15 CET;2024-07-02;11.4795
B;Business;EUR;Euro;NOK;Norwegian krone;SP;Spot;4;false;0;Units;C;ECB concertation time 14:15 CET;2024-07-03;11.4583
B;Business;EUR;Euro;NOK;Norwegian krone;SP;Spot;4;false;0;Units;C;ECB concertation time 14:15 CET;2024-07-04;11.4015
B;Business;EUR;Euro;NOK;Norwegian krone;SP;Spot;4;false;0;Units;C;ECB concertation time 14:15 CET;2024-07-05;11.448
B;Business;EUR;Euro;NOK;Norwegian krone;SP;Spot;4;false;0;Units;C;ECB concertation time 14:15 CET;2024-07-08;11.4575
B;Business;EUR;Euro;NOK;Norwegian krone;SP;Spot;4;false;0;Units;C;ECB concertation time 14:15 CET;2024-07-09;11.489
B;Business;EUR;Euro;NOK;Norwegian krone;SP;Spot;4;false;0;Units;C;ECB concertation time 14:15 CET;2024-07-10;11.607
B;Business;EUR;Euro;NOK;Norwegian krone;SP;Spot;4;false;0;Units;C;ECB concertation time 14:15 CET;2024-07-11;11.6725
B;Business;EUR;Euro;NOK;Norwegian krone;SP;Spot;4;false;0;Units;C;ECB concertation time 14:15 CET;2024-07-12;11.7025
B;Business;EUR;Euro;NOK;Norwegian krone;SP;Spot;4;false;0;Units;C;ECB concertation time 14:15 CET;2024-07-15;11.746
B;Business;EUR;Euro;NOK;Norwegian krone;SP;Spot;4;false;0;Units;C;ECB concertation time 14:15 CET;2024-07-16;11.7815
B;Business;EUR;Euro;NOK;Norwegian krone;SP;Spot;4;false;0;Units;C;ECB concertation time 14:15 CET;2024-07-17;11.7575
B;Business;EUR;Euro;NOK;Norwegian krone;SP;Spot;4;false;0;Units;C;ECB concertation time 14:15 CET;2024-07-18;11.748
B;Business;EUR;Euro;NOK;Norwegian krone;SP;Spot;4;false;0;Units;C;ECB concertation time 14:15 CET;2024-07-19;11.8255
B;Business;EUR;Euro;NOK;Norwegian krone;SP;Spot;4;false;0;Units;C;ECB concertation time 14:15 CET;2024-07-22;11.9165
B;Business;EUR;Euro;NOK;Norwegian krone;SP;Spot;4;false;0;Units;C;ECB concertation time 14:15 CET;2024-07-23;11.9635
B;Business;EUR;Euro;NOK;Norwegian krone;SP;Spot;4;false;0;Units;C;ECB concertation time 14:15 CET;2024-07-24;11.942
B;Business;EUR;Euro;NOK;Norwegian krone;SP;Spot;4;false;0;Units;C;ECB concertation time 14:15 CET;2024-07-25;12.0825
B;Business;EUR;Euro;NOK;Norwegian krone;SP;Spot;4;false;0;Units;C;ECB concertation time 14:15 CET;2024-07-26;11.937
B;Business;EUR;Euro;NOK;Norwegian krone;SP;Spot;4;false;0;Units;C;ECB concertation time 14:15 CET;2024-07-29;11.9155
B;Business;EUR;Euro;NOK;Norwegian krone;SP;Spot;4;false;0;Units;C;ECB concertation time 14:15 CET;2024-07-30;11.8885
B;Business;EUR;Euro;NOK;Norwegian krone;SP;Spot;4;false;0;Units;C;ECB concertation time 14:15 CET;2024-07-31;11.8175
B;Business;EUR;Euro;NOK;Norwegian krone;SP;Spot;4;false;0;Units;C;ECB concertation time 14:15 CET;2024-08-01;11.7465
B;Business;EUR;Euro;NOK;Norwegian krone;SP;Spot;4;false;0;Units;C;ECB concertation time 14:15 CET;2024-08-02;11.929
B;Business;EUR;Euro;NOK;Norwegian krone;SP;Spot;4;false;0;Units;C;ECB concertation time 14:15 CET;2024-08-05;12.1108
B;Business;EUR;Euro;NOK;Norwegian krone;SP;Spot;4;false;0;Units;C;ECB concertation time 14:15 CET;2024-08-06;12.0005
B;Business;EUR;Euro;NOK;Norwegian krone;SP;Spot;4;false;0;Units;C;ECB concertation time 14:15 CET;2024-08-07;11.781
B;Business;EUR;Euro;NOK;Norwegian krone;SP;Spot;4;false;0;Units;C;ECB concertation time 14:15 CET;2024-08-08;11.8825
B;Business;EUR;Euro;NOK;Norwegian krone;SP;Spot;4;false;0;Units;C;ECB concertation time 14:15 CET;2024-08-09;11.8295
B;Business;EUR;Euro;NOK;Norwegian krone;SP;Spot;4;false;0;Units;C;ECB concertation time 14:15 CET;2024-08-12;11.7745
B;Business;EUR;Euro;NOK;Norwegian krone;SP;Spot;4;false;0;Units;C;ECB concertation time 14:15 CET;2024-08-13;11.797
B;Business;EUR;Euro;NOK;Norwegian krone;SP;Spot;4;false;0;Units;C;ECB concertation time 14:15 CET;2024-08-14;11.7665
B;Business;EUR;Euro;NOK;Norwegian krone;SP;Spot;4;false;0;Units;C;ECB concertation time 14:15 CET;2024-08-15;11.7455
B;Business;EUR;Euro;NOK;Norwegian krone;SP;Spot;4;false;0;Units;C;ECB concertation time 14:15 CET;2024-08-16;11.8185
B;Business;EUR;Euro;NOK;Norwegian krone;SP;Spot;4;false;0;Units;C;ECB concertation time 14:15 CET;2024-08-19;11.7345
B;Business;EUR;Euro;NOK;Norwegian krone;SP;Spot;4;false;0;Units;C;ECB concertation time 14:15 CET;2024-08-20;11.6825
B;Business;EUR;Euro;NOK;Norwegian krone;SP;Spot;4;false;0;Units;C;ECB concertation time 14:15 CET;2024-08-21;11.683
B;Business;EUR;Euro;NOK;Norwegian krone;SP;Spot;4;false;0;Units;C;ECB concertation time 14:15 CET;2024-08-22;11.7685
B;Business;EUR;Euro;NOK;Norwegian krone;SP;Spot;4;false;0;Units;C;ECB concertation time 14:15 CET;2024-08-23;11.802
B;Business;EUR;Euro;NOK;Norwegian krone;SP;Spot;4;false;0;Units;C;ECB concertation time 14:15 CET;2024-08-26;11.7785
B;Business;EUR;Euro;NOK;Norwegian krone;SP;Spot;4;false;0;Units;C;ECB concertation time 14:15 CET;2024-08-27;11.723
B;Business;EUR;Euro;NOK;Norwegian krone;SP;Spot;4;false;0;Units;C;ECB concertation time 14:15 CET;2024-08-28;11.712
B;Business;EUR;Euro;NOK;Norwegian krone;SP;Spot;4;false;0;Units;C;ECB concertation time 14:15 CET;2024-08-29;11.641
B;Business;EUR;Euro;NOK;Norwegian krone;SP;Spot;4;false;0;Units;C;ECB concertation time 14:15 CET;2024-08-30;11.662
B;Business;EUR;Euro;NOK;Norwegian krone;SP;Spot;4;false;0;Units;C;ECB concertation time 14:15 CET;2024-09-02;11.73
B;Business;EUR;Euro;NOK;Norwegian krone;SP;Spot;4;false;0;Units;C;ECB concertation time 14:15 CET;2024-09-03;11.766
B;Business;EUR;Euro;NOK;Norwegian krone;SP;Spot;4;false;0;Units;C;ECB concertation time 14:15 CET;2024-09-04;11.805
B;Business;EUR;Euro;NOK;Norwegian krone;SP;Spot;4;false;0;Units;C;ECB concertation time 14:15 CET;2024-09-05;11.7895
B;Business;EUR;Euro;NOK;Norwegian krone;SP;Spot;4;false;0;Units;C;ECB concertation time 14:15 CET;2024-09-06;11.8015
B;Business;EUR;Euro;NOK;Norwegian krone;SP;Spot;4;false;0;Units;C;ECB concertation time 14:15 CET;2024-09-09;11.9405
B;Business;EUR;Euro;NOK;Norwegian krone;SP;Spot;4;false;0;Units;C;ECB concertation time 14:15 CET;2024-09-10;11.902
B;Business;EUR;Euro;NOK;Norwegian krone;SP;Spot;4;false;0;Units;C;ECB concertation time 14:15 CET;2024-09-11;11.937
B;Business;EUR;Euro;NOK;Norwegian krone;SP;Spot;4;false;0;Units;C;ECB concertation time 14:15 CET;2024-09-12;11.934
B;Business;EUR;Euro;NOK;Norwegian krone;SP;Spot;4;false;0;Units;C;ECB concertation time 14:15 CET;2024-09-13;11.8495
B;Business;EUR;Euro;NOK;Norwegian krone;SP;Spot;4;false;0;Units;C;ECB concertation time 14:15 CET;2024-09-16;11.78
B;Business;EUR;Euro;NOK;Norwegian krone;SP;Spot;4;false;0;Units;C;ECB concertation time 14:15 CET;2024-09-17;11.7885
B;Business;EUR;Euro;NOK;Norwegian krone;SP;Spot;4;false;0;Units;C;ECB concertation time 14:15 CET;2024-09-18;11.7753
B;Business;EUR;Euro;NOK;Norwegian krone;SP;Spot;4;false;0;Units;C;ECB concertation time 14:15 CET;2024-09-19;11.6678
B;Business;EUR;Euro;NOK;Norwegian krone;SP;Spot;4;false;0;Units;C;ECB concertation time 14:15 CET;2024-09-20;11.733
B;Business;EUR;Euro;NOK;Norwegian krone;SP;Spot;4;false;0;Units;C;ECB concertation time 14:15 CET;2024-09-23;11.686
B;Business;EUR;Euro;NOK;Norwegian krone;SP;Spot;4;false;0;Units;C;ECB concertation time 14:15 CET;2024-09-24;11.612
B;Business;EUR;Euro;NOK;Norwegian krone;SP;Spot;4;false;0;Units;C;ECB concertation time 14:15 CET;2024-09-25;11.684
B;Business;EUR;Euro;NOK;Norwegian krone;SP;Spot;4;false;0;Units;C;ECB concertation time 14:15 CET;2024-09-26;11.7865
B;Business;EUR;Euro;NOK;Norwegian krone;SP;Spot;4;false;0;Units;C;ECB concertation time 14:15 CET;2024-09-27;11.7575
B;Business;EUR;Euro;NOK;Norwegian krone;SP;Spot;4;false;0;Units;C;ECB concertation time 14:15 CET;2024-09-30;11.7645
B;Business;EUR;Euro;NOK;Norwegian krone;SP;Spot;4;false;0;Units;C;ECB concertation time 14:15 CET;2024-10-01;11.7305
B;Business;EUR;Euro;NOK;Norwegian krone;SP;Spot;4;false;0;Units;C;ECB concertation time 14:15 CET;2024-10-02;11.6735
B;Business;EUR;Euro;NOK;Norwegian krone;SP;Spot;4;false;0;Units;C;ECB concertation time 14:15 CET;2024-10-03;11.7195
B;Business;EUR;Euro;NOK;Norwegian krone;SP;Spot;4;false;0;Units;C;ECB concertation time 14:15 CET;2024-10-04;11.6845
B;Business;EUR;Euro;NOK;Norwegian krone;SP;Spot;4;false;0;Units;C;ECB concertation time 14:15 CET;2024-10-07;11.656
B;Business;EUR;Euro;NOK;Norwegian krone;SP;Spot;4;false;0;Units;C;ECB concertation time 14:15 CET;2024-10-08;11.687
B;Business;EUR;Euro;NOK;Norwegian krone;SP;Spot;4;false;0;Units;C;ECB concertation time 14:15 CET;2024-10-09;11.786
B;Business;EUR;Euro;NOK;Norwegian krone;SP;Spot;4;false;0;Units;C;ECB concertation time 14:15 CET;2024-10-10;11.792
B;Business;EUR;Euro;NOK;Norwegian krone;SP;Spot;4;false;0;Units;C;ECB concertation time 14:15 CET;2024-10-11;11.7393
B;Business;EUR;Euro;NOK;Norwegian krone;SP;Spot;4;false;0;Units;C;ECB concertation time 14:15 CET;2024-10-14;11.7465
B;Business;EUR;Euro;NOK;Norwegian krone;SP;Spot;4;false;0;Units;C;ECB concertation time 14:15 CET;2024-10-15;11.766
B;Business;EUR;Euro;NOK;Norwegian krone;SP;Spot;4;false;0;Units;C;ECB concertation time 14:15 CET;2024-10-16;11.8015
B;Business;EUR;Euro;NOK;Norwegian krone;SP;Spot;4;false;0;Units;C;ECB concertation time 14:15 CET;2024-10-17;11.8735
B;Business;EUR;Euro;NOK;Norwegian krone;SP;Spot;4;false;0;Units;C;ECB concertation time 14:15 CET;2024-10-18;11.8115
B;Business;EUR;Euro;NOK;Norwegian krone;SP;Spot;4;false;0;Units;C;ECB concertation time 14:15 CET;2024-10-21;11.838
B;Business;EUR;Euro;NOK;Norwegian krone;SP;Spot;4;false;0;Units;C;ECB concertation time 14:15 CET;2024-10-22;11.823
B;Business;EUR;Euro;NOK;Norwegian krone;SP;Spot;4;false;0;Units;C;ECB concertation time 14:15 CET;2024-10-23;11.8525
B;Business;EUR;Euro;NOK;Norwegian krone;SP;Spot;4;false;0;Units;C;ECB concertation time 14:15 CET;2024-10-24;11.8155
B;Business;EUR;Euro;NOK;Norwegian krone;SP;Spot;4;false;0;Units;C;ECB concertation time 14:15 CET;2024-10-25;11.8195
B;Business;EUR;Euro;NOK;Norwegian krone;SP;Spot;4;false;0;Units;C;ECB concertation time 14:15 CET;2024-10-28;11.912
B;Business;EUR;Euro;NOK;Norwegian krone;SP;Spot;4;false;0;Units;C;ECB concertation time 14:15 CET;2024-10-29;11.8415
B;Business;EUR;Euro;NOK;Norwegian krone;SP;Spot;4;false;0;Units;C;ECB concertation time 14:15 CET;2024-10-30;11.8785
B;Business;EUR;Euro;NOK;Norwegian krone;SP;Spot;4;false;0;Units;C;ECB concertation time 14:15 CET;2024-10-31;11.9385
B;Business;EUR;Euro;NOK;Norwegian krone;SP;Spot;4;false;0;Units;C;ECB concertation time 14:15 CET;2024-11-01;11.96
B;Business;EUR;Euro;NOK;Norwegian krone;SP;Spot;4;false;0;Units;C;ECB concertation time 14:15 CET;2024-11-04;11.9465
B;Business;EUR;Euro;NOK;Norwegian krone;SP;Spot;4;false;0;Units;C;ECB concertation time 14:15 CET;2024-11-05;11.96
B;Business;EUR;Euro;NOK;Norwegian krone;SP;Spot;4;false;0;Units;C;ECB concertation time 14:15 CET;2024-11-06;11.909
B;Business;EUR;Euro;NOK;Norwegian krone;SP;Spot;4;false;0;Units;C;ECB concertation time 14:15 CET;2024-11-07;11.7485
B;Business;EUR;Euro;NOK;Norwegian krone;SP;Spot;4;false;0;Units;C;ECB concertation time 14:15 CET;2024-11-08;11.7735
B;Business;EUR;Euro;NOK;Norwegian krone;SP;Spot;4;false;0;Units;C;ECB concertation time 14:15 CET;2024-11-11;11.7865
B;Business;EUR;Euro;NOK;Norwegian krone;SP;Spot;4;false;0;Units;C;ECB concertation time 14:15 CET;2024-11-12;11.7385
B;Business;EUR;Euro;NOK;Norwegian krone;SP;Spot;4;false;0;Units;C;ECB concertation time 14:15 CET;2024-11-13;11.7645
B;Business;EUR;Euro;NOK;Norwegian krone;SP;Spot;4;false;0;Units;C;ECB concertation time 14:15 CET;2024-11-14;11.759
B;Business;EUR;Euro;NOK;Norwegian krone;SP;Spot;4;false;0;Units;C;ECB concertation time 14:15 CET;2024-11-15;11.699
B;Business;EUR;Euro;NOK;Norwegian krone;SP;Spot;4;false;0;Units;C;ECB concertation time 14:15 CET;2024-11-18;11.717
B;Business;EUR;Euro;NOK;Norwegian krone;SP;Spot;4;false;0;Units;C;ECB concertation time 14:15 CET;2024-11-19;11.6595
B;Business;EUR;Euro;NOK;Norwegian krone;SP;Spot;4;false;0;Units;C;ECB concertation time 14:15 CET;2024-11-20;11.644
B;Business;EUR;Euro;NOK;Norwegian krone;SP;Spot;4;false;0;Units;C;ECB concertation time 14:15 CET;2024-11-21;11.62
B;Business;EUR;Euro;NOK;Norwegian krone;SP;Spot;4;false;0;Units;C;ECB concertation time 14:15 CET;2024-11-22;11.568
B;Business;EUR;Euro;NOK;Norwegian krone;SP;Spot;4;false;0;Units;C;ECB concertation time 14:15 CET;2024-11-25;11.5865
B;Business;EUR;Euro;NOK;Norwegian krone;SP;Spot;4;false;0;Units;C;ECB concertation time 14:15 CET;2024-11-26;11.6815
B;Business;EUR;Euro;NOK;Norwegian krone;SP;Spot;4;false;0;Units;C;ECB concertation time 14:15 CET;2024-11-27;11.69
B;Business;EUR;Euro;NOK;Norwegian krone;SP;Spot;4;false;0;Units;C;ECB concertation time 14:15 CET;2024-11-28;11.664
B;Business;EUR;Euro;NOK;Norwegian krone;SP;Spot;4;false;0;Units;C;ECB concertation time 14:15 CET;2024-11-29;11.6805
B;Business;EUR;Euro;NOK;Norwegian krone;SP;Spot;4;false;0;Units;C;ECB concertation time 14:15 CET;2024-12-02;11.659
B;Business;EUR;Euro;NOK;Norwegian krone;SP;Spot;4;false;0;Units;C;ECB concertation time 14:15 CET;2024-12-03;11.629
B;Business;EUR;Euro;NOK;Norwegian krone;SP;Spot;4;false;0;Units;C;ECB concertation time 14:15 CET;2024-12-04;11.6205
B;Business;EUR;Euro;NOK;Norwegian krone;SP;Spot;4;false;0;Units;C;ECB concertation time 14:15 CET;2024-12-05;11.66
B;Business;EUR;Euro;NOK;Norwegian krone;SP;Spot;4;false;0;Units;C;ECB concertation time 14:15 CET;2024-12-06;11.7445
B;Business;EUR;Euro;NOK;Norwegian krone;SP;Spot;4;false;0;Units;C;ECB concertation time 14:15 CET;2024-12-09;11.7435
B;Business;EUR;Euro;NOK;Norwegian krone;SP;Spot;4;false;0;Units;C;ECB concertation time 14:15 CET;2024-12-10;11.7315
B;Business;EUR;Euro;NOK;Norwegian krone;SP;Spot;4;false;0;Units;C;ECB concertation time 14:15 CET;2024-12-11;11.712
B;Business;EUR;Euro;NOK;Norwegian krone;SP;Spot;4;false;0;Units;C;ECB concertation time 14:15 CET;2024-12-12;11.654
B;Business;EUR;Euro;NOK;Norwegian krone;SP;Spot;4;false;0;Units;C;ECB concertation time 14:15 CET;2024-12-13;11.6758
B;Business;EUR;Euro;NOK;Norwegian krone;SP;Spot;4;false;0;Units;C;ECB concertation time 14:15 CET;2024-12-16;11.716
B;Business;EUR;Euro;NOK;Norwegian krone;SP;Spot;4;false;0;Units;C;ECB concertation time 14:15 CET;2024-12-17;11.7635
B;Business;EUR;Euro;NOK;Norwegian krone;SP;Spot;4;false;0;Units;C;ECB concertation time 14:15 CET;2024-12-18;11.762
B;Business;EUR;Euro;NOK;Norwegian krone;SP;Spot;4;false;0;Units;C;ECB concertation time 14:15 CET;2024-12-19;11.8143
B;Business;EUR;Euro;NOK;Norwegian krone;SP;Spot;4;false;0;Units;C;ECB concertation time 14:15 CET;2024-12-20;11.8685
B;Business;EUR;Euro;NOK;Norwegian krone;SP;Spot;4;false;0;Units;C;ECB concertation time 14:15 CET;2024-12-23;11.807
B;Business;EUR;Euro;NOK;Norwegian krone;SP;Spot;4;false;0;Units;C;ECB concertation time 14:15 CET;2024-12-27;11.8435
B;Business;EUR;Euro;NOK;Norwegian krone;SP;Spot;4;false;0;Units;C;ECB concertation time 14:15 CET;2024-12-30;11.8455
B;Business;EUR;Euro;NOK;Norwegian krone;SP;Spot;4;false;0;Units;C;ECB concertation time 14:15 CET;2024-12-31;11.795
B;Business;EUR;Euro;NOK;Norwegian krone;SP;Spot;4;false;0;Units;C;ECB concertation time 14:15 CET;2025-01-02;11.7173
B;Business;EUR;Euro;NOK;Norwegian krone;SP;Spot;4;false;0;Units;C;ECB concertation time 14:15 CET;2025-01-03;11.713
B;Business;EUR;Euro;NOK;Norwegian krone;SP;Spot;4;false;0;Units;C;ECB concertation time 14:15 CET;2025-01-06;11.7095
B;Business;EUR;Euro;NOK;Norwegian krone;SP;Spot;4;false;0;Units;C;ECB concertation time 14:15 CET;2025-01-07;11.7385
B;Business;EUR;Euro;NOK;Norwegian krone;SP;Spot;4;false;0;Units;C;ECB concertation time 14:15 CET;2025-01-08;11.738
B;Business;EUR;Euro;NOK;Norwegian krone;SP;Spot;4;false;0;Units;C;ECB concertation time 14:15 CET;2025-01-09;11.7605
B;Business;EUR;Euro;NOK;Norwegian krone;SP;Spot;4;false;0;Units;C;ECB concertation time 14:15 CET;2025-01-10;11.757
B;Business;EUR;Euro;NOK;Norwegian krone;SP;Spot;4;false;0;Units;C;ECB concertation time 14:15 CET;2025-01-13;11.709
B;Business;EUR;Euro;NOK;Norwegian krone;SP;Spot;4;false;0;Units;C;ECB concertation time 14:15 CET;2025-01-14;11.7195
B;Business;EUR;Euro;NOK;Norwegian krone;SP;Spot;4;false;0;Units;C;ECB concertation time 14:15 CET;2025-01-15;11.7035
B;Business;EUR;Euro;NOK;Norwegian krone;SP;Spot;4;false;0;Units;C;ECB concertation time 14:15 CET;2025-01-16;11.6965
B;Business;EUR;Euro;NOK;Norwegian krone;SP;Spot;4;false;0;Units;C;ECB concertation time 14:15 CET;2025-01-17;11.759
B;Business;EUR;Euro;NOK;Norwegian krone;SP;Spot;4;false;0;Units;C;ECB concertation time 14:15 CET;2025-01-20;11.7665
B;Business;EUR;Euro;NOK;Norwegian krone;SP;Spot;4;false;0;Units;C;ECB concertation time 14:15 CET;2025-01-21;11.817
B;Business;EUR;Euro;NOK;Norwegian krone;SP;Spot;4;false;0;Units;C;ECB concertation time 14:15 CET;2025-01-22;11.7525
B;Business;EUR;Euro;NOK;Norwegian krone;SP;Spot;4;false;0;Units;C;ECB concertation time 14:15 CET;2025-01-23;11.7305
B;Business;EUR;Euro;NOK;Norwegian krone;SP;Spot;4;false;0;Units;C;ECB concertation time 14:15 CET;2025-01-24;11.7495
B;Business;EUR;Euro;NOK;Norwegian krone;SP;Spot;4;false;0;Units;C;ECB concertation time 14:15 CET;2025-01-27;11.8095
B;Business;EUR;Euro;NOK;Norwegian krone;SP;Spot;4;false;0;Units;C;ECB concertation time 14:15 CET;2025-01-28;11.7785
B;Business;EUR;Euro;NOK;Norwegian krone;SP;Spot;4;false;0;Units;C;ECB concertation time 14:15 CET;2025-01-29;11.7785
B;Business;EUR;Euro;NOK;Norwegian krone;SP;Spot;4;false;0;Units;C;ECB concertation time 14:15 CET;2025-01-30;11.7615
B;Business;EUR;Euro;NOK;Norwegian krone;SP;Spot;4;false;0;Units;C;ECB concertation time 14:15 CET;2025-01-31;11.7373
B;Business;EUR;Euro;NOK;Norwegian krone;SP;Spot;4;false;0;Units;C;ECB concertation time 14:15 CET;2025-02-03;11.7138
B;Business;EUR;Euro;NOK;Norwegian krone;SP;Spot;4;false;0;Units;C;ECB concertation time 14:15 CET;2025-02-04;11.721
B;Business;EUR;Euro;NOK;Norwegian krone;SP;Spot;4;false;0;Units;C;ECB concertation time 14:15 CET;2025-02-05;11.6693
B;Business;EUR;Euro;NOK;Norwegian krone;SP;Spot;4;false;0;Units;C;ECB concertation time 14:15 CET;2025-02-06;11.6585
B;Business;EUR;Euro;NOK;Norwegian krone;SP;Spot;4;false;0;Units;C;ECB concertation time 14:15 CET;2025-02-07;11.625
B;Business;EUR;Euro;NOK;Norwegian krone;SP;Spot;4;false;0;Units;C;ECB concertation time 14:15 CET;2025-02-10;11.5745
B;Business;EUR;Euro;NOK;Norwegian krone;SP;Spot;4;false;0;Units;C;ECB concertation time 14:15 CET;2025-02-11;11.5755
B;Business;EUR;Euro;NOK;Norwegian krone;SP;Spot;4;false;0;Units;C;ECB concertation time 14:15 CET;2025-02-12;11.662
B;Business;EUR;Euro;NOK;Norwegian krone;SP;Spot;4;false;0;Units;C;ECB concertation time 14:15 CET;2025-02-13;11.7145
B;Business;EUR;Euro;NOK;Norwegian krone;SP;Spot;4;false;0;Units;C;ECB concertation time 14:15 CET;2025-02-14;11.6515
B;Business;EUR;Euro;NOK;Norwegian krone;SP;Spot;4;false;0;Units;C;ECB concertation time 14:15 CET;2025-02-17;11.6415
B;Business;EUR;Euro;NOK;Norwegian krone;SP;Spot;4;false;0;Units;C;ECB concertation time 14:15 CET;2025-02-18;11.659
B;Business;EUR;Euro;NOK;Norwegian krone;SP;Spot;4;false;0;Units;C;ECB concertation time 14:15 CET;2025-02-19;11.629
B;Business;EUR;Euro;NOK;Norwegian krone;SP;Spot;4;false;0;Units;C;ECB concertation time 14:15 CET;2025-02-20;11.609
B;Business;EUR;Euro;NOK;Norwegian krone;SP;Spot;4;false;0;Units;C;ECB concertation time 14:15 CET;2025-02-21;11.629
B;Business;EUR;Euro;NOK;Norwegian krone;SP;Spot;4;false;0;Units;C;ECB concertation time 14:15 CET;2025-02-24;11.6355
B;Business;EUR;Euro;NOK;Norwegian krone;SP;Spot;4;false;0;Units;C;ECB concertation time 14:15 CET;2025-02-25;11.6638
B;Business;EUR;Euro;NOK;Norwegian krone;SP;Spot;4;false;0;Units;C;ECB concertation time 14:15 CET;2025-02-26;11.6895
B;Business;EUR;Euro;NOK;Norwegian krone;SP;Spot;4;false;0;Units;C;ECB concertation time 14:15 CET;2025-02-27;11.7015
B;Business;EUR;Euro;NOK;Norwegian krone;SP;Spot;4;false;0;Units;C;ECB concertation time 14:15 CET;2025-02-28;11.7245
B;Business;EUR;Euro;NOK;Norwegian krone;SP;Spot;4;false;0;Units;C;ECB concertation time 14:15 CET;2025-03-03;11.695
B;Business;EUR;Euro;NOK;Norwegian krone;SP;Spot;4;false;0;Units;C;ECB concertation time 14:15 CET;2025-03-04;11.808
B;Business;EUR;Euro;NOK;Norwegian krone;SP;Spot;4;false;0;Units;C;ECB concertation time 14:15 CET;2025-03-05;11.82
B;Business;EUR;Euro;NOK;Norwegian krone;SP;Spot;4;false;0;Units;C;ECB concertation time 14:15 CET;2025-03-06;11.716
B;Business;EUR;Euro;NOK;Norwegian krone;SP;Spot;4;false;0;Units;C;ECB concertation time 14:15 CET;2025-03-07;11.759
B;Business;EUR;Euro;NOK;Norwegian krone;SP;Spot;4;false;0;Units;C;ECB concertation time 14:15 CET;2025-03-10;11.6705
B;Business;EUR;Euro;NOK;Norwegian krone;SP;Spot;4;false;0;Units;C;ECB concertation time 14:15 CET;2025-03-11;11.634
B;Business;EUR;Euro;NOK;Norwegian krone;SP;Spot;4;false;0;Units;C;ECB concertation time 14:15 CET;2025-03-12;11.6085
B;Business;EUR;Euro;NOK;Norwegian krone;SP;Spot;4;false;0;Units;C;ECB concertation time 14:15 CET;2025-03-13;11.5975
B;Business;EUR;Euro;NOK;Norwegian krone;SP;Spot;4;false;0;Units;C;ECB concertation time 14:15 CET;2025-03-14;11.62
B;Business;EUR;Euro;NOK;Norwegian krone;SP;Spot;4;false;0;Units;C;ECB concertation time 14:15 CET;2025-03-17;11.5283
B;Business;EUR;Euro;NOK;Norwegian krone;SP;Spot;4;false;0;Units;C;ECB concertation time 14:15 CET;2025-03-18;11.528
B;Business;EUR;Euro;NOK;Norwegian krone;SP;Spot;4;false;0;Units;C;ECB concertation time 14:15 CET;2025-03-19;11.505
B;Business;EUR;Euro;NOK;Norwegian krone;SP;Spot;4;false;0;Units;C;ECB concertation time 14:15 CET;2025-03-20;11.5025
B;Business;EUR;Euro;NOK;Norwegian krone;SP;Spot;4;false;0;Units;C;ECB concertation time 14:15 CET;2025-03-21;11.401
B;Business;EUR;Euro;NOK;Norwegian krone;SP;Spot;4;false;0;Units;C;ECB concertation time 14:15 CET;2025-03-24;11.3795
B;Business;EUR;Euro;NOK;Norwegian krone;SP;Spot;4;false;0;Units;C;ECB concertation time 14:15 CET;2025-03-25;11.309
B;Business;EUR;Euro;NOK;Norwegian krone;SP;Spot;4;false;0;Units;C;ECB concertation time 14:15 CET;2025-03-26;11.3585
B;Business;EUR;Euro;NOK;Norwegian krone;SP;Spot;4;false;0;Units;C;ECB concertation time 14:15 CET;2025-03-27;11.3435
B;Business;EUR;Euro;NOK;Norwegian krone;SP;Spot;4;false;0;Units;C;ECB concertation time 14:15 CET;2025-03-28;11.294
B;Business;EUR;Euro;NOK;Norwegian krone;SP;Spot;4;false;0;Units;C;ECB concertation time 14:15 CET;2025-03-31;11.413
B;Business;EUR;Euro;NOK;Norwegian krone;SP;Spot;4;false;0;Units;C;ECB concertation time 14:15 CET;2025-04-01;11.318
B;Business;EUR;Euro;NOK;Norwegian krone;SP;Spot;4;false;0;Units;C;ECB concertation time 14:15 CET;2025-04-02;11.2745
B;Business;EUR;Euro;NOK;Norwegian krone;SP;Spot;4;false;0;Units;C;ECB concertation time 14:15 CET;2025-04-03;11.4235
B;Business;EUR;Euro;NOK;Norwegian krone;SP;Spot;4;false;0;Units;C;ECB concertation time 14:15 CET;2025-04-04;11.6815
B;Business;EUR;Euro;NOK;Norwegian krone;SP;Spot;4;false;0;Units;C;ECB concertation time 14:15 CET;2025-04-07;11.9545
B;Business;EUR;Euro;NOK;Norwegian krone;SP;Spot;4;false;0;Units;C;ECB concertation time 14:15 CET;2025-04-08;11.9505
B;Business;EUR;Euro;NOK;Norwegian krone;SP;Spot;4;false;0;Units;C;ECB concertation time 14:15 CET;2025-04-09;12.1195
B;Business;EUR;Euro;NOK;Norwegian krone;SP;Spot;4;false;0;Units;C;ECB concertation time 14:15 CET;2025-04-10;11.9815
B;Business;EUR;Euro;NOK;Norwegian krone;SP;Spot;4;false;0;Units;C;ECB concertation time 14:15 CET;2025-04-11;12.1005
B;Business;EUR;Euro;NOK;Norwegian krone;SP;Spot;4;false;0;Units;C;ECB concertation time 14:15 CET;2025-04-14;12.0205
B;Business;EUR;Euro;NOK;Norwegian krone;SP;Spot;4;false;0;Units;C;ECB concertation time 14:15 CET;2025-04-15;11.9726
B;Business;EUR;Euro;NOK;Norwegian krone;SP;Spot;4;false;0;Units;C;ECB concertation time 14:15 CET;2025-04-16;12.0725
B;Business;EUR;Euro;NOK;Norwegian krone;SP;Spot;4;false;0;Units;C;ECB concertation time 14:15 CET;2025-04-22;11.8885
B;Business;EUR;Euro;NOK;Norwegian krone;SP;Spot;4;false;0;Units;C;ECB concertation time 14:15 CET;2025-04-23;11.891
B;Business;EUR;Euro;NOK;Norwegian krone;SP;Spot;4;false;0;Units;C;ECB concertation time 14:15 CET;2025-04-24;11.8285
B;Business;EUR;Euro;NOK;Norwegian krone;SP;Spot;4;false;0;Units;C;ECB concertation time 14:15 CET;2025-04-25;11.8415
B;Business;EUR;Euro;NOK;Norwegian krone;SP;Spot;4;false;0;Units;C;ECB concertation time 14:15 CET;2025-04-28;11.8615
B;Business;EUR;Euro;NOK;Norwegian krone;SP;Spot;4;false;0;Units;C;ECB concertation time 14:15 CET;2025-04-29;11.8045
B;Business;EUR;Euro;NOK;Norwegian krone;SP;Spot;4;false;0;Units;C;ECB concertation time 14:15 CET;2025-04-30;11.809
B;Business;EUR;Euro;NOK;Norwegian krone;SP;Spot;4;false;0;Units;C;ECB concertation time 14:15 CET;2025-05-02;11.7585
B;Business;EUR;Euro;NOK;Norwegian krone;SP;Spot;4;false;0;Units;C;ECB concertation time 14:15 CET;2025-05-05;11.7885
B;Business;EUR;Euro;NOK;Norwegian krone;SP;Spot;4;false;0;Units;C;ECB concertation time 14:15 CET;2025-05-06;11.7015
B;Business;EUR;Euro;NOK;Norwegian krone;SP;Spot;4;false;0;Units;C;ECB concertation time 14:15 CET;2025-05-07;11.6715
B;Business;EUR;Euro;NOK;Norwegian krone;SP;Spot;4;false;0;Units;C;ECB concertation time 14:15 CET;2025-05-08;11.688
B;Business;EUR;Euro;NOK;Norwegian krone;SP;Spot;4;false;0;Units;C;ECB concertation time 14:15 CET;2025-05-09;11.6725
B;Business;EUR;Euro;NOK;Norwegian krone;SP;Spot;4;false;0;Units;C;ECB concertation time 14:15 CET;2025-05-12;11.596
B;Business;EUR;Euro;NOK;Norwegian krone;SP;Spot;4;false;0;Units;C;ECB concertation time 14:15 CET;2025-05-13;11.5733
B;Business;EUR;Euro;NOK;Norwegian krone;SP;Spot;4;false;0;Units;C;ECB concertation time 14:15 CET;2025-05-14;11.5715
B;Business;EUR;Euro;NOK;Norwegian krone;SP;Spot;4;false;0;Units;C;ECB concertation time 14:15 CET;2025-05-15;11.65
B;Business;EUR;Euro;NOK;Norwegian krone;SP;Spot;4;false;0;Units;C;ECB concertation time 14:15 CET;2025-05-16;11.635
B;Business;EUR;Euro;NOK;Norwegian krone;SP;Spot;4;false;0;Units;C;ECB concertation time 14:15 CET;2025-05-19;11.5955
B;Business;EUR;Euro;NOK;Norwegian krone;SP;Spot;4;false;0;Units;C;ECB concertation time 14:15 CET;2025-05-20;11.5955
B;Business;EUR;Euro;NOK;Norwegian krone;SP;Spot;4;false;0;Units;C;ECB concertation time 14:15 CET;2025-05-21;11.484
B;Business;EUR;Euro;NOK;Norwegian krone;SP;Spot;4;false;0;Units;C;ECB concertation time 14:15 CET;2025-05-22;11.5155
B;Business;EUR;Euro;NOK;Norwegian krone;SP;Spot;4;false;0;Units;C;ECB concertation time 14:15 CET;2025-05-23;11.522
B;Business;EUR;Euro;NOK;Norwegian krone;SP;Spot;4;false;0;Units;C;ECB concertation time 14:15 CET;2025-05-26;11.484
B;Business;EUR;Euro;NOK;Norwegian krone;SP;Spot;4;false;0;Units;C;ECB concertation time 14:15 CET;2025-05-27;11.506
B;Business;EUR;Euro;NOK;Norwegian krone;SP;Spot;4;false;0;Units;C;ECB concertation time 14:15 CET;2025-05-28;11.4945
B;Business;EUR;Euro;NOK;Norwegian krone;SP;Spot;4;false;0;Units;C;ECB concertation time 14:15 CET;2025-05-30;11.5408
B;Business;EUR;Euro;NOK;Norwegian krone;SP;Spot;4;false;0;Units;C;ECB concertation time 14:15 CET;2025-06-02;11.51
B;Business;EUR;Euro;NOK;Norwegian krone;SP;Spot;4;false;0;Units;C;ECB concertation time 14:15 CET;2025-06-03;11.533
B;Business;EUR;Euro;NOK;Norwegian krone;SP;Spot;4;false;0;Units;C;ECB concertation time 14:15 CET;2025-06-04;11.5185
B;Business;EUR;Euro;NOK;Norwegian krone;SP;Spot;4;false;0;Units;C;ECB concertation time 14:15 CET;2025-06-05;11.5265
B;Business;EUR;Euro;NOK;Norwegian krone;SP;Spot;4;false;0;Units;C;ECB concertation time 14:15 CET;2025-06-06;11.524
B;Business;EUR;Euro;NOK;Norwegian krone;SP;Spot;4;false;0;Units;C;ECB concertation time 14:15 CET;2025-06-10;11.5073
B;Business;EUR;Euro;NOK;Norwegian krone;SP;Spot;4;false;0;Units;C;ECB concertation time 14:15 CET;2025-06-11;11.566
B;Business;EUR;Euro;NOK;Norwegian krone;SP;Spot;4;false;0;Units;C;ECB concertation time 14:15 CET;2025-06-12;11.574
B;Business;EUR;Euro;NOK;Norwegian krone;SP;Spot;4;false;0;Units;C;ECB concertation time 14:15 CET;2025-06-13;11.4435
B;Business;EUR;Euro;NOK;Norwegian krone;SP;Spot;4;false;0;Units;C;ECB concertation time 14:15 CET;2025-06-16;11.467
B;Business;EUR;Euro;NOK;Norwegian krone;SP;Spot;4;false;0;Units;C;ECB concertation time 14:15 CET;2025-06-17;11.4175
B;Business;EUR;Euro;NOK;Norwegian krone;SP;Spot;4;false;0;Units;C;ECB concertation time 14:15 CET;2025-06-18;11.4435
B;Business;EUR;Euro;NOK;Norwegian krone;SP;Spot;4;false;0;Units;C;ECB concertation time 14:15 CET;2025-06-19;11.5315
B;Business;EUR;Euro;NOK;Norwegian krone;SP;Spot;4;false;0;Units;C;ECB concertation time 14:15 CET;2025-06-20;11.598
B;Business;EUR;Euro;NOK;Norwegian krone;SP;Spot;4;false;0;Units;C;ECB concertation time 14:15 CET;2025-06-23;11.6635
B;Business;EUR;Euro;NOK;Norwegian krone;SP;Spot;4;false;0;Units;C;ECB concertation time 14:15 CET;2025-06-24;11.713
B;Business;EUR;Euro;NOK;Norwegian krone;SP;Spot;4;false;0;Units;C;ECB concertation time 14:15 CET;2025-06-25;11.782
B;Business;EUR;Euro;NOK;Norwegian krone;SP;Spot;4;false;0;Units;C;ECB concertation time 14:15 CET;2025-06-26;11.8125
B;Business;EUR;Euro;NOK;Norwegian krone;SP;Spot;4;false;0;Units;C;ECB concertation time 14:15 CET;2025-06-27;11.792
B;Business;EUR;Euro;NOK;Norwegian krone;SP;Spot;4;false;0;Units;C;ECB concertation time 14:15 CET;2025-06-30;11.8345
B;Business;EUR;Euro;NOK;Norwegian krone;SP;Spot;4;false;0;Units;C;ECB concertation time 14:15 CET;2025-07-01;11.8445
B;Business;EUR;Euro;NOK;Norwegian krone;SP;Spot;4;false;0;Units;C;ECB concertation time 14:15 CET;2025-07-02;11.878
B;Business;EUR;Euro;NOK;Norwegian krone;SP;Spot;4;false;0;Units;C;ECB concertation time 14:15 CET;2025-07-03;11.875
B;Business;EUR;Euro;NOK;Norwegian krone;SP;Spot;4;false;0;Units;C;ECB concertation time 14:15 CET;2025-07-04;11.847
B;Business;EUR;Euro;NOK;Norwegian krone;SP;Spot;4;false;0;Units;C;ECB concertation time 14:15 CET;2025-07-07;11.8755
B;Business;EUR;Euro;NOK;Norwegian krone;SP;Spot;4;false;0;Units;C;ECB concertation time 14:15 CET;2025-07-08;11.8295
B;Business;EUR;Euro;NOK;Norwegian krone;SP;Spot;4;false;0;Units;C;ECB concertation time 14:15 CET;2025-07-09;11.83
B;Business;EUR;Euro;NOK;Norwegian krone;SP;Spot;4;false;0;Units;C;ECB concertation time 14:15 CET;2025-07-10;11.803
B;Business;EUR;Euro;NOK;Norwegian krone;SP;Spot;4;false;0;Units;C;ECB concertation time 14:15 CET;2025-07-11;11.8305
B;Business;EUR;Euro;NOK;Norwegian krone;SP;Spot;4;false;0;Units;C;ECB concertation time 14:15 CET;2025-07-14;11.803
B;Business;EUR;Euro;NOK;Norwegian krone;SP;Spot;4;false;0;Units;C;ECB concertation time 14:15 CET;2025-07-15;11.8715
B;Business;EUR;Euro;NOK;Norwegian krone;SP;Spot;4;false;0;Units;C;ECB concertation time 14:15 CET;2025-07-16;11.946
B;Business;EUR;Euro;NOK;Norwegian krone;SP;Spot;4;false;0;Units;C;ECB concertation time 14:15 CET;2025-07-17;11.9675
B;Business;EUR;Euro;NOK;Norwegian krone;SP;Spot;4;false;0;Units;C;ECB concertation time 14:15 CET;2025-07-18;11.8335
B;Business;EUR;Euro;NOK;Norwegian krone;SP;Spot;4;false;0;Units;C;ECB concertation time 14:15 CET;2025-07-21;11.866
B;Business;EUR;Euro;NOK;Norwegian krone;SP;Spot;4;false;0;Units;C;ECB concertation time 14:15 CET;2025-07-22;11.8845
B;Business;EUR;Euro;NOK;Norwegian krone;SP;Spot;4;false;0;Units;C;ECB concertation time 14:15 CET;2025-07-23;11.8415
B;Business;EUR;Euro;NOK;Norwegian krone;SP;Spot;4;false;0;Units;C;ECB concertation time 14:15 CET;2025-07-24;11.8765
B;Business;EUR;Euro;NOK;Norwegian krone;SP;Spot;4;false;0;Units;C;ECB concertation time 14:15 CET;2025-07-25;11.8995
B;Business;EUR;Euro;NOK;Norwegian krone;SP;Spot;4;false;0;Units;C;ECB concertation time 14:15 CET;2025-07-28;11.8625
B;Business;EUR;Euro;NOK;Norwegian krone;SP;Spot;4;false;0;Units;C;ECB concertation time 14:15 CET;2025-07-29;11.8165
B;Business;EUR;Euro;NOK;Norwegian krone;SP;Spot;4;false;0;Units;C;ECB concertation time 14:15 CET;2025-07-30;11.7795
B;Business;EUR;Euro;NOK;Norwegian krone;SP;Spot;4;false;0;Units;C;ECB concertation time 14:15 CET;2025-07-31;11.774
B;Business;EUR;Euro;NOK;Norwegian krone;SP;Spot;4;false;0;Units;C;ECB concertation time 14:15 CET;2025-08-01;11.8128
B;Business;EUR;Euro;NOK;Norwegian krone;SP;Spot;4;false;0;Units;C;ECB concertation time 14:15 CET;2025-08-04;11.8745
B;Business;EUR;Euro;NOK;Norwegian krone;SP;Spot;4;false;0;Units;C;ECB concertation time 14:15 CET;2025-08-05;11.857
B;Business;EUR;Euro;NOK;Norwegian krone;SP;Spot;4;false;0;Units;C;ECB concertation time 14:15 CET;2025-08-06;11.8515
B;Business;EUR;Euro;NOK;Norwegian krone;SP;Spot;4;false;0;Units;C;ECB concertation time 14:15 CET;2025-08-07;11.8903
B;Business;EUR;Euro;NOK;Norwegian krone;SP;Spot;4;false;0;Units;C;ECB concertation time 14:15 CET;2025-08-08;11.954
B;Business;EUR;Euro;NOK;Norwegian krone;SP;Spot;4;false;0;Units;C;ECB concertation time 14:15 CET;2025-08-11;11.905
B;Business;EUR;Euro;NOK;Norwegian krone;SP;Spot;4;false;0;Units;C;ECB concertation time 14:15 CET;2025-08-12;11.8938
B;Business;EUR;Euro;NOK;Norwegian krone;SP;Spot;4;false;0;Units;C;ECB concertation time 14:15 CET;2025-08-13;11.944
B;Business;EUR;Euro;NOK;Norwegian krone;SP;Spot;4;false;0;Units;C;ECB concertation time 14:15 CET;2025-08-14;11.9215
B;Business;EUR;Euro;NOK;Norwegian krone;SP;Spot;4;false;0;Units;C;ECB concertation time 14:15 CET;2025-08-15;11.896
B;Business;EUR;Euro;NOK;Norwegian krone;SP;Spot;4;false;0;Units;C;ECB concertation time 14:15 CET;2025-08-18;11.884
B;Business;EUR;Euro;NOK;Norwegian krone;SP;Spot;4;false;0;Units;C;ECB concertation time 14:15 CET;2025-08-19;11.928
B;Business;EUR;Euro;NOK;Norwegian krone;SP;Spot;4;false;0;Units;C;ECB concertation time 14:15 CET;2025-08-20;11.9505
B;Business;EUR;Euro;NOK;Norwegian krone;SP;Spot;4;false;0;Units;C;ECB concertation time 14:15 CET;2025-08-21;11.8505
B;Business;EUR;Euro;NOK;Norwegian krone;SP;Spot;4;false;0;Units;C;ECB concertation time 14:15 CET;2025-08-22;11.8325
B;Business;EUR;Euro;NOK;Norwegian krone;SP;Spot;4;false;0;Units;C;ECB concertation time 14:15 CET;2025-08-25;11.8085
B;Business;EUR;Euro;NOK;Norwegian krone;SP;Spot;4;false;0;Units;C;ECB concertation time 14:15 CET;2025-08-26;11.836
B;Business;EUR;Euro;NOK;Norwegian krone;SP;Spot;4;false;0;Units;C;ECB concertation time 14:15 CET;2025-08-27;11.786
B;Business;EUR;Euro;NOK;Norwegian krone;SP;Spot;4;false;0;Units;C;ECB concertation time 14:15 CET;2025-08-28;11.748
B;Business;EUR;Euro;NOK;Norwegian krone;SP;Spot;4;false;0;Units;C;ECB concertation time 14:15 CET;2025-08-29;11.7465
B;Business;EUR;Euro;NOK;Norwegian krone;SP;Spot;4;false;0;Units;C;ECB concertation time 14:15 CET;2025-09-01;11.7315
B;Business;EUR;Euro;NOK;Norwegian krone;SP;Spot;4;false;0;Units;C;ECB concertation time 14:15 CET;2025-09-02;11.674
B;Business;EUR;Euro;NOK;Norwegian krone;SP;Spot;4;false;0;Units;C;ECB concertation time 14:15 CET;2025-09-03;11.7
B;Business;EUR;Euro;NOK;Norwegian krone;SP;Spot;4;false;0;Units;C;ECB concertation time 14:15 CET;2025-09-04;11.753
B;Business;EUR;Euro;NOK;Norwegian krone;SP;Spot;4;false;0;Units;C;ECB concertation time 14:15 CET;2025-09-05;11.7505
B;Business;EUR;Euro;NOK;Norwegian krone;SP;Spot;4;false;0;Units;C;ECB concertation time 14:15 CET;2025-09-08;11.7125
B;Business;EUR;Euro;NOK;Norwegian krone;SP;Spot;4;false;0;Units;C;ECB concertation time 14:15 CET;2025-09-09;11.7105
B;Business;EUR;Euro;NOK;Norwegian krone;SP;Spot;4;false;0;Units;C;ECB concertation time 14:15 CET;2025-09-10;11.6195
B;Business;EUR;Euro;NOK;Norwegian krone;SP;Spot;4;false;0;Units;C;ECB concertation time 14:15 CET;2025-09-11;11.612
B;Business;EUR;Euro;NOK;Norwegian krone;SP;Spot;4;false;0;Units;C;ECB concertation time 14:15 CET;2025-09-12;11.5845
B;Business;EUR;Euro;NOK;Norwegian krone;SP;Spot;4;false;0;Units;C;ECB concertation time 14:15 CET;2025-09-15;11.5565
B;Business;EUR;Euro;NOK;Norwegian krone;SP;Spot;4;false;0;Units;C;ECB concertation time 14:15 CET;2025-09-16;11.59
B;Business;EUR;Euro;NOK;Norwegian krone;SP;Spot;4;false;0;Units;C;ECB concertation time 14:15 CET;2025-09-17;11.626
B;Business;EUR;Euro;NOK;Norwegian krone;SP;Spot;4;false;0;Units;C;ECB concertation time 14:15 CET;2025-09-18;11.587
B;Business;EUR;Euro;NOK;Norwegian krone;SP;Spot;4;false;0;Units;C;ECB concertation time 14:15 CET;2025-09-19;11.6705
B;Business;EUR;Euro;NOK;Norwegian krone;SP;Spot;4;false;0;Units;C;ECB concertation time 14:15 CET;2025-09-22;11.7025
B;Business;EUR;Euro;NOK;Norwegian krone;SP;Spot;4;false;0;Units;C;ECB concertation time 14:15 CET;2025-09-23;11.672
B;Business;EUR;Euro;NOK;Norwegian krone;SP;Spot;4;false;0;Units;C;ECB concertation time 14:15 CET;2025-09-24;11.688
B;Business;EUR;Euro;NOK;Norwegian krone;SP;Spot;4;false;0;Units;C;ECB concertation time 14:15 CET;2025-09-25;11.689
B;Business;EUR;Euro;NOK;Norwegian krone;SP;Spot;4;false;0;Units;C;ECB concertation time 14:15 CET;2025-09-26;11.7105
B;Business;EUR;Euro;NOK;Norwegian krone;SP;Spot;4;false;0;Units;C;ECB concertation time 14:15 CET;2025-09-29;11.6775
B;Business;EUR;Euro;NOK;Norwegian krone;SP;Spot;4;false;0;Units;C;ECB concertation time 14:15 CET;2025-09-30;11.7265
B;Business;EUR;Euro;NOK;Norwegian krone;SP;Spot;4;false;0;Units;C;ECB concertation time 14:15 CET;2025-10-01;11.658
B;Business;EUR;Euro;NOK;Norwegian krone;SP;Spot;4;false;0;Units;C;ECB concertation time 14:15 CET;2025-10-02;11.675
B;Business;EUR;Euro;NOK;Norwegian krone;SP;Spot;4;false;0;Units;C;ECB concertation time 14:15 CET;2025-10-03;11.6745
B;Business;EUR;Euro;NOK;Norwegian krone;SP;Spot;4;false;0;Units;C;ECB concertation time 14:15 CET;2025-10-06;11.621
B;Business;EUR;Euro;NOK;Norwegian krone;SP;Spot;4;false;0;Units;C;ECB concertation time 14:15 CET;2025-10-07;11.6025
B;Business;EUR;Euro;NOK;Norwegian krone;SP;Spot;4;false;0;Units;C;ECB concertation time 14:15 CET;2025-10-08;11.6125
B;Business;EUR;Euro;NOK;Norwegian krone;SP;Spot;4;false;0;Units;C;ECB concertation time 14:15 CET;2025-10-09;11.624
B;Business;EUR;Euro;NOK;Norwegian krone;SP;Spot;4;false;0;Units;C;ECB concertation time 14:15 CET;2025-10-10;11.6775
B;Business;EUR;Euro;NOK;Norwegian krone;SP;Spot;4;false;0;Units;C;ECB concertation time 14:15 CET;2025-10-13;11.679
B;Business;EUR;Euro;NOK;Norwegian krone;SP;Spot;4;false;0;Units;C;ECB concertation time 14:15 CET;2025-10-14;11.7725
B;Business;EUR;Euro;NOK;Norwegian krone;SP;Spot;4;false;0;Units;C;ECB concertation time 14:15 CET;2025-10-15;11.7225
B;Business;EUR;Euro;NOK;Norwegian krone;SP;Spot;4;false;0;Units;C;ECB concertation time 14:15 CET;2025-10-16;11.734
B;Business;EUR;Euro;NOK;Norwegian krone;SP;Spot;4;false;0;Units;C;ECB concertation time 14:15 CET;2025-10-17;11.7293
B;Business;EUR;Euro;NOK;Norwegian krone;SP;Spot;4;false;0;Units;C;ECB concertation time 14:15 CET;2025-10-20;11.7415
B;Business;EUR;Euro;NOK;Norwegian krone;SP;Spot;4;false;0;Units;C;ECB concertation time 14:15 CET;2025-10-21;11.6693
B;Business;EUR;Euro;NOK;Norwegian krone;SP;Spot;4;false;0;Units;C;ECB concertation time 14:15 CET;2025-10-22;11.643
B;Business;EUR;Euro;NOK;Norwegian krone;SP;Spot;4;false;0;Units;C;ECB concertation time 14:15 CET;2025-10-23;11.583
B;Business;EUR;Euro;NOK;Norwegian krone;SP;Spot;4;false;0;Units;C;ECB concertation time 14:15 CET;2025-10-24;11.6185
B;Business;EUR;Euro;NOK;Norwegian krone;SP;Spot;4;false;0;Units;C;ECB concertation time 14:15 CET;2025-10-27;11.632
B;Business;EUR;Euro;NOK;Norwegian krone;SP;Spot;4;false;0;Units;C;ECB concertation time 14:15 CET;2025-10-28;11.6335
B;Business;EUR;Euro;NOK;Norwegian krone;SP;Spot;4;false;0;Units;C;ECB concertation time 14:15 CET;2025-10-29;11.6385
B;Business;EUR;Euro;NOK;Norwegian krone;SP;Spot;4;false;0;Units;C;ECB concertation time 14:15 CET;2025-10-30;11.6648
B;Business;EUR;Euro;NOK;Norwegian krone;SP;Spot;4;false;0;Units;C;ECB concertation time 14:15 CET;2025-10-31;11.6485
B;Business;EUR;Euro;NOK;Norwegian krone;SP;Spot;4;false;0;Units;C;ECB concertation time 14:15 CET;2025-11-03;11.648
B;Business;EUR;Euro;NOK;Norwegian krone;SP;Spot;4;false;0;Units;C;ECB concertation time 14:15 CET;2025-11-04;11.7265
B;Business;EUR;Euro;NOK;Norwegian krone;SP;Spot;4;false;0;Units;C;ECB concertation time 14:15 CET;2025-11-05;11.749
B;Business;EUR;Euro;NOK;Norwegian krone;SP;Spot;4;false;0;Units;C;ECB concertation time 14:15 CET;2025-11-06;11.7265
B;Business;EUR;Euro;NOK;Norwegian krone;SP;Spot;4;false;0;Units;C;ECB concertation time 14:15 CET;2025-11-07;11.78
B;Business;EUR;Euro;NOK;Norwegian krone;SP;Spot;4;false;0;Units;C;ECB concertation time 14:15 CET;2025-11-10;11.6885
B;Business;EUR;Euro;NOK;Norwegian krone;SP;Spot;4;false;0;Units;C;ECB concertation time 14:15 CET;2025-11-11;11.6605
B;Business;EUR;Euro;NOK;Norwegian krone;SP;Spot;4;false;0;Units;C;ECB concertation time 14:15 CET;2025-11-12;11.6495
B;Business;EUR;Euro;NOK;Norwegian krone;SP;Spot;4;false;0;Units;C;ECB concertation time 14:15 CET;2025-11-13;11.674
B;Business;EUR;Euro;NOK;Norwegian krone;SP;Spot;4;false;0;Units;C;ECB concertation time 14:15 CET;2025-11-14;11.7285
B;Business;EUR;Euro;NOK;Norwegian krone;SP;Spot;4;false;0;Units;C;ECB concertation time 14:15 CET;2025-11-17;11.7005
B;Business;EUR;Euro;NOK;Norwegian krone;SP;Spot;4;false;0;Units;C;ECB concertation time 14:15 CET;2025-11-18;11.7333
B;Business;EUR;Euro;NOK;Norwegian krone;SP;Spot;4;false;0;Units;C;ECB concertation time 14:15 CET;2025-11-19;11.748
B;Business;EUR;Euro;NOK;Norwegian krone;SP;Spot;4;false;0;Units;C;ECB concertation time 14:15 CET;2025-11-20;11.7405
B;Business;EUR;Euro;NOK;Norwegian krone;SP;Spot;4;false;0;Units;C;ECB concertation time 14:15 CET;2025-11-21;11.794
B;Business;EUR;Euro;NOK;Norwegian krone;SP;Spot;4;false;0;Units;C;ECB concertation time 14:15 CET;2025-11-24;11.7945
B;Business;EUR;Euro;NOK;Norwegian krone;SP;Spot;4;false;0;Units;C;ECB concertation time 14:15 CET;2025-11-25;11.848
B;Business;EUR;Euro;NOK;Norwegian krone;SP;Spot;4;false;0;Units;C;ECB concertation time 14:15 CET;2025-11-26;11.8468
B;Business;EUR;Euro;NOK;Norwegian krone;SP;Spot;4;false;0;Units;C;ECB concertation time 14:15 CET;2025-11-27;11.803
B;Business;EUR;Euro;NOK;Norwegian krone;SP;Spot;4;false;0;Units;C;ECB concertation time 14:15 CET;2025-11-28;11.7645
B;Business;EUR;Euro;NOK;Norwegian krone;SP;Spot;4;false;0;Units;C;ECB concertation time 14:15 CET;2025-12-01;11.771
B;Business;EUR;Euro;NOK;Norwegian krone;SP;Spot;4;false;0;Units;C;ECB concertation time 14:15 CET;2025-12-02;11.789
B;Business;EUR;Euro;NOK;Norwegian krone;SP;Spot;4;false;0;Units;C;ECB concertation time 14:15 CET;2025-12-03;11.758
B;Business;EUR;Euro;NOK;Norwegian krone;SP;Spot;4;false;0;Units;C;ECB concertation time 14:15 CET;2025-12-04;11.782
B;Business;EUR;Euro;NOK;Norwegian krone;SP;Spot;4;false;0;Units;C;ECB concertation time 14:15 CET;2025-12-05;11.755
B;Business;EUR;Euro;NOK;Norwegian krone;SP;Spot;4;false;0;Units;C;ECB concertation time 14:15 CET;2025-12-08;11.786
B;Business;EUR;Euro;NOK;Norwegian krone;SP;Spot;4;false;0;Units;C;ECB concertation time 14:15 CET;2025-12-09;11.7845
B;Business;EUR;Euro;NOK;Norwegian krone;SP;Spot;4;false;0;Units;C;ECB concertation time 14:15 CET;2025-12-10;11.809
B;Business;EUR;Euro;NOK;Norwegian krone;SP;Spot;4;false;0;Units;C;ECB concertation time 14:15 CET;2025-12-11;11.825
B;Business;EUR;Euro;NOK;Norwegian krone;SP;Spot;4;false;0;Units;C;ECB concertation time 14:15 CET;2025-12-12;11.856
B;Business;EUR;Euro;NOK;Norwegian krone;SP;Spot;4;false;0;Units;C;ECB concertation time 14:15 CET;2025-12-15;11.9075
B;Business;EUR;Euro;NOK;Norwegian krone;SP;Spot;4;false;0;Units;C;ECB concertation time 14:15 CET;2025-12-16;11.985
B;Business;EUR;Euro;NOK;Norwegian krone;SP;Spot;4;false;0;Units;C;ECB concertation time 14:15 CET;2025-12-17;11.9858
B;Business;EUR;Euro;NOK;Norwegian krone;SP;Spot;4;false;0;Units;C;ECB concertation time 14:15 CET;2025-12-18;11.9545
B;Business;EUR;Euro;NOK;Norwegian krone;SP;Spot;4;false;0;Units;C;ECB concertation time 14:15 CET;2025-12-19;11.915
B;Business;EUR;Euro;NOK;Norwegian krone;SP;Spot;4;false;0;Units;C;ECB concertation time 14:15 CET;2025-12-22;11.8875
B;Business;EUR;Euro;NOK;Norwegian krone;SP;Spot;4;false;0;Units;C;ECB concertation time 14:15 CET;2025-12-23;11.849
